Customer_ID,Month,Electricity_Consumption_kWh,Previous_Month_Consumption,Peak_Consumption,Off_Peak_Consumption,Voltage,Current,Power_Factor,Meter_Age,Number_of_Meter_Readings,Location_Type,Customer_Type,Theft_Flag_GroundTruth,Average_Consumption_3_Months,Average_Consumption_6_Months
C00211,4,228.18,166.87,161.4,66.79,227.56,1.623,0.858,11,30,Urban,Residential,0,170.11333333333334,170.11333333333334
C00016,4,382.89,352.38,221.25,161.63,222.61,2.474,0.966,4,30,Semi-Urban,Residential,0,305.5233333333333,305.5233333333333
C00553,6,331.17,347.94,203.74,127.43,231.03,2.034,0.979,2,29,Urban,Residential,0,377.34999999999997,354.818
C01004,4,297.82,262.39,220.26,77.56,223.8,1.881,0.983,14,30,Rural,Residential,0,251.29999999999998,251.29999999999998
C00950,1,205.57,,135.47,70.09,223.78,1.399,0.912,10,29,Urban,Residential,0,,
C00777,6,950.53,1197.55,683.14,267.39,222.64,6.584,0.901,15,30,Urban,Commercial,0,1007.9466666666667,963.2720000000002
C00448,2,257.4,256.6,177.62,79.78,239.68,1.679,0.888,11,30,Semi-Urban,Residential,0,256.6,256.6
C00139,1,423.31,,280.5,142.81,225.08,2.896,0.902,7,30,Semi-Urban,Commercial,0,,
C01182,3,240.46,183.81,134.97,105.5,231.49,1.517,0.951,15,30,Semi-Urban,Residential,0,193.375,193.375
C00320,6,399.59,373.72,271.98,127.61,227.34,2.652,0.921,8,28,Urban,Residential,0,339.75,310.488
C00591,3,303.58,321.76,184.64,118.93,224.58,2.2,0.853,7,30,Rural,Residential,0,298.14,298.14
C00732,6,979.56,1081.46,681.87,297.69,234.7,6.171,0.939,6,29,Urban,Commercial,0,1067.12,993.5360000000001
C01243,6,232.01,191.13,148.57,83.45,233.59,1.662,0.83,12,29,Urban,Residential,0,183.96333333333334,180.636
C00933,3,354.6,326.82,218.87,135.74,232.73,2.268,0.933,11,28,Semi-Urban,Residential,0,305.28,305.28
C00409,2,248.76,270.01,171.44,77.33,233.89,1.712,0.863,8,29,Urban,Residential,0,270.01,270.01
C01409,1,209.35,,135.63,73.72,,1.394,0.926,10,30,Semi-Urban,Residential,0,,
C00911,6,848.24,1001.02,522.6,325.64,229.94,5.737,0.893,16,29,Urban,Commercial,0,1024.3766666666668,919.3459999999999
C00123,2,221.62,192.87,128.39,93.23,234.76,1.393,0.941,10,28,Urban,Residential,0,192.87,192.87
C00729,1,206.37,,150.99,55.38,226.36,1.34,0.945,4,28,Semi-Urban,Residential,0,,
C00277,4,676.04,507.12,374.31,301.73,225.08,,0.791,15,28,Semi-Urban,Commercial,0,510.2033333333334,510.2033333333334
C01217,6,305.25,385.53,218.12,87.13,230.5,2.028,0.907,14,30,Urban,Residential,0,303.8566666666666,279.536
C01328,6,308.8,259.52,203.26,105.55,235.73,1.838,0.99,9,30,Semi-Urban,Residential,0,238.83333333333334,232.096
C00267,2,305.23,338.81,179.63,125.6,225.89,1.905,0.985,17,29,Rural,Residential,0,338.81,338.81
C00780,5,303.31,393.9,219.5,83.81,236.7,1.987,0.896,13,29,Urban,Residential,0,341.9533333333334,322.6075
C00787,2,666.14,808.54,412.49,253.65,223.49,4.294,0.964,9,30,Urban,Commercial,0,808.54,808.54
C00439,1,166.61,,111.15,55.47,233.82,1.068,0.927,5,30,Urban,Residential,0,,
C00487,2,150.24,176.14,89.75,60.49,237.22,1.005,0.876,5,30,Urban,Residential,0,176.14,176.14
C01185,2,151.33,162.14,104.63,46.69,230.4,0.984,0.927,4,29,Rural,Residential,0,162.14,162.14
C01273,1,258.58,,147.31,111.27,233.01,1.59,0.969,10,29,Semi-Urban,Residential,0,,
C00997,6,208.09,646.63,118.07,90.02,233.76,1.298,0.952,3,30,Urban,Commercial,1,744.4566666666666,707.396
C01304,3,330.76,247.09,244.26,86.51,240.78,1.983,0.962,14,30,Rural,Residential,0,297.0,297.0
C00915,2,1841.31,1811.57,1277.85,563.47,234.14,11.261,0.97,4,30,Urban,Industrial,0,1811.57,1811.57
C01307,4,132.26,225.46,90.34,41.91,228.06,1.895,0.425,4,28,Rural,Residential,1,208.96333333333334,208.96333333333334
C01301,4,206.69,177.63,115.36,91.33,227.5,1.292,0.977,8,28,Semi-Urban,Residential,0,160.50333333333333,160.50333333333333
C01127,4,344.19,363.58,243.41,100.78,225.5,2.295,0.924,16,29,Urban,Residential,0,323.24666666666667,323.24666666666667
C00239,2,278.78,328.96,164.3,114.48,229.49,1.848,0.913,8,28,Semi-Urban,Residential,0,328.96,328.96
C00524,5,808.94,698.23,490.16,318.78,231.15,5.339,0.91,18,28,Urban,Commercial,0,614.18,584.38
C01352,6,489.76,513.57,288.63,201.13,216.3,,0.942,0,30,Semi-Urban,Commercial,0,504.21000000000004,469.95
C00161,6,168.01,165.39,106.56,61.46,229.8,1.203,0.844,17,29,Urban,Residential,0,150.92333333333332,139.122
C01399,2,201.82,203.25,141.78,60.04,233.99,1.25,0.958,0,30,Urban,Residential,0,203.25,203.25
C00095,4,257.54,219.42,169.76,87.77,228.2,1.583,0.99,9,30,Rural,Residential,0,203.79333333333332,203.79333333333332
C00127,6,203.1,218.61,141.08,62.02,220.77,1.343,0.951,14,30,Urban,Residential,0,214.2266666666667,202.1
C00522,1,260.48,,159.86,100.62,239.42,1.69,0.894,8,28,Urban,Residential,0,,
C00279,3,958.36,901.61,584.84,373.52,230.25,6.467,0.894,13,29,Urban,Commercial,0,820.89,820.89
C00371,2,3669.52,3799.16,2052.38,1617.14,225.68,24.533,0.921,3,30,Urban,Industrial,0,3799.16,3799.16
C00940,2,758.51,630.43,510.8,247.71,231.35,5.097,0.893,5,30,Urban,Commercial,0,630.43,630.43
C01244,1,2236.57,,1425.69,810.88,220.79,15.271,0.921,14,29,Rural,Industrial,0,,
C01028,2,157.26,140.52,87.8,69.46,231.37,1.08,0.874,12,29,Urban,Residential,0,140.52,140.52
C00196,6,304.72,292.73,221.33,83.39,237.46,1.934,0.921,10,30,Semi-Urban,Residential,0,278.8866666666667,249.942
C00895,1,206.92,,136.94,69.98,233.27,1.254,0.982,4,29,Semi-Urban,Residential,0,,
C00176,3,526.05,422.29,338.1,187.95,228.68,3.418,0.935,8,29,Rural,Commercial,0,468.81500000000005,468.81500000000005
C00980,3,5234.42,4918.07,3891.01,1343.4,231.31,32.999,0.952,5,30,Semi-Urban,Industrial,0,5105.46,5105.46
C00229,6,243.34,286.27,161.01,82.33,234.97,1.532,0.939,8,28,Urban,Residential,0,262.7133333333333,244.904
C00014,3,231.77,218.42,164.05,67.71,238.44,1.413,0.955,13,29,Urban,Residential,0,234.01,234.01
C01005,6,362.69,372.22,225.25,137.44,230.77,2.34,0.933,18,30,Urban,Residential,0,344.06333333333333,329.742
C00289,3,236.64,230.75,144.86,91.78,213.12,1.71,0.902,15,30,Urban,Residential,0,220.695,220.695
C01377,2,167.47,162.46,97.24,70.24,225.81,1.047,0.984,0,28,Rural,Residential,0,162.46,162.46
C00287,5,235.92,253.17,156.89,79.03,234.22,1.585,0.882,12,28,Semi-Urban,Residential,0,203.68999999999997,198.42499999999998
C00075,4,267.87,263.53,194.16,73.71,226.59,1.839,0.893,12,29,Urban,Residential,0,232.8033333333333,232.8033333333333
C00408,5,149.1,164.65,111.57,37.53,221.64,0.992,0.942,9,29,Urban,Residential,0,138.78,133.565
C00811,2,3241.82,2546.76,1892.53,1349.28,224.27,21.958,0.914,8,29,Urban,Industrial,0,2546.76,2546.76
C01124,3,934.93,954.15,639.85,295.09,234.93,5.583,0.99,12,28,Rural,Commercial,0,891.8399999999999,891.8399999999999
C00814,4,157.98,118.81,88.23,69.75,226.78,0.996,0.971,10,29,Urban,Residential,0,110.49333333333334,110.49333333333334
C00522,3,313.39,265.57,173.11,140.27,225.59,2.274,0.848,8,28,Urban,Residential,0,263.025,263.025
C01413,6,284.88,300.65,187.94,96.94,227.1,1.954,0.891,1,30,Urban,Residential,0,219.67333333333332,205.704
C01272,5,292.52,340.12,166.56,125.97,233.53,1.955,0.89,18,30,Rural,Residential,0,294.3933333333333,278.53
C01125,3,225.61,203.43,155.62,69.98,228.94,1.503,0.911,7,28,Rural,Residential,0,177.645,177.645
C00213,6,1188.97,1126.29,688.21,500.76,224.01,8.771,0.84,0,30,Semi-Urban,Commercial,0,951.4333333333334,899.3439999999998
C00566,4,357.01,290.89,219.1,137.91,232.79,2.501,0.852,11,29,Urban,Residential,0,303.3,303.3
C01430,5,246.69,199.42,184.15,62.54,230.02,1.647,0.904,14,28,Rural,Residential,0,185.21,183.515
C01295,3,345.05,359.73,229.85,115.2,225.91,2.348,0.903,1,30,Semi-Urban,Residential,0,337.09000000000003,337.09000000000003
C00324,4,251.82,250.61,166.81,85.01,227.69,1.745,0.88,9,30,Urban,Residential,0,208.79333333333332,208.79333333333332
C01388,5,384.59,309.65,240.18,144.41,236.08,2.305,0.982,6,29,Urban,Residential,0,312.13666666666666,301.64750000000004
C00253,1,307.41,,188.65,118.77,228.61,2.034,0.918,4,29,Semi-Urban,Residential,0,,
C01088,5,470.23,508.62,305.27,164.96,233.75,3.187,0.877,11,28,Urban,Commercial,0,363.9866666666667,358.27
C00438,1,206.15,,148.88,57.26,232.12,1.262,0.977,4,30,Urban,Residential,0,,
C00987,5,164.39,184.36,91.26,73.13,235.43,1.052,0.922,4,29,Urban,Residential,0,162.40333333333334,154.4075
C01213,2,173.06,178.32,112.37,60.69,225.87,1.194,0.891,3,30,Semi-Urban,Residential,0,178.32,178.32
C00796,3,2066.51,1808.51,1185.9,880.61,229.23,13.657,0.917,8,30,Rural,Industrial,0,1886.3049999999998,1886.3049999999998
C00229,2,227.13,209.25,162.15,64.98,241.83,1.403,0.93,8,30,Urban,Residential,0,209.25,209.25
C00289,4,245.4,236.64,180.73,64.67,235.02,1.54,0.942,15,30,Urban,Residential,0,226.01,226.01
C01391,6,1257.31,1161.7,747.71,509.6,240.67,8.095,0.896,7,30,Semi-Urban,Commercial,0,1096.4433333333334,1040.56
C00752,4,210.08,186.05,144.43,65.65,226.15,1.346,0.959,3,28,Urban,Residential,0,167.80666666666667,167.80666666666667
C00219,6,199.38,200.82,141.5,57.88,224.72,1.322,0.932,9,30,Semi-Urban,Residential,0,194.68666666666664,179.208
C00748,2,3899.77,4230.93,2881.6,1018.17,226.79,24.124,0.99,1,29,Urban,Industrial,0,4230.93,4230.93
C00509,6,314.76,260.19,214.94,99.82,230.59,2.235,0.848,0,29,Urban,Residential,0,267.43333333333334,242.74
C00352,6,353.59,349.41,211.49,142.11,226.03,2.455,0.885,18,28,Urban,Residential,0,302.37000000000006,275.052
C00901,5,327.02,335.1,244.44,82.58,235.18,2.081,0.928,18,30,Rural,Residential,0,292.67333333333335,281.4225
C01030,6,147.04,146.69,106.77,40.27,229.64,0.992,0.896,15,30,Semi-Urban,Residential,0,147.79666666666665,133.1
C01183,6,192.98,187.35,108.0,84.98,,1.201,0.951,15,30,Urban,Residential,0,174.7733333333333,161.85
C00619,3,155.36,129.57,85.8,69.56,227.67,1.001,0.946,4,30,Urban,Residential,0,132.14,132.14
C00029,2,3016.12,3539.94,1759.63,1256.49,237.5,18.488,0.954,0,28,Urban,Industrial,0,3539.94,3539.94
C00571,5,409.11,247.98,230.68,178.43,225.3,2.872,0.878,1,29,Urban,Residential,0,310.29333333333335,306.8525
C00818,5,386.22,281.28,213.53,172.69,227.15,2.7,0.874,3,30,Urban,Residential,0,280.8733333333333,273.78249999999997
C00652,5,301.57,342.86,181.63,119.94,224.72,2.177,0.856,7,30,Urban,Residential,0,320.31,307.1675
C00170,5,643.85,720.08,433.66,210.19,232.89,4.092,0.938,15,30,Urban,Commercial,0,584.5633333333334,588.0575
C01402,4,184.24,171.45,129.25,54.99,232.93,1.225,0.897,19,29,Semi-Urban,Residential,0,157.0533333333333,157.0533333333333
C00969,5,305.44,319.32,208.9,96.55,222.78,2.046,0.931,3,28,Urban,Residential,0,274.46333333333337,258.8575
C01386,3,1040.2,1008.99,720.88,319.33,234.46,6.703,0.919,10,30,Rural,Commercial,0,1053.06,1053.06
C00352,2,262.76,205.39,161.88,100.88,226.85,1.814,0.887,18,29,Urban,Residential,0,205.39,205.39
C00718,1,596.37,,348.17,248.2,238.91,3.818,0.908,2,28,Urban,Commercial,0,,
C00313,6,1184.87,1102.57,661.28,523.59,229.3,7.249,0.99,17,30,Urban,Commercial,0,1001.6033333333334,964.008
C00854,6,294.56,276.52,197.26,97.3,235.13,1.963,0.886,8,28,Urban,Residential,0,260.34666666666664,234.26
C00177,1,209.46,,153.02,56.43,238.55,1.44,0.847,8,29,Urban,Residential,0,,
C00871,2,497.02,487.83,296.86,200.16,234.75,3.36,0.875,9,28,Rural,Commercial,0,487.83,487.83
C01476,4,793.0,744.97,501.35,291.64,230.33,5.175,0.924,4,29,Rural,Commercial,0,635.12,635.12
C00543,3,166.61,147.71,118.83,47.77,225.27,1.131,0.908,3,30,Semi-Urban,Residential,0,139.85000000000002,139.85000000000002
C00306,6,937.66,810.64,621.74,315.92,226.43,6.485,0.887,11,30,Semi-Urban,Commercial,0,819.27,726.4159999999999
C00588,3,96.41,103.42,42.05,54.36,233.45,1.03,0.557,13,25,Rural,Residential,1,109.265,109.265
C01066,5,184.06,194.13,107.34,76.72,230.63,1.165,0.951,14,29,Semi-Urban,Residential,0,163.61666666666667,161.15
C00271,4,282.74,274.95,205.41,77.33,236.73,1.719,0.965,12,29,Semi-Urban,Residential,0,241.56333333333336,241.56333333333336
C00564,5,5200.45,5690.27,3578.51,1621.94,226.64,34.842,0.915,15,30,Urban,Industrial,0,4805.89,4856.842500000001
C00460,2,300.96,287.22,199.37,101.59,236.15,2.043,0.866,14,30,Rural,Residential,0,287.22,287.22
C01461,5,185.29,183.08,112.07,73.22,239.2,1.239,0.868,12,29,Rural,Residential,0,171.01000000000002,162.25
C00502,6,146.87,134.72,85.6,61.26,220.17,0.971,0.955,16,29,Urban,Residential,0,137.4033333333333,130.9
C00810,3,235.62,244.45,163.93,71.68,234.6,1.648,0.847,7,30,Rural,Residential,0,243.70499999999998,243.70499999999998
C00015,5,29.31,100.57,20.78,8.53,241.95,0.188,0.896,18,15,Rural,Residential,1,128.04333333333332,129.76999999999998
C01289,1,137.47,,98.18,39.29,230.7,0.957,0.865,3,30,Urban,Residential,0,,
C00877,2,250.61,261.0,170.46,80.15,222.63,1.671,0.936,16,30,Rural,Residential,0,261.0,261.0
C00117,5,336.81,384.06,230.57,106.24,235.34,2.11,0.942,15,29,Semi-Urban,Residential,0,313.0566666666666,302.18
C00124,6,2133.27,2011.24,1228.29,904.97,232.92,14.053,0.905,1,30,Urban,Industrial,0,1771.9799999999998,1809.33
C01352,4,516.75,482.31,323.29,193.46,233.01,3.373,0.913,0,30,Semi-Urban,Commercial,0,439.81,439.81
C00915,4,2949.9,2384.12,1896.09,1053.81,226.52,18.27,0.99,4,28,Urban,Industrial,0,2012.3333333333333,2012.3333333333333
C01247,2,208.11,170.87,143.26,64.85,224.48,1.34,0.961,19,30,Urban,Residential,0,170.87,170.87
C01011,6,575.62,685.3,324.62,251.0,234.57,3.6,0.947,4,29,Semi-Urban,Commercial,0,638.5866666666667,603.566
C00866,3,425.07,434.69,304.13,120.93,229.19,2.916,0.883,10,30,Semi-Urban,Commercial,0,433.28499999999997,433.28499999999997
C00905,5,1101.74,1055.75,689.06,412.67,238.0,7.228,0.889,6,29,Urban,Commercial,0,849.1366666666667,802.8299999999999
C00948,3,226.72,215.8,141.56,85.16,226.21,1.488,0.935,13,29,Semi-Urban,Residential,0,218.92000000000002,218.92000000000002
C01078,2,204.23,188.97,126.83,77.39,228.76,1.287,0.964,5,30,Semi-Urban,Residential,0,188.97,188.97
C00645,6,267.12,255.25,179.07,88.05,231.96,2.294,0.697,15,30,Urban,Residential,1,285.2366666666667,296.392
C01102,1,281.48,,161.47,120.0,231.4,1.903,0.888,12,29,Semi-Urban,Residential,0,,
C00491,5,846.82,842.07,472.52,374.3,229.83,5.63,0.909,17,30,Semi-Urban,Commercial,0,756.7466666666666,744.6975
C01154,2,227.51,259.14,148.0,79.51,236.32,1.455,0.919,6,29,Rural,Residential,0,259.14,259.14
C00266,6,199.71,214.89,130.08,69.63,228.92,1.362,0.89,9,29,Urban,Residential,0,195.29333333333332,174.872
C01262,1,181.09,,133.94,47.14,224.98,1.192,0.938,0,28,Semi-Urban,Residential,0,,
C01358,3,2353.82,2263.2,1362.57,991.25,233.69,15.447,0.906,11,29,Semi-Urban,Industrial,0,2171.24,2171.24
C00782,6,336.46,389.5,208.34,128.12,233.64,2.225,0.899,0,30,Urban,Residential,0,335.68333333333334,317.03000000000003
C00910,1,240.5,,160.62,79.88,227.76,1.603,0.915,4,29,Semi-Urban,Residential,0,,
C01269,5,381.44,357.3,279.7,101.75,239.06,2.558,0.866,12,30,Semi-Urban,Residential,0,326.7833333333333,324.105
C01176,4,291.31,262.7,188.96,102.34,227.1,2.056,0.867,9,28,Semi-Urban,Residential,0,243.67666666666665,243.67666666666665
C01303,3,127.7,149.85,77.68,50.02,231.94,0.814,0.94,15,28,Urban,Residential,0,147.8,147.8
C00683,1,2765.26,,1790.95,974.3,225.47,17.684,0.963,17,30,Urban,Industrial,0,,
C01459,2,264.52,252.4,176.48,88.03,235.06,1.728,0.905,6,30,Urban,Residential,0,252.4,252.4
C00013,5,264.38,222.23,191.6,72.78,226.5,1.746,0.929,9,30,Semi-Urban,Residential,0,211.53666666666663,201.485
C00931,1,203.35,,115.63,87.71,230.4,1.284,0.955,1,30,Semi-Urban,Residential,0,,
C01139,5,4017.04,4111.41,2388.31,1628.73,236.78,24.8,0.95,15,29,Semi-Urban,Industrial,0,3297.0399999999995,3306.66
C00806,5,236.52,37.13,165.55,70.96,229.75,1.564,0.914,17,30,Semi-Urban,Residential,0,76.92333333333333,87.865
C00260,5,363.45,283.3,221.63,141.81,233.0,2.337,0.927,8,29,Semi-Urban,Residential,0,253.45333333333335,246.81
C01206,5,151.8,226.82,102.35,49.45,226.01,1.003,0.93,11,30,Rural,Residential,0,160.04999999999998,151.64499999999998
C00995,5,149.9,182.91,106.91,42.99,224.73,1.665,0.556,3,29,Urban,Residential,1,172.99,164.3825
C00656,5,1328.01,1240.25,929.47,398.53,237.83,7.834,0.99,3,30,Urban,Commercial,0,1076.0900000000001,1035.7575000000002
C00323,3,322.67,276.42,209.44,113.23,234.48,2.064,0.926,0,30,Semi-Urban,Residential,0,292.46000000000004,292.46000000000004
C00899,1,4641.18,,2954.12,1687.06,222.85,31.922,0.906,2,29,Semi-Urban,Industrial,0,,
C00086,2,143.23,198.81,80.66,62.57,226.02,0.964,0.913,18,30,Semi-Urban,Residential,0,198.81,198.81
C01483,3,228.84,260.65,150.07,78.77,236.22,1.43,0.941,16,30,Urban,Residential,0,241.755,241.755
C00225,6,139.84,148.3,79.31,60.53,229.78,0.929,0.91,4,28,Urban,Residential,0,139.80333333333334,131.772
C00922,3,423.91,431.75,235.64,188.27,227.9,2.61,0.99,0,29,Rural,Commercial,0,390.435,390.435
C00094,6,480.16,490.9,295.64,184.52,229.14,3.187,0.913,8,28,Semi-Urban,Commercial,0,440.4433333333333,427.276
C01353,5,400.71,377.95,255.02,145.69,228.73,2.801,0.869,8,30,Rural,Residential,0,305.95000000000005,297.765
C01042,6,1359.91,1322.64,756.09,603.82,226.61,9.009,0.925,7,30,Urban,Commercial,0,1292.42,1247.6740000000002
C00042,3,733.36,659.85,412.93,320.42,237.46,4.718,0.909,3,29,Urban,Commercial,0,656.175,656.175
C01345,4,152.64,183.14,105.88,46.76,230.02,1.097,0.84,19,30,Urban,Residential,0,158.33666666666667,158.33666666666667
C00328,1,287.05,,206.16,80.89,236.72,1.78,0.946,10,30,Urban,Residential,0,,
C01141,6,145.29,144.27,102.02,43.27,224.59,0.998,0.9,16,30,Urban,Residential,0,144.62333333333333,135.244
C00577,4,302.49,280.67,180.51,121.98,228.43,1.948,0.944,19,28,Urban,Residential,0,247.49666666666667,247.49666666666667
C00573,2,3659.38,4066.09,2665.56,993.82,237.46,22.468,0.953,0,29,Semi-Urban,Industrial,0,4066.09,4066.09
C01066,4,194.13,152.69,121.71,72.42,228.43,1.251,0.944,14,29,Semi-Urban,Residential,0,150.15666666666667,150.15666666666667
C00376,3,1200.35,1151.71,694.91,505.44,230.86,8.056,0.896,10,30,Urban,Commercial,0,1041.0900000000001,1041.0900000000001
C01106,3,4442.63,4330.61,2845.47,1597.15,229.09,28.304,0.952,16,30,Rural,Industrial,0,4086.2349999999997,4086.2349999999997
C01383,5,180.16,173.71,105.29,74.87,225.75,1.157,0.958,2,30,Urban,Residential,0,138.79666666666665,137.255
C00821,1,296.8,,214.72,82.09,232.64,1.952,0.908,11,30,Semi-Urban,Residential,0,,
C01045,3,1964.38,1875.69,1453.86,510.51,,12.938,0.938,7,30,Semi-Urban,Industrial,0,1894.065,1894.065
C00194,5,161.87,154.84,91.38,70.49,220.12,1.153,0.886,2,30,Urban,Residential,0,134.92333333333332,129.505
C01054,4,210.44,221.21,136.17,74.26,228.92,1.367,0.934,6,30,Rural,Residential,0,191.67333333333332,191.67333333333332
C01459,6,424.69,330.77,264.02,160.67,234.62,2.797,0.899,6,28,Urban,Residential,0,346.1066666666666,311.04799999999994
C00787,5,433.25,633.39,310.54,122.7,226.42,2.929,0.907,9,28,Urban,Commercial,1,513.0966666666667,586.9575
C00722,3,195.77,173.06,122.72,73.05,231.44,1.3,0.904,17,30,Urban,Residential,0,173.535,173.535
C00879,6,244.97,244.3,164.56,80.41,230.92,1.524,0.967,6,30,Urban,Residential,0,245.67,228.096
C00180,3,158.78,121.05,89.56,69.23,232.68,1.102,0.86,2,28,Semi-Urban,Residential,0,138.885,138.885
C01111,1,340.23,,238.62,101.61,236.03,2.271,0.882,17,28,Urban,Residential,0,,
C01412,6,227.25,41.64,150.24,77.01,226.09,1.496,0.933,16,30,Urban,Residential,0,90.12,124.75999999999999
C01189,1,159.88,,99.21,60.67,227.72,1.179,0.827,12,28,Semi-Urban,Residential,0,,
C00643,4,217.97,194.4,151.59,66.38,228.47,1.368,0.968,10,29,Urban,Residential,0,184.56000000000003,184.56000000000003
C00706,6,210.86,232.52,147.53,63.33,224.44,1.515,0.861,1,30,Semi-Urban,Residential,0,222.77666666666664,209.38600000000002
C00446,4,3442.73,3049.03,2305.51,1137.22,226.45,21.398,0.987,0,29,Semi-Urban,Industrial,0,2678.9966666666664,2678.9966666666664
C00589,5,270.28,259.98,193.94,76.35,228.48,1.825,0.9,3,30,Urban,Residential,0,240.1866666666667,233.4
C00016,6,344.55,433.45,242.04,102.51,230.36,2.306,0.901,4,30,Semi-Urban,Residential,0,389.5733333333333,346.582
C00946,5,166.61,151.18,95.17,71.44,233.46,1.111,0.892,0,28,Semi-Urban,Residential,0,138.26333333333335,135.5325
C00445,1,661.53,,439.27,222.26,234.57,4.446,0.881,13,29,Urban,Commercial,0,,
C01410,4,174.22,91.47,102.17,72.05,223.49,1.147,0.944,6,29,Urban,Residential,0,129.53,129.53
C01102,2,282.01,281.48,207.05,74.96,231.69,1.799,0.94,12,30,Semi-Urban,Residential,0,281.48,281.48
C01225,6,540.34,415.96,312.8,227.54,227.72,3.516,0.937,17,28,Urban,Commercial,0,477.8333333333333,450.412
C00053,4,373.33,324.43,264.66,108.68,230.01,2.541,0.887,17,30,Semi-Urban,Residential,0,338.72,338.72
C01454,2,199.93,194.61,122.05,77.88,221.7,1.409,0.889,4,30,Rural,Residential,0,194.61,194.61
C00204,5,4296.66,5164.94,2767.13,1529.53,233.27,,0.939,12,29,Urban,Industrial,0,4450.8533333333335,4284.28
C00173,3,168.43,141.75,121.69,46.74,226.64,1.115,0.925,11,30,Urban,Residential,0,144.24,144.24
C01336,6,752.83,644.7,447.63,305.2,228.09,4.909,0.934,18,28,Semi-Urban,Commercial,0,580.4033333333333,573.472
C01293,4,319.37,283.63,237.05,82.32,229.42,2.103,0.919,12,28,Semi-Urban,Residential,0,250.6933333333333,250.6933333333333
C00386,1,160.62,,111.01,49.61,235.12,0.967,0.982,11,30,Urban,Residential,0,,
C00174,1,210.83,,156.16,54.68,240.9,1.292,0.941,0,28,Semi-Urban,Residential,0,,
C00806,3,44.32,149.32,31.49,12.83,231.59,0.289,0.92,17,15,Semi-Urban,Residential,1,135.005,135.005
C01314,1,673.8,,472.65,201.14,229.59,4.362,0.934,16,28,Urban,Commercial,0,,
C01487,1,138.91,,77.52,61.39,229.14,0.893,0.942,2,28,Urban,Residential,0,,
C01247,6,235.43,229.79,150.01,85.41,230.28,1.583,0.897,19,29,Urban,Residential,0,231.84666666666666,214.904
C01142,5,185.84,249.14,127.18,58.66,231.92,1.183,0.941,10,28,Rural,Residential,0,191.6833333333333,177.23
C00128,2,183.89,177.59,101.19,82.71,230.61,1.178,0.94,16,30,Urban,Residential,0,177.59,177.59
C00536,1,262.49,,153.18,109.31,227.79,1.753,0.913,18,29,Semi-Urban,Residential,0,,
C00853,3,3952.97,3380.03,2919.53,1033.44,223.11,26.649,0.923,15,29,Semi-Urban,Industrial,0,3355.9,3355.9
C01008,2,321.64,317.52,187.29,134.35,233.21,2.182,0.878,3,29,Urban,Residential,0,317.52,317.52
C01063,6,211.39,186.81,128.64,82.74,240.06,1.26,0.971,3,30,Semi-Urban,Residential,0,187.08333333333334,172.71599999999998
C00724,4,184.88,159.06,130.05,54.83,227.56,1.175,0.961,0,28,Semi-Urban,Residential,0,136.99333333333334,136.99333333333334
C01476,3,744.97,581.45,530.25,214.72,224.11,4.896,0.943,4,30,Rural,Commercial,0,580.195,580.195
C00636,6,1209.24,1012.42,695.57,513.67,238.52,7.516,0.937,10,30,Urban,Commercial,0,902.7199999999999,874.348
C00370,1,266.24,,191.13,75.11,225.12,1.789,0.918,3,30,Rural,Residential,0,,
C01247,3,218.66,208.11,124.98,93.68,234.64,1.398,0.926,19,30,Urban,Residential,0,189.49,189.49
C00902,6,345.72,382.14,242.81,102.91,222.1,2.184,0.99,1,30,Rural,Residential,0,346.93666666666667,323.35
C00020,6,1357.28,1434.19,852.18,505.1,222.83,8.969,0.943,11,29,Urban,Commercial,0,1310.5533333333335,1260.122
C00188,6,1488.19,1171.79,939.9,548.28,229.95,9.803,0.917,9,28,Urban,Commercial,0,1286.36,1269.068
C01496,6,3505.99,4840.4,2518.08,987.91,233.83,21.871,0.952,13,29,Semi-Urban,Industrial,0,4400.6866666666665,4089.1119999999996
C00479,3,214.21,100.52,145.84,68.37,236.77,1.391,0.904,1,28,Urban,Residential,0,136.495,136.495
C00396,6,383.36,372.72,281.39,101.97,226.22,2.672,0.881,9,30,Urban,Residential,0,368.6833333333334,345.468
C01216,4,4170.36,3876.31,2532.86,1637.5,235.07,28.538,0.863,4,28,Semi-Urban,Industrial,0,3501.3033333333333,3501.3033333333333
C01358,4,2903.37,2353.82,2003.07,900.3,221.66,18.914,0.962,11,29,Semi-Urban,Industrial,0,2232.1,2232.1
C01136,1,317.26,,222.29,94.96,230.01,2.002,0.957,16,30,Rural,Residential,0,,
C00765,3,172.99,178.53,110.99,62.0,221.98,1.093,0.99,3,30,Semi-Urban,Residential,0,173.69,173.69
C00889,6,380.1,382.81,274.83,105.27,223.97,2.528,0.932,6,29,Urban,Residential,0,375.07666666666665,346.092
C00597,3,371.98,319.26,235.74,136.24,228.83,2.354,0.959,8,30,Urban,Residential,0,321.26,321.26
C00851,3,673.85,760.12,449.9,223.95,226.39,4.475,0.924,11,28,Rural,Commercial,0,769.4549999999999,769.4549999999999
C00908,3,247.41,216.84,154.4,93.01,227.27,1.547,0.977,7,30,Semi-Urban,Residential,0,249.2,249.2
C00307,5,203.63,175.05,114.13,89.5,,1.224,0.99,18,30,Urban,Residential,0,156.11666666666667,156.9975
C00448,3,321.95,257.4,179.74,142.21,228.61,2.112,0.926,11,28,Semi-Urban,Residential,0,257.0,257.0
C00045,4,346.71,277.94,203.96,142.76,231.25,2.223,0.937,12,30,Rural,Residential,0,241.51333333333332,241.51333333333332
C01010,1,250.43,,139.48,110.95,233.04,1.599,0.934,10,30,Semi-Urban,Residential,0,,
C01252,1,152.76,,105.9,46.85,227.87,,0.99,10,30,Urban,Residential,0,,
C00567,1,154.57,,86.81,67.76,238.78,0.999,0.9,10,28,Urban,Residential,0,,
C00188,5,1171.79,1334.47,691.32,480.46,229.06,7.843,0.906,9,29,Urban,Commercial,0,1343.256666666667,1293.3875
C00278,1,165.61,,120.66,44.95,227.1,1.101,0.92,9,30,Urban,Residential,0,,
C01318,4,333.44,277.18,234.69,98.75,234.0,2.359,0.839,12,29,Urban,Residential,0,279.0133333333333,279.0133333333333
C01306,3,311.87,328.3,207.2,104.67,226.64,2.059,0.928,8,28,Semi-Urban,Residential,0,305.26,305.26
C00845,2,525.42,517.96,329.19,196.22,234.07,3.648,0.855,18,28,Semi-Urban,Commercial,0,517.96,517.96
C01374,5,603.03,631.76,427.88,175.15,225.11,4.125,0.902,8,30,Urban,Commercial,0,606.5633333333334,579.5725
C00559,5,224.29,256.92,167.61,56.69,236.39,1.419,0.928,0,30,Semi-Urban,Residential,0,222.04999999999998,212.0625
C01136,2,288.06,317.26,205.77,82.29,229.15,2.055,0.85,16,28,Rural,Residential,0,317.26,317.26
C00132,4,266.19,286.09,148.95,117.24,233.55,1.719,0.921,14,29,Semi-Urban,Residential,0,277.33666666666664,277.33666666666664
C00531,2,989.21,948.99,702.71,286.5,223.28,6.715,0.916,12,29,Urban,Commercial,0,948.99,948.99
C00166,5,199.89,197.5,146.13,53.76,230.15,1.287,0.937,14,28,Semi-Urban,Residential,0,181.03333333333333,174.9475
C00770,4,666.03,170.28,422.22,243.81,225.24,5.037,0.815,18,30,Urban,Commercial,0,388.75333333333333,388.75333333333333
C00812,5,403.39,456.63,270.95,132.44,236.77,2.459,0.962,16,30,Rural,Residential,0,334.27333333333337,322.7875
C01050,6,455.11,398.19,279.87,175.24,240.42,3.092,0.85,14,30,Rural,Residential,0,404.24333333333334,360.61199999999997
C01462,2,193.46,222.74,123.54,69.92,227.39,1.352,0.874,3,30,Semi-Urban,Residential,0,222.74,222.74
C01208,3,336.43,319.89,226.29,110.13,231.28,2.357,0.857,14,30,Rural,Residential,0,286.91999999999996,286.91999999999996
C00768,3,165.71,186.81,120.73,44.98,235.91,1.073,0.91,17,29,Rural,Residential,0,181.175,181.175
C00477,3,4810.04,4195.15,3457.31,1352.73,232.3,33.567,0.857,5,30,Semi-Urban,Industrial,0,4518.195,4518.195
C00387,4,810.9,490.27,503.77,307.13,229.7,5.575,0.88,10,29,Urban,Commercial,0,515.07,515.07
C01400,5,233.17,206.2,133.17,100.0,225.32,1.627,0.883,5,30,Rural,Residential,0,180.9433333333333,180.3275
C00119,1,144.24,,105.59,38.65,231.08,0.955,0.908,15,29,Urban,Residential,0,,
C00422,6,131.91,187.48,88.48,43.43,235.14,0.847,0.92,2,30,Rural,Residential,0,160.59333333333333,154.294
C00279,4,733.69,958.36,456.88,276.81,229.22,4.611,0.964,13,30,Urban,Commercial,0,866.7133333333333,866.7133333333333
C00284,4,321.95,274.24,197.02,124.93,233.35,2.176,0.88,7,30,Semi-Urban,Residential,0,253.43666666666664,253.43666666666664
C01127,6,369.49,455.84,245.73,123.77,233.59,2.387,0.92,16,30,Urban,Residential,0,387.86999999999995,353.954
C01142,6,224.38,185.84,150.07,74.3,232.56,1.411,0.949,10,30,Rural,Residential,0,205.85,178.952
C00874,4,244.43,259.35,172.45,71.98,226.83,1.597,0.937,13,30,Urban,Residential,0,231.57666666666668,231.57666666666668
C00644,2,111.61,92.37,73.0,38.6,224.09,0.769,0.9,8,29,Urban,Residential,0,92.37,92.37
C00054,1,2616.52,,1714.49,902.03,240.26,15.876,0.953,16,29,Semi-Urban,Industrial,0,,
C00233,2,297.77,277.16,179.26,118.51,239.31,1.856,0.931,8,30,Urban,Residential,0,277.16,277.16
C00036,3,182.73,182.43,115.3,67.44,234.39,1.143,0.947,10,30,Urban,Residential,0,154.385,154.385
C01024,5,258.03,275.48,142.68,115.35,229.35,1.676,0.932,2,30,Semi-Urban,Residential,0,223.06333333333336,210.005
C01203,6,325.86,290.74,214.31,111.54,224.87,2.255,0.893,5,29,Semi-Urban,Residential,0,297.7366666666667,278.07399999999996
C00911,5,1001.02,1096.3,679.76,321.26,236.34,6.109,0.963,16,30,Urban,Commercial,0,994.02,898.9275
C01464,2,129.54,145.3,73.34,56.2,232.98,0.817,0.946,17,30,Semi-Urban,Residential,0,145.3,145.3
C00258,2,590.5,638.5,418.52,171.98,230.09,3.913,0.911,17,29,Rural,Commercial,0,638.5,638.5
C01149,3,1735.18,1668.78,1264.36,470.82,226.4,11.253,0.946,1,30,Urban,Industrial,0,1531.065,1531.065
C00503,3,948.4,776.55,589.24,359.16,228.37,6.163,0.936,0,30,Semi-Urban,Commercial,0,832.835,832.835
C01101,2,226.2,210.25,155.1,71.09,225.41,1.556,0.896,3,29,Urban,Residential,0,210.25,210.25
C00018,6,301.64,303.07,192.49,109.15,236.94,2.173,0.814,2,29,Semi-Urban,Residential,0,273.06666666666666,255.31
C00599,2,265.46,228.45,154.43,111.03,230.44,1.699,,12,30,Rural,Residential,0,228.45,228.45
C01116,6,581.66,744.4,326.83,254.84,229.88,3.79,0.927,13,30,Urban,Commercial,0,695.16,611.168
C00810,2,244.45,242.96,147.63,96.82,229.75,1.511,0.978,7,28,Rural,Residential,0,242.96,242.96
C01310,2,173.07,142.8,104.84,68.23,226.84,1.157,0.916,16,29,Semi-Urban,Residential,0,142.8,142.8
C00695,2,170.77,188.85,118.75,52.02,228.2,1.188,0.875,16,29,Rural,Residential,0,188.85,188.85
C01499,3,331.26,242.31,227.4,103.86,229.35,2.172,0.924,16,30,Semi-Urban,Residential,0,250.985,250.985
C01465,5,402.08,359.84,269.68,132.39,221.31,2.771,0.911,15,29,Urban,Residential,0,309.71666666666664,309.85249999999996
C00435,2,781.51,813.42,568.01,213.51,223.42,5.315,0.914,17,29,Semi-Urban,Commercial,0,813.42,813.42
C01495,1,132.59,,87.99,44.59,223.95,0.97,0.848,13,30,Semi-Urban,Residential,0,,
C01030,2,108.43,113.68,69.72,38.71,228.29,0.667,0.989,15,28,Semi-Urban,Residential,0,113.68,113.68
C00040,6,181.57,208.74,100.7,80.88,238.03,1.078,0.982,9,29,Rural,Residential,0,171.69333333333336,169.458
C00447,5,1731.99,1638.22,1048.95,683.03,237.94,11.622,0.87,9,28,Rural,Industrial,0,1558.2066666666667,1457.03
C01488,4,155.62,132.48,89.16,66.46,230.35,1.039,0.903,3,28,Urban,Residential,0,131.10999999999999,131.10999999999999
C00038,1,210.2,,118.5,91.7,236.28,1.332,0.928,13,29,Rural,Residential,0,,
C00291,1,225.3,,128.31,96.99,237.67,1.456,0.904,3,28,Semi-Urban,Residential,0,,
C01209,4,268.87,167.92,184.01,84.86,237.0,1.686,0.935,16,29,Urban,Residential,0,179.61333333333332,179.61333333333332
C01321,2,281.47,262.08,157.09,124.38,228.24,1.886,0.908,10,30,Urban,Residential,0,262.08,262.08
C01092,3,339.96,257.64,235.81,104.15,227.54,2.397,0.866,17,30,Rural,Residential,0,283.89,283.89
C00637,4,296.61,261.28,197.25,99.36,234.58,1.913,0.918,0,30,Semi-Urban,Residential,0,218.32000000000002,218.32000000000002
C00022,6,522.7,603.48,311.91,210.79,224.97,3.676,0.878,17,28,Urban,Commercial,0,499.4166666666667,475.27799999999996
C00325,2,256.29,237.66,141.71,114.58,227.83,1.816,0.86,6,30,Urban,Residential,0,237.66,237.66
C01351,1,302.18,,209.74,92.44,238.75,1.839,0.956,9,30,Urban,Residential,0,,
C00975,3,218.39,206.53,146.72,71.68,228.41,1.423,0.934,6,29,Rural,Residential,0,199.7,199.7
C00248,2,258.82,232.51,154.43,104.39,239.9,1.735,0.864,0,30,Urban,Residential,0,232.51,232.51
C00641,5,255.72,235.84,188.99,66.73,222.02,1.753,0.913,6,30,Urban,Residential,0,208.68333333333337,199.0825
C00087,3,242.85,223.5,140.16,102.69,230.19,1.565,0.936,15,30,Urban,Residential,0,221.43,221.43
C01458,6,1025.26,1085.05,684.53,340.73,231.3,6.391,0.963,14,30,Rural,Commercial,0,1097.7299999999998,1062.148
C00156,3,229.43,200.04,164.02,65.4,223.45,1.588,0.898,11,30,Semi-Urban,Residential,0,188.0,188.0
C01126,4,806.38,671.23,535.33,271.05,226.34,5.086,0.973,0,29,Semi-Urban,Commercial,0,719.0833333333334,719.0833333333334
C00452,4,178.48,177.03,115.07,63.41,228.06,1.163,0.935,1,30,Urban,Residential,0,162.80666666666667,162.80666666666667
C00760,1,216.28,,152.72,63.56,236.09,1.285,0.99,19,28,Urban,Residential,0,,
C00485,4,398.08,336.34,285.59,112.5,235.8,2.726,0.86,10,28,Rural,Residential,0,290.3233333333333,290.3233333333333
C01356,2,2888.05,2857.83,1724.26,1163.79,233.4,20.501,0.838,6,28,Semi-Urban,Industrial,0,2857.83,2857.83
C01146,5,179.06,185.26,107.88,71.18,221.93,1.246,0.899,6,30,Semi-Urban,Residential,0,140.57,147.51999999999998
C01010,5,334.5,379.2,200.89,133.62,228.17,2.256,0.902,10,29,Semi-Urban,Residential,0,300.01,287.615
C01221,2,1019.01,896.92,573.04,445.97,223.67,6.998,0.904,3,30,Semi-Urban,Commercial,0,896.92,896.92
C00479,3,214.21,100.52,145.84,68.37,236.77,1.391,0.904,1,28,Urban,Residential,0,136.495,136.495
C00376,5,1383.36,1302.2,936.81,446.55,236.68,8.478,0.958,10,30,Urban,Commercial,0,1218.0866666666666,1146.1825
C00348,2,177.76,243.83,130.77,46.99,230.82,1.146,0.933,15,30,Urban,Residential,0,243.83,243.83
C01033,5,123.46,120.79,87.05,36.4,222.91,0.856,0.899,10,30,Semi-Urban,Residential,0,116.94333333333333,111.5625
C00592,5,257.91,285.28,155.87,102.04,226.27,1.908,0.83,12,29,Semi-Urban,Residential,0,237.20999999999995,228.95749999999998
C01486,4,189.21,174.66,113.02,76.18,227.62,1.284,0.899,2,30,Urban,Residential,0,168.14333333333335,168.14333333333335
C00577,3,280.67,239.34,192.39,88.27,230.2,1.778,0.952,19,29,Urban,Residential,0,230.91,230.91
C00923,1,284.13,,204.68,79.45,227.39,1.786,0.972,10,29,Urban,Residential,0,,
C01148,5,1360.42,1169.54,967.68,392.75,229.98,9.008,0.912,12,28,Semi-Urban,Commercial,0,1206.4099999999999,1151.3625
C00420,3,165.8,107.67,99.51,66.29,227.36,1.129,0.897,11,28,Urban,Residential,0,127.595,127.595
C00348,6,281.08,293.24,160.51,120.57,236.36,1.8,0.917,15,28,Urban,Residential,0,258.4266666666667,239.37399999999997
C00016,3,352.38,288.3,220.87,131.52,231.63,2.319,0.911,4,30,Semi-Urban,Residential,0,282.095,282.095
C00455,6,526.3,507.38,375.9,150.4,230.8,3.567,0.888,5,30,Semi-Urban,Commercial,0,456.89000000000004,379.82399999999996
C00890,5,186.73,185.55,112.46,74.27,227.55,1.271,0.897,0,30,Rural,Residential,0,160.36666666666667,156.3175
C00715,5,255.02,215.2,150.24,104.77,231.54,1.663,0.92,5,30,Urban,Residential,0,191.71666666666667,186.4925
C00322,3,268.79,249.46,166.17,102.62,235.35,1.774,0.894,13,29,Urban,Residential,0,243.47500000000002,243.47500000000002
C00290,6,282.99,247.9,189.27,93.72,233.79,1.982,0.848,16,29,Semi-Urban,Residential,0,236.4033333333333,217.16
C00875,2,226.98,229.15,168.52,58.46,232.29,1.382,0.982,3,30,Semi-Urban,Residential,0,229.15,229.15
C01314,6,883.25,723.2,532.44,350.8,233.99,5.639,0.93,16,30,Urban,Commercial,0,757.5866666666667,717.7520000000001
C00728,5,202.56,240.58,138.29,64.27,234.86,1.263,0.948,7,30,Urban,Residential,0,206.02999999999997,198.57999999999998
C01148,2,1217.41,986.22,878.5,338.91,225.4,8.411,0.892,12,29,Semi-Urban,Commercial,0,986.22,986.22
C00885,1,180.27,,113.95,66.32,228.72,1.155,0.948,9,30,Semi-Urban,Residential,0,,
C01387,2,167.52,156.98,94.53,72.99,232.07,1.113,0.901,7,30,Semi-Urban,Residential,0,156.98,156.98
C00620,2,242.87,258.96,164.63,78.24,226.13,1.655,0.901,17,29,Semi-Urban,Residential,0,258.96,258.96
C00061,1,207.48,,141.54,65.94,237.3,1.427,0.851,4,28,Semi-Urban,Residential,0,,
C01088,2,386.55,341.12,215.93,170.62,234.44,2.487,0.921,11,28,Urban,Commercial,0,341.12,341.12
C01403,3,227.49,239.78,148.88,78.61,233.01,1.408,0.963,4,30,Urban,Residential,0,209.11,209.11
C01314,2,642.2,673.8,476.63,165.56,221.17,4.293,0.939,16,30,Urban,Commercial,0,673.8,673.8
C00812,6,336.48,403.39,191.53,144.94,229.79,2.319,0.877,16,29,Rural,Residential,0,387.6233333333333,338.908
C00625,3,301.75,269.52,186.54,115.21,237.59,1.896,0.93,5,30,Urban,Residential,0,246.39499999999998,246.39499999999998
C00626,6,253.55,255.08,143.88,109.67,227.82,1.668,0.927,6,30,Urban,Residential,0,251.13000000000002,233.25799999999998
C00077,2,133.23,119.0,75.38,57.85,224.56,0.948,0.869,6,29,Urban,Residential,0,119.0,119.0
C00361,6,156.11,135.63,93.27,62.84,226.42,1.021,0.938,7,30,Urban,Residential,0,141.40666666666667,132.028
C00631,6,238.46,294.02,162.7,75.75,224.83,1.564,,18,29,Urban,Residential,0,270.9866666666667,237.22200000000004
C00755,4,188.75,162.82,128.36,60.39,230.48,1.244,0.914,12,28,Urban,Residential,0,153.37666666666667,153.37666666666667
C00507,3,207.83,255.92,146.01,61.82,227.67,1.371,0.924,14,30,Urban,Residential,0,231.995,231.995
C00973,4,331.95,284.94,224.45,107.5,231.2,2.239,0.891,4,28,Semi-Urban,Residential,0,268.77,268.77
C01092,5,348.42,347.65,257.08,91.34,230.06,2.207,0.953,17,30,Rural,Residential,0,315.0833333333333,313.84749999999997
C00609,6,370.97,325.48,249.74,121.22,232.82,2.309,0.958,19,30,Urban,Residential,0,323.8066666666667,302.64
C00973,3,284.94,287.14,167.55,117.4,232.66,1.903,0.894,4,29,Semi-Urban,Residential,0,260.685,260.685
C00328,2,245.27,287.05,140.86,104.42,225.49,1.666,0.907,10,29,Urban,Residential,0,287.05,287.05
C00485,5,410.23,398.08,284.01,126.22,224.24,2.773,0.916,10,30,Rural,Residential,0,330.26,317.2625
C01268,6,2410.21,1215.07,1728.79,681.43,231.26,17.116,0.846,13,29,Semi-Urban,Industrial,0,1745.9866666666667,1720.214
C00054,4,3505.27,2987.57,2336.8,1168.47,234.42,22.37,0.928,16,29,Semi-Urban,Industrial,0,2593.153333333333,2593.153333333333
C00353,3,796.66,867.87,518.76,277.91,224.72,5.525,0.891,9,30,Urban,Commercial,0,798.905,798.905
C00482,1,291.4,,206.6,84.8,242.8,1.692,0.985,8,28,Urban,Residential,0,,
C00501,1,188.33,,107.36,80.97,224.3,1.278,0.912,5,29,Urban,Residential,0,,
C00220,1,140.28,,93.42,46.87,217.0,0.919,0.977,16,30,Semi-Urban,Residential,0,,
C00878,5,314.36,286.45,206.51,107.85,225.41,2.28,0.85,13,30,Rural,Residential,0,275.08666666666664,265.09499999999997
C01114,4,1753.67,761.82,1293.48,460.19,228.69,11.558,0.921,2,28,Urban,Industrial,0,1212.8066666666666,1212.8066666666666
C00180,5,167.28,155.45,103.75,63.52,234.62,1.113,0.89,2,30,Semi-Urban,Residential,0,145.09333333333333,148.0
C01427,6,212.56,226.04,147.47,65.1,235.02,1.426,0.881,6,28,Semi-Urban,Residential,0,210.42999999999998,192.732
C01448,4,167.73,163.81,103.92,63.81,229.42,1.029,0.987,9,29,Semi-Urban,Residential,0,137.75666666666666,137.75666666666666
C00935,2,333.29,282.88,199.66,133.63,239.83,1.981,0.974,16,28,Rural,Residential,0,282.88,282.88
C00564,2,4532.01,5009.7,3004.99,1527.01,225.76,31.399,0.888,15,30,Urban,Industrial,0,5009.7,5009.7
C00382,3,538.75,535.67,320.42,218.32,229.59,3.588,0.908,14,30,Semi-Urban,Commercial,0,460.385,460.385
C00890,6,186.23,186.73,134.77,51.46,228.37,1.258,0.9,0,30,Rural,Residential,0,179.86,162.4
C01475,5,120.49,140.46,78.91,41.58,230.93,0.756,0.958,6,28,Urban,Residential,0,127.00666666666666,118.8875
C00093,3,133.52,111.9,89.14,44.38,224.72,0.898,0.919,8,29,Rural,Residential,0,118.185,118.185
C00972,5,250.14,266.21,143.29,106.85,226.22,1.625,0.945,16,29,Urban,Residential,0,238.76999999999998,237.6625
C01485,6,172.36,177.14,98.23,74.13,224.68,1.173,0.908,12,30,Urban,Residential,0,156.76333333333332,147.678
C00209,6,239.41,252.75,169.96,69.45,229.59,1.5,0.965,19,30,Urban,Residential,0,238.16666666666666,218.10999999999999
C01152,2,131.74,122.47,83.17,48.57,226.12,0.898,0.901,8,29,Rural,Residential,0,122.47,122.47
C00360,4,146.1,113.3,103.22,42.88,227.09,0.991,,2,30,Rural,Residential,0,113.46666666666665,113.46666666666665
C00782,1,298.79,,200.86,97.93,233.97,1.942,0.914,0,29,Urban,Residential,0,,
C00927,4,611.76,620.59,429.1,182.65,235.12,3.903,0.926,1,30,Semi-Urban,Commercial,0,535.9933333333333,535.9933333333333
C00731,3,199.64,235.32,137.72,61.93,220.38,1.42,0.886,2,28,Rural,Residential,0,220.57999999999998,220.57999999999998
C00511,1,224.1,,166.77,57.33,230.6,1.55,0.871,13,29,Urban,Residential,0,,
C00349,1,2822.25,,1917.55,904.7,225.77,19.711,0.881,6,28,Semi-Urban,Industrial,0,,
C00836,4,375.08,306.52,243.04,132.03,228.13,2.355,0.97,11,29,Urban,Residential,0,295.7166666666667,295.7166666666667
C00522,5,324.67,338.27,222.42,102.25,226.68,2.038,0.976,8,28,Urban,Residential,0,305.74333333333334,294.4275
C00591,1,274.52,,161.93,112.59,234.37,1.88,0.865,7,30,Rural,Residential,0,,
C01414,1,153.37,,112.15,41.23,227.4,1.011,0.926,10,30,Urban,Residential,0,,
C00361,5,135.63,143.18,84.4,51.23,227.72,0.926,0.893,7,28,Urban,Residential,0,136.27666666666667,131.1275
C00008,6,3936.92,4500.83,2183.63,1753.29,234.42,25.876,0.901,2,30,Semi-Urban,Industrial,0,4179.93,3703.8900000000003
C00754,1,223.83,,156.13,67.7,232.3,1.434,0.933,6,28,Semi-Urban,Residential,0,,
C00818,4,281.28,272.52,166.96,114.32,237.99,1.832,0.896,3,29,Urban,Residential,0,271.2833333333333,271.2833333333333
C00959,6,934.91,1068.43,682.66,252.25,235.65,6.552,0.841,9,30,Urban,Commercial,0,943.2933333333334,931.7540000000001
C01362,5,236.8,257.84,148.54,88.26,237.16,1.5,0.925,6,28,Urban,Residential,0,212.9,204.75
C00302,2,196.66,220.03,129.28,67.38,230.3,1.236,0.96,13,29,Rural,Residential,0,220.03,220.03
C00387,1,524.37,,288.94,235.44,227.49,3.517,0.91,10,29,Urban,Commercial,0,,
C01399,4,239.28,231.69,141.45,97.83,236.47,1.513,0.929,0,30,Urban,Residential,0,212.25333333333333,212.25333333333333
C00366,2,3959.37,5395.74,2249.01,1710.36,229.95,27.472,0.871,7,30,Urban,Industrial,0,5395.74,5395.74
C00656,4,1240.25,1177.16,728.85,511.4,232.92,7.888,0.938,3,30,Urban,Commercial,0,967.5933333333334,967.5933333333334
C00099,5,815.04,721.99,537.05,277.99,232.43,5.404,0.901,17,28,Rural,Commercial,0,675.3866666666667,649.36
C00876,6,262.64,279.28,156.88,105.76,230.42,1.638,0.966,16,30,Urban,Residential,0,259.46666666666664,241.24200000000002
C00455,1,322.94,,208.69,114.25,233.78,1.938,0.99,5,29,Semi-Urban,Commercial,0,,
C00740,3,2191.28,2217.27,1599.51,591.77,230.95,14.352,0.918,2,28,Rural,Industrial,0,2044.6,2044.6
C00104,6,186.01,183.78,120.43,65.58,227.26,1.292,0.88,10,28,Semi-Urban,Residential,0,178.41333333333333,165.098
C00252,4,751.35,680.53,447.87,303.48,230.62,5.191,0.872,3,30,Urban,Commercial,0,645.2733333333333,645.2733333333333
C01296,5,4729.97,4429.71,2836.8,1893.17,237.36,29.235,0.947,10,28,Urban,Industrial,0,3814.1566666666663,3850.185
C00409,6,340.97,275.94,221.13,119.84,228.55,2.234,0.927,8,30,Urban,Residential,0,301.68,284.762
C01364,2,194.59,178.5,143.48,51.11,227.38,1.264,0.94,2,29,Urban,Residential,0,178.5,178.5
C01105,1,2055.27,,1182.14,873.13,225.57,14.594,0.867,18,28,Semi-Urban,Industrial,0,,
C00672,5,140.3,55.16,83.62,56.68,229.12,1.561,0.545,17,29,Semi-Urban,Residential,1,107.08333333333333,124.4975
C00112,3,267.84,220.01,176.79,91.05,231.29,1.825,0.881,14,30,Urban,Residential,0,205.08999999999997,205.08999999999997
C01389,2,963.8,754.72,633.47,330.33,223.49,,0.899,11,30,Urban,Commercial,0,754.72,754.72
C01337,4,247.88,196.83,174.12,73.76,221.32,1.571,0.99,5,28,Urban,Residential,0,192.34,192.34
C00631,4,267.39,251.55,147.71,119.68,235.99,1.827,0.861,18,30,Urban,Residential,0,208.23333333333335,208.23333333333335
C00056,1,258.12,,154.46,103.67,231.49,1.731,0.895,10,30,Urban,Residential,0,,
C00548,5,344.48,379.69,213.52,130.97,236.9,2.441,0.827,10,29,Urban,Residential,0,346.8533333333333,324.6125
C01197,4,5170.09,4131.18,3383.71,1786.38,230.46,33.836,0.921,0,30,Urban,Industrial,0,3825.1233333333334,3825.1233333333334
C01215,2,302.63,294.61,201.9,100.72,236.32,1.994,0.892,13,29,Urban,Residential,0,294.61,294.61
C00504,2,312.71,322.18,200.49,112.22,229.44,1.976,0.958,6,30,Semi-Urban,Residential,0,322.18,322.18
C00574,1,132.61,,91.43,41.18,237.17,0.888,0.875,0,30,Urban,Residential,0,,
C00459,6,1256.21,1232.21,745.69,510.53,233.74,8.665,0.861,6,30,Semi-Urban,Commercial,0,1247.93,1170.56
C00618,5,5574.92,4713.58,4059.23,1515.69,227.25,35.602,0.957,17,30,Urban,Industrial,0,4576.623333333333,4561.15
C01000,5,962.76,813.69,585.08,377.68,234.42,6.165,0.925,2,28,Urban,Commercial,0,733.34,694.8625
C00625,6,298.18,288.44,220.44,77.73,232.89,2.123,0.838,5,28,Urban,Residential,0,284.6466666666667,269.346
C01152,1,122.47,,78.87,43.6,234.01,0.774,0.94,8,30,Rural,Residential,0,,
C00282,3,315.34,271.12,198.58,116.76,229.82,2.12,0.899,1,28,Urban,Residential,0,277.08500000000004,277.08500000000004
C00128,3,194.03,183.89,118.96,75.07,229.85,1.232,0.952,16,30,Urban,Residential,0,180.74,180.74
C00842,4,771.18,626.18,525.23,245.95,241.47,4.6,,13,30,Urban,Commercial,0,581.5933333333334,581.5933333333334
C00573,3,4490.99,3659.38,3072.61,1418.38,232.76,29.275,0.915,0,29,Semi-Urban,Industrial,0,3862.735,3862.735
C00018,5,303.07,283.56,178.25,124.82,229.43,1.981,0.926,2,28,Semi-Urban,Residential,0,243.9766666666667,243.37
C00157,5,1042.42,863.72,696.72,345.71,226.92,7.258,0.879,15,28,Rural,Commercial,0,794.2766666666666,778.7175
C00311,3,909.69,994.53,503.49,406.2,222.11,5.746,0.99,13,30,Semi-Urban,Commercial,0,966.4549999999999,966.4549999999999
C01106,2,4330.61,3841.86,2795.61,1535.0,228.45,28.428,0.926,16,30,Rural,Industrial,0,3841.86,3841.86
C00725,4,1066.13,914.2,772.02,294.12,225.85,6.849,0.957,13,28,Rural,Commercial,0,956.8766666666667,956.8766666666667
C01202,5,229.58,250.95,160.98,68.61,232.31,1.493,0.919,10,28,Rural,Residential,0,217.76333333333332,209.19
C00618,2,4235.05,4514.73,2577.72,1657.32,224.73,28.369,0.923,17,29,Urban,Industrial,0,4514.73,4514.73
C00003,3,114.39,131.61,70.33,44.05,234.81,0.742,0.912,12,28,Urban,Residential,0,125.4,125.4
C00881,2,1114.84,1029.74,835.54,279.3,232.06,6.976,0.956,13,30,Semi-Urban,Commercial,0,1029.74,1029.74
C00889,5,382.81,406.53,218.19,164.62,224.34,2.752,0.861,6,28,Urban,Residential,0,357.9666666666667,336.9125
C01099,2,154.4,140.31,110.68,43.72,224.77,1.051,0.908,2,30,Semi-Urban,Residential,0,140.31,140.31
C01122,3,270.74,253.98,194.75,75.99,233.67,1.871,0.86,0,30,Rural,Residential,0,260.995,260.995
C00401,5,234.65,337.85,140.82,93.83,230.4,1.429,0.99,9,30,Urban,Residential,0,260.04333333333335,245.35500000000002
C00048,5,292.95,258.61,184.24,108.71,228.0,1.996,0.894,5,29,Semi-Urban,Residential,0,224.08666666666667,213.6825
C00889,1,273.75,,154.79,118.96,227.61,1.945,0.859,6,30,Urban,Residential,0,,
C00919,1,144.99,,96.97,48.02,217.32,1.025,0.904,13,28,Urban,Residential,0,,
C01370,4,215.96,248.71,131.84,84.12,228.66,1.359,0.965,17,28,Urban,Residential,0,228.10666666666668,228.10666666666668
C00493,1,297.03,,203.56,93.47,228.42,1.855,0.974,1,30,Urban,Residential,0,,
C01256,3,185.42,153.59,137.66,47.76,228.96,1.236,0.91,14,29,Urban,Residential,0,166.63,166.63
C00459,4,1157.28,1354.3,683.26,474.02,233.79,6.964,0.987,6,30,Semi-Urban,Commercial,0,1154.4366666666667,1154.4366666666667
C00326,5,204.38,170.2,141.66,62.71,224.91,1.415,0.892,17,30,Urban,Residential,0,154.45666666666665,152.32
C00238,5,255.03,93.3,154.1,100.93,230.08,1.799,0.856,10,30,Rural,Residential,0,195.00666666666666,189.26999999999998
C00936,5,1007.46,1059.34,575.89,431.57,226.48,6.849,0.902,18,30,Urban,Commercial,0,908.5899999999998,908.595
C00881,6,1324.96,1374.89,957.0,367.96,233.24,8.608,0.917,13,30,Semi-Urban,Commercial,0,1312.24,1216.26
C01351,2,255.76,302.18,183.15,72.6,232.08,1.689,0.906,9,30,Urban,Residential,0,302.18,302.18
C01470,4,1078.44,902.93,627.13,451.31,232.54,7.149,0.901,6,28,Semi-Urban,Commercial,0,798.2866666666667,798.2866666666667
C00371,4,5837.24,4294.46,4012.12,1825.12,224.4,40.095,0.901,3,30,Urban,Industrial,0,3921.0466666666666,3921.0466666666666
C01028,6,202.22,169.9,111.5,90.72,231.91,1.442,0.84,12,29,Urban,Residential,0,167.51333333333332,160.06400000000002
C00152,3,241.25,265.71,155.32,85.93,224.87,1.594,0.935,17,30,Semi-Urban,Residential,0,236.41,236.41
C00850,4,2636.6,2077.03,1489.27,1147.33,223.21,17.314,0.948,5,30,Urban,Industrial,0,2147.266666666667,2147.266666666667
C00315,5,281.1,304.64,194.12,86.98,230.01,1.845,0.92,12,30,Semi-Urban,Residential,0,279.83,272.6725
C01346,2,159.91,158.26,105.21,54.7,229.82,1.035,0.934,7,29,Urban,Residential,0,158.26,158.26
C00430,3,345.05,285.65,194.85,150.2,237.37,2.204,0.916,8,28,Urban,Residential,0,315.71,315.71
C01238,2,305.98,240.46,202.25,103.73,232.9,1.955,0.933,19,29,Semi-Urban,Residential,0,240.46,240.46
C00200,4,266.32,204.31,199.0,67.32,236.5,1.652,0.947,4,28,Semi-Urban,Residential,0,203.42999999999998,203.42999999999998
C00544,6,518.05,430.31,372.35,145.7,227.63,3.695,0.855,16,29,Urban,Commercial,0,443.72,450.65199999999993
C01403,2,239.78,178.44,163.89,75.88,230.15,1.62,0.893,4,28,Urban,Residential,0,178.44,178.44
C00125,4,246.24,178.57,138.16,108.08,227.16,1.563,0.963,17,30,Semi-Urban,Residential,0,168.24333333333334,168.24333333333334
C00521,3,383.97,316.88,239.67,144.3,224.25,2.764,0.86,7,30,Urban,Residential,0,301.46500000000003,301.46500000000003
C00933,4,412.99,354.6,260.82,152.17,240.99,2.526,0.942,11,30,Semi-Urban,Residential,0,321.72,321.72
C01495,2,121.69,132.59,74.4,47.29,231.89,0.772,0.944,13,28,Semi-Urban,Residential,0,132.59,132.59
C00969,1,212.04,,133.59,78.45,232.28,1.346,0.942,3,30,Urban,Residential,0,,
C00529,2,230.36,243.52,166.48,63.88,234.06,1.485,0.921,11,28,Urban,Residential,0,243.52,243.52
C00431,3,334.33,274.88,212.9,121.43,231.03,2.09,0.962,14,30,Urban,Residential,0,274.075,274.075
C01026,2,530.55,455.3,354.57,175.98,231.07,3.488,0.914,17,30,Rural,Commercial,0,455.3,455.3
C01264,5,358.38,347.29,199.79,158.58,228.81,2.202,0.988,10,30,Urban,Residential,0,285.7633333333333,273.84250000000003
C01084,5,210.27,248.36,123.86,86.41,226.87,1.312,0.981,1,29,Urban,Residential,0,240.26666666666668,231.68
C00575,2,123.4,159.03,84.6,38.8,,0.823,0.907,2,30,Urban,Residential,0,159.03,159.03
C00896,6,307.9,317.99,201.27,106.63,238.12,1.942,0.925,18,29,Urban,Residential,0,311.83,282.646
C00177,2,285.18,209.46,193.15,92.03,231.17,1.859,0.922,8,30,Urban,Residential,0,209.46,209.46
C00787,6,158.43,433.25,104.11,54.33,227.07,1.065,0.91,9,15,Urban,Commercial,1,435.4666666666667,556.216
C00085,6,182.2,174.24,128.62,53.57,237.68,1.191,0.894,1,28,Semi-Urban,Residential,0,180.01333333333332,173.608
C01091,4,438.66,370.95,245.9,192.76,221.72,2.784,0.987,0,28,Semi-Urban,Residential,0,309.5,309.5
C00831,3,307.82,267.61,210.42,97.4,230.15,1.876,0.99,1,30,Urban,Residential,0,280.34000000000003,280.34000000000003
C00282,6,362.07,350.9,270.47,91.6,231.24,2.479,0.877,1,28,Urban,Residential,0,342.38333333333327,316.264
C01054,1,172.83,,97.35,75.48,222.73,1.121,0.962,6,30,Rural,Residential,0,,
C00276,1,497.22,,360.42,136.81,226.52,3.261,0.935,1,28,Urban,Commercial,0,,
C00779,4,203.61,188.81,133.04,70.58,226.64,1.339,0.932,11,29,Rural,Residential,0,179.16333333333333,179.16333333333333
C00766,4,430.03,283.13,304.07,125.96,224.41,2.9,0.918,15,28,Rural,Residential,0,284.88,284.88
C00881,3,1072.51,1114.84,756.41,316.09,229.5,7.408,0.876,13,28,Semi-Urban,Commercial,0,1072.29,1072.29
C01067,4,329.32,281.25,198.13,131.19,233.02,2.008,0.978,3,30,Semi-Urban,Residential,0,271.12666666666667,271.12666666666667
C00251,2,180.15,201.13,102.89,77.27,229.39,1.168,0.934,9,28,Urban,Residential,0,201.13,201.13
C00991,1,174.59,,96.71,77.88,217.8,1.295,0.86,7,30,Urban,Residential,0,,
C01460,4,192.32,204.37,136.99,55.33,229.55,,0.824,0,30,Urban,Residential,0,182.20000000000002,182.20000000000002
C00175,3,253.4,219.74,146.28,107.13,220.18,1.703,0.938,2,30,Urban,Residential,0,190.86,190.86
C00737,2,239.34,209.85,175.64,63.7,226.83,1.607,0.912,11,29,Rural,Residential,0,209.85,209.85
C00251,3,167.47,180.15,107.75,59.72,236.35,1.131,0.87,9,30,Urban,Residential,1,190.64,190.64
C00591,5,314.72,403.87,198.0,116.72,237.55,1.977,0.931,7,30,Rural,Residential,0,343.07,325.9325
C00596,1,286.91,,200.01,86.9,,1.976,0.88,5,30,Urban,Residential,0,,
C00507,2,255.92,208.07,155.49,100.43,230.26,1.666,0.926,14,29,Urban,Residential,0,208.07,208.07
C00430,4,394.43,345.05,248.41,146.02,232.07,2.684,0.88,8,30,Urban,Residential,0,325.49,325.49
C00237,6,873.17,1093.39,614.38,258.79,232.18,5.486,0.952,12,30,Semi-Urban,Commercial,0,936.7433333333335,850.45
C00292,1,257.99,,181.83,76.16,239.47,1.604,0.933,6,28,Urban,Residential,0,,
C00098,1,187.83,,130.83,56.99,232.76,1.182,0.948,9,30,Semi-Urban,Residential,0,,
C00632,2,302.36,318.75,221.6,80.76,227.78,1.979,0.932,15,29,Urban,Residential,0,318.75,318.75
C01046,6,1264.72,1413.31,785.8,478.92,240.78,7.813,0.934,12,30,Semi-Urban,Commercial,0,1331.6266666666668,1203.0900000000001
C00785,6,64.37,176.77,37.5,26.87,233.63,0.419,0.914,1,20,Semi-Urban,Residential,1,84.43666666666667,103.43800000000002
C01369,4,289.25,220.71,206.92,82.33,230.02,1.908,0.916,9,30,Semi-Urban,Residential,0,221.21666666666667,221.21666666666667
C01205,6,596.81,639.52,423.82,172.99,225.88,3.839,0.956,8,28,Urban,Commercial,0,660.3866666666667,611.112
C00505,1,258.64,,180.62,78.02,229.71,1.687,0.927,15,30,Urban,Residential,0,,
C00718,5,771.41,802.05,482.47,288.94,230.82,5.152,0.901,2,29,Urban,Commercial,0,708.4166666666666,680.405
C01223,4,345.56,297.51,192.94,152.62,232.39,2.203,0.938,7,30,Urban,Residential,0,290.78666666666663,290.78666666666663
C00179,1,2691.46,,1914.15,777.31,230.76,17.835,0.908,0,29,Rural,Industrial,0,,
C00176,6,689.38,628.88,497.9,191.48,238.25,4.491,0.895,8,28,Rural,Commercial,0,601.9166666666666,548.676
C00435,6,1093.59,1093.13,705.94,387.66,227.75,7.296,0.914,17,30,Semi-Urban,Commercial,0,1173.2366666666667,1022.9280000000001
C00615,1,156.68,,100.77,55.91,226.27,1.035,0.929,16,29,Rural,Residential,0,,
C00113,5,398.67,380.44,286.63,112.04,232.47,2.546,0.935,18,29,Urban,Commercial,0,355.04333333333335,355.78
C00545,2,708.9,806.26,480.74,228.16,234.08,4.952,0.849,8,30,Urban,Commercial,0,806.26,806.26
C01014,3,193.8,164.03,117.76,76.04,229.4,1.326,0.885,3,30,Rural,Residential,0,174.63,174.63
C00236,5,156.51,126.6,89.49,67.02,234.98,0.981,0.943,3,29,Semi-Urban,Residential,0,127.20666666666666,123.5925
C01373,6,198.88,159.98,134.9,63.98,236.39,1.259,0.928,17,30,Semi-Urban,Residential,0,162.07,154.85399999999998
C01132,5,134.16,119.97,84.31,49.85,225.41,0.868,0.953,2,29,Semi-Urban,Residential,0,124.50666666666666,124.17500000000001
C00425,6,278.54,263.6,195.09,83.44,229.68,1.902,0.885,3,29,Urban,Residential,0,262.2166666666667,245.138
C00335,5,201.62,231.04,118.92,82.69,228.74,2.108,0.581,2,29,Rural,Residential,1,227.49333333333334,223.9775
C00764,4,288.63,146.59,159.33,129.3,226.93,1.875,0.942,12,30,Urban,Residential,0,222.73333333333335,222.73333333333335
C00037,6,235.57,232.75,132.96,102.61,231.18,1.569,0.902,16,28,Urban,Residential,0,227.70666666666668,199.81
C01228,3,305.84,307.83,207.52,98.32,232.97,2.053,0.888,5,30,Urban,Residential,0,304.77,304.77
C00192,4,404.67,358.1,267.95,136.71,222.44,2.963,0.853,5,29,Urban,Residential,0,326.07,326.07
C01443,4,325.81,334.52,241.57,84.24,233.44,2.101,0.923,1,30,Urban,Residential,0,290.4533333333333,290.4533333333333
C00981,4,733.92,683.02,536.79,197.14,234.01,4.738,,10,30,Rural,Commercial,0,638.2266666666666,638.2266666666666
C01309,6,124.41,143.21,71.97,52.45,,0.798,0.918,17,30,Rural,Residential,0,139.02666666666667,125.96
C01108,2,68.3,199.99,39.07,29.23,227.99,0.499,0.833,0,30,Semi-Urban,Residential,0,199.99,199.99
C01392,1,92.09,,62.59,29.49,226.45,0.57,0.99,19,30,Semi-Urban,Residential,0,,
C00959,4,752.93,1008.52,444.43,308.51,237.26,4.659,0.946,9,30,Urban,Commercial,0,945.8033333333333,945.8033333333333
C00415,1,252.25,,185.52,66.73,230.34,1.577,0.965,5,28,Urban,Residential,0,,
C00713,2,876.91,821.48,648.18,228.74,228.55,5.903,0.903,19,28,Semi-Urban,Commercial,0,821.48,821.48
C01387,5,275.25,233.47,170.81,104.43,231.05,1.757,0.942,7,29,Semi-Urban,Residential,0,185.50666666666666,178.375
C01480,5,1166.98,1024.39,741.6,425.38,220.54,8.674,0.847,13,30,Rural,Commercial,0,829.6666666666666,821.9425
C01364,1,178.5,,122.08,56.42,228.5,1.117,0.971,2,30,Urban,Residential,0,,
C01396,5,194.3,233.71,130.23,64.07,,1.196,0.985,15,29,Urban,Residential,0,152.52666666666667,153.9875
C00973,6,311.15,368.64,189.03,122.12,226.49,2.165,0.881,4,30,Semi-Urban,Residential,0,328.51,301.38
C01360,5,2038.18,2393.93,1179.29,858.89,239.47,12.496,0.946,3,30,Semi-Urban,Industrial,0,2136.4766666666665,2087.0924999999997
C00350,5,240.86,304.56,157.88,82.98,225.49,1.665,0.891,4,28,Urban,Residential,0,254.3166666666667,245.5875
C00735,4,310.36,230.13,210.4,99.95,234.31,1.896,0.97,1,30,Urban,Residential,0,243.81333333333336,243.81333333333336
C00788,1,166.83,,109.62,57.21,229.76,1.063,0.949,4,30,Urban,Residential,0,,
C00812,3,302.85,243.34,197.16,105.68,234.18,2.018,0.89,16,28,Rural,Residential,0,265.835,265.835
C01285,2,1985.28,2102.77,1156.46,828.83,231.1,13.299,0.897,11,30,Rural,Industrial,0,2102.77,2102.77
C01240,6,174.81,260.86,109.35,65.46,223.77,1.122,0.967,17,30,Semi-Urban,Residential,0,212.58333333333334,193.326
C00155,4,278.13,233.27,166.24,111.9,229.75,1.785,0.942,18,30,Urban,Residential,0,229.52666666666667,229.52666666666667
C00716,3,855.77,873.33,495.24,360.53,226.26,5.541,0.948,1,30,Urban,Commercial,0,842.505,842.505
C00109,6,401.92,389.4,247.52,154.4,229.91,2.663,0.912,18,28,Urban,Residential,0,376.62999999999994,330.57
C01211,5,1399.9,1330.89,857.13,542.77,232.26,9.247,0.905,0,30,Urban,Commercial,0,1251.38,1219.085
C00793,5,1119.34,1275.62,690.21,429.13,227.1,8.145,0.84,9,29,Urban,Commercial,0,1047.3933333333332,1031.1125
C00182,5,107.11,182.02,76.27,30.84,229.89,1.187,0.545,1,30,Rural,Residential,1,167.46333333333334,166.0175
C01488,5,140.22,155.62,102.41,37.81,235.54,0.88,0.94,3,30,Urban,Residential,0,139.68666666666667,137.2375
C01073,1,215.77,,147.51,68.27,229.16,1.423,0.919,1,30,Urban,Residential,0,,
C01499,2,242.31,259.66,138.11,104.21,233.74,1.509,0.954,16,28,Semi-Urban,Residential,0,259.66,259.66
C00716,5,1071.07,1266.91,674.8,396.27,230.56,7.259,0.889,1,30,Urban,Commercial,0,998.6700000000001,951.9225
C00923,2,328.45,284.13,212.46,115.99,226.83,2.279,0.882,10,30,Urban,Residential,0,284.13,284.13
C00384,6,1266.03,1155.95,936.76,329.27,224.35,8.865,0.884,12,28,Urban,Commercial,0,1175.93,984.8619999999999
C00051,5,258.69,288.15,174.39,84.3,235.5,1.541,0.99,8,29,Rural,Residential,0,275.0233333333333,266.195
C00822,4,268.45,266.62,164.15,104.3,230.34,1.796,0.901,2,30,Urban,Residential,0,247.45333333333335,247.45333333333335
C00930,4,153.35,272.21,111.95,41.4,234.18,1.035,0.879,16,30,Urban,Residential,0,270.90333333333336,270.90333333333336
C00669,5,219.89,254.74,138.45,81.44,238.13,1.408,0.911,11,28,Urban,Residential,0,204.72333333333336,192.1825
C00380,3,338.54,258.09,195.6,142.94,228.55,2.325,0.885,0,30,Semi-Urban,Residential,0,259.78499999999997,259.78499999999997
C00290,4,269.11,192.2,181.84,87.26,230.97,1.846,0.877,16,30,Semi-Urban,Residential,0,189.59666666666666,189.59666666666666
C00876,1,234.85,,149.76,85.09,231.65,1.506,0.935,16,30,Urban,Residential,0,,
C01203,1,270.98,,173.28,97.7,230.84,1.802,0.905,5,30,Semi-Urban,Residential,0,,
C01144,3,135.76,127.18,86.61,49.15,233.63,0.859,0.939,3,30,Urban,Residential,0,128.71,128.71
C01153,4,6193.93,3996.73,4316.8,1877.12,229.82,40.864,0.916,0,30,Semi-Urban,Industrial,0,3702.84,3702.84
C00518,1,139.4,,82.4,56.99,232.55,0.855,0.974,8,29,Urban,Residential,0,,
C01227,4,178.61,185.26,128.67,49.94,227.95,1.237,0.88,5,28,Urban,Residential,0,151.13,151.13
C00333,4,798.51,818.15,486.06,312.45,235.95,4.748,0.99,10,28,Urban,Commercial,0,737.9133333333333,737.9133333333333
C01417,5,179.68,197.84,128.23,51.45,232.24,1.16,0.927,3,28,Rural,Residential,0,158.37666666666667,158.305
C01239,6,214.47,213.82,122.92,91.55,242.05,1.333,0.923,13,30,Semi-Urban,Residential,0,199.92666666666665,188.102
C00098,5,162.88,255.57,111.46,51.42,231.56,1.042,0.937,9,28,Semi-Urban,Residential,0,241.13333333333333,227.8075
C01399,1,203.25,,125.64,77.61,228.8,1.326,0.931,0,30,Urban,Residential,0,,
C00237,2,677.99,764.03,459.12,218.87,233.15,4.329,0.933,12,30,Semi-Urban,Commercial,0,764.03,764.03
C00481,6,274.11,239.77,174.11,100.0,242.58,1.758,0.893,9,29,Urban,Residential,0,259.92333333333335,241.994
C01070,6,1194.5,1385.64,679.74,514.76,236.26,7.509,0.935,13,30,Semi-Urban,Commercial,0,1231.49,1106.688
C00904,5,378.05,377.59,214.71,163.34,221.38,2.674,0.887,3,28,Semi-Urban,Residential,0,333.06666666666666,321.47
C01435,2,710.6,604.17,521.03,189.57,,4.46,0.99,1,30,Urban,Commercial,0,604.17,604.17
C00374,2,3673.89,3444.35,2242.25,1431.64,226.08,26.445,0.853,7,28,Rural,Industrial,0,3444.35,3444.35
C00535,6,1572.34,1811.33,888.07,684.28,224.05,10.741,0.907,5,29,Urban,Industrial,0,1610.9166666666667,1567.224
C01176,1,257.56,,167.63,89.93,224.65,1.737,0.917,9,30,Semi-Urban,Residential,0,,
C00104,3,171.98,138.66,118.54,53.44,224.57,1.203,0.884,10,28,Semi-Urban,Residential,0,145.125,145.125
C01092,6,326.2,348.42,214.81,111.4,227.67,2.182,0.912,17,30,Rural,Residential,0,345.3433333333333,320.762
C00455,5,507.38,437.74,307.12,200.26,232.19,3.364,0.902,5,30,Semi-Urban,Commercial,0,356.26666666666665,347.935
C00857,3,287.08,313.48,168.75,118.33,227.42,1.965,0.892,1,28,Semi-Urban,Residential,0,291.86,291.86
C00783,2,309.15,253.73,223.72,85.43,227.73,2.08,0.907,13,28,Semi-Urban,Residential,0,253.73,253.73
C01377,4,144.29,196.93,49.01,95.28,231.36,1.69,0.513,0,28,Rural,Residential,1,175.62,175.62
C00499,4,387.27,95.82,228.19,159.08,221.22,2.53,0.961,13,30,Urban,Residential,0,237.62,237.62
C00485,3,336.34,256.36,211.59,124.74,230.24,2.049,0.99,10,29,Rural,Residential,0,267.315,267.315
C00471,6,1241.32,1323.33,773.41,467.91,223.64,8.234,0.936,18,29,Rural,Commercial,0,1154.7833333333335,1090.336
C00647,6,1267.84,1269.6,778.68,489.16,232.43,8.427,0.899,3,30,Rural,Commercial,0,1225.07,1157.152
C01043,2,186.49,158.18,137.82,48.66,231.61,1.271,0.88,11,28,Semi-Urban,Residential,0,158.18,158.18
C00680,2,847.17,893.53,633.95,213.22,231.59,5.381,0.944,12,28,Semi-Urban,Commercial,0,893.53,893.53
C00108,6,710.86,686.64,489.32,221.54,228.78,,0.92,14,30,Rural,Commercial,0,596.7633333333334,555.96
C00897,3,132.56,167.65,96.99,35.56,226.3,0.882,0.922,6,30,Urban,Residential,0,157.04500000000002,157.04500000000002
C01322,5,1255.56,1031.92,849.76,405.8,220.28,7.997,0.99,3,30,Rural,Commercial,0,949.5333333333333,919.125
C01149,2,1668.78,1393.35,1036.32,632.47,230.03,10.639,0.947,1,29,Urban,Industrial,0,1393.35,1393.35
C01011,5,685.3,725.46,405.26,280.05,240.48,4.104,0.964,4,29,Semi-Urban,Commercial,0,582.7333333333333,583.1325
C00007,2,171.92,178.52,98.92,72.99,227.64,1.089,0.964,13,30,Urban,Residential,0,178.52,178.52
C01199,1,256.81,,160.81,96.01,230.82,,0.908,9,30,Semi-Urban,Residential,0,,
C01419,2,139.9,143.97,95.71,44.19,234.01,0.914,0.909,1,29,Urban,Residential,0,143.97,143.97
C00004,2,235.85,244.79,141.14,94.72,231.7,1.537,0.92,2,30,Urban,Residential,0,244.79,244.79
C00560,2,318.71,324.31,207.17,111.54,224.63,2.051,0.961,12,30,Semi-Urban,Residential,0,324.31,324.31
C00706,1,185.84,,127.84,58.0,231.78,1.29,0.863,1,29,Semi-Urban,Residential,0,,
C00522,2,265.57,260.48,152.61,112.95,234.51,1.674,0.939,8,29,Urban,Residential,0,260.48,260.48
C00188,2,1342.48,1143.78,871.56,470.92,224.4,9.035,0.92,9,28,Urban,Commercial,0,1143.78,1143.78
C00261,2,148.69,291.16,94.71,53.97,240.18,0.944,0.911,14,30,Rural,Residential,0,291.16,291.16
C00511,6,259.82,352.62,163.36,96.47,232.73,1.63,0.951,13,30,Urban,Residential,0,295.74,259.854
C00090,5,4488.74,3624.49,3292.53,1196.21,227.42,30.22,0.907,15,30,Urban,Industrial,0,3194.6366666666668,3073.0775
C00730,4,157.06,152.97,98.38,58.68,226.83,1.022,0.941,0,28,Urban,Residential,0,137.85666666666668,137.85666666666668
C01013,5,1362.32,1228.83,756.38,605.94,236.24,8.338,0.961,9,30,Urban,Commercial,0,1074.7166666666667,1055.1875
C00691,2,149.82,158.57,90.89,58.93,227.19,0.964,0.95,4,30,Urban,Residential,0,158.57,158.57
C00553,1,311.84,,192.74,119.1,235.84,1.855,0.99,2,30,Urban,Residential,0,,
C00356,3,334.12,291.26,234.13,99.99,226.48,2.158,0.95,0,30,Urban,Residential,0,274.86,274.86
C00672,3,121.35,144.74,79.0,42.35,225.77,0.764,0.977,17,30,Semi-Urban,Residential,1,160.74,160.74
C00501,2,203.09,188.33,134.26,68.84,228.4,1.412,0.875,5,28,Urban,Residential,0,188.33,188.33
C00968,2,207.5,183.07,149.06,58.44,227.71,1.449,0.873,14,29,Urban,Residential,0,183.07,183.07
C01012,4,660.76,385.78,386.11,274.65,233.57,4.243,0.926,19,30,Urban,Commercial,0,437.95666666666665,437.95666666666665
C00437,5,3724.87,1870.76,2388.0,1336.87,223.54,26.253,0.882,14,29,Semi-Urban,Industrial,0,2882.78,2959.0575
C00058,5,268.46,251.54,186.22,82.24,229.58,1.866,0.87,0,29,Semi-Urban,Residential,0,225.73999999999998,212.95499999999998
C00609,2,260.16,281.62,174.12,86.04,230.67,1.713,0.914,19,30,Urban,Residential,0,281.62,281.62
C00105,1,172.23,,113.96,58.28,221.55,1.198,0.901,3,29,Urban,Residential,0,,
C00499,5,294.34,387.27,204.49,89.85,235.89,3.32,0.522,13,30,Urban,Residential,1,274.04333333333335,275.0325
C00748,6,5121.57,4824.07,3141.47,1980.1,238.59,33.172,0.899,1,30,Urban,Industrial,0,4154.966666666666,4119.12
C00123,5,289.75,300.42,206.02,83.73,226.96,1.879,0.944,10,30,Urban,Residential,0,265.41,247.275
C00795,4,323.28,238.51,219.16,104.11,237.06,2.079,0.911,3,28,Urban,Residential,0,267.73,267.73
C00535,1,1520.37,,1073.39,446.98,228.18,10.374,0.892,5,30,Urban,Industrial,0,,
C00122,5,4176.73,3483.73,3100.98,1075.75,221.14,29.332,0.894,5,30,Urban,Industrial,0,3203.06,3228.1825
C01046,5,1413.31,1399.92,878.42,534.89,232.81,8.94,0.943,12,29,Semi-Urban,Commercial,0,1184.91,1150.535
C01004,5,302.56,297.82,202.73,99.84,219.58,2.184,0.876,14,30,Rural,Residential,0,269.1033333333333,262.93
C00314,3,1004.29,926.26,710.13,294.16,227.35,7.101,0.864,3,29,Semi-Urban,Commercial,0,963.79,963.79
C00634,2,1070.1,1095.38,699.71,370.39,225.74,7.818,0.842,7,30,Semi-Urban,Commercial,0,1095.38,1095.38
C00200,6,264.37,278.04,164.72,99.66,,1.787,0.863,4,29,Semi-Urban,Residential,0,249.5566666666667,230.93
C00169,3,151.34,156.64,100.84,50.5,224.99,1.037,0.901,2,30,Urban,Residential,0,154.795,154.795
C00734,4,155.36,136.81,96.7,58.66,235.64,0.977,0.938,4,29,Urban,Residential,0,130.69666666666666,130.69666666666666
C01284,5,893.74,875.8,556.44,337.3,226.36,6.009,0.913,19,29,Semi-Urban,Commercial,0,804.0433333333334,773.35
C00940,5,768.77,765.13,573.89,194.88,237.65,4.766,0.943,5,30,Urban,Commercial,0,758.3233333333334,726.35
C01497,1,2840.37,,2008.26,832.12,233.04,19.309,0.877,13,28,Urban,Industrial,0,,
C00992,3,202.65,186.74,123.05,79.6,224.87,1.387,0.903,11,30,Urban,Residential,0,169.965,169.965
C01239,3,189.44,190.32,135.5,53.94,232.76,1.159,0.975,13,30,Semi-Urban,Residential,0,170.365,170.365
C00870,2,199.62,222.46,124.11,75.5,224.99,1.358,0.908,8,28,Semi-Urban,Residential,0,222.46,222.46
C00487,3,146.79,150.24,87.74,59.05,239.27,0.904,0.943,5,30,Urban,Residential,0,163.19,163.19
C00182,2,153.49,161.68,88.24,65.25,229.06,0.94,0.99,1,29,Rural,Residential,0,161.68,161.68
C00621,2,441.03,436.57,323.39,117.64,224.24,3.015,0.906,15,30,Urban,Commercial,0,436.57,436.57
C01093,2,280.92,317.72,185.16,95.77,231.5,1.755,0.96,11,30,Semi-Urban,Residential,0,317.72,317.72
C00370,2,285.78,266.24,168.21,117.56,228.0,1.94,0.897,3,29,Rural,Residential,0,266.24,266.24
C00889,4,406.53,335.89,240.62,165.91,234.66,2.543,0.946,6,29,Urban,Residential,0,313.70666666666665,313.70666666666665
C00186,3,200.23,136.06,121.18,79.05,232.12,1.327,0.903,11,30,Rural,Residential,0,140.28,140.28
C00894,3,4020.6,3293.48,2574.56,1446.04,228.77,27.01,0.904,12,28,Urban,Industrial,0,3232.995,3232.995
C00878,2,227.6,235.12,132.78,94.81,229.37,1.585,0.869,13,28,Rural,Residential,0,235.12,235.12
C00482,2,315.84,291.4,211.73,104.12,229.32,2.033,0.941,8,29,Urban,Residential,0,291.4,291.4
C00056,4,277.92,83.97,157.1,120.82,231.16,1.732,0.964,10,29,Urban,Residential,0,197.1966666666667,197.1966666666667
C00660,2,141.64,171.49,90.44,51.19,229.17,0.903,0.95,16,29,Urban,Residential,0,171.49,171.49
C00921,2,132.42,129.2,73.33,59.09,237.18,0.836,0.928,6,30,Urban,Residential,0,129.2,129.2
C01394,4,314.61,333.05,210.4,104.21,226.22,2.048,0.943,7,29,Urban,Residential,0,275.27,275.27
C00553,3,351.8,330.2,261.73,90.07,230.11,2.239,0.949,2,30,Urban,Residential,0,321.02,321.02
C01375,3,216.62,235.35,147.89,68.74,229.59,1.405,0.933,7,29,Rural,Residential,0,220.175,220.175
C00608,5,251.36,258.54,170.8,80.56,227.1,1.604,0.959,16,29,Urban,Residential,0,235.13666666666668,227.955
C00275,6,228.08,208.78,140.06,88.02,231.01,1.461,0.939,13,28,Rural,Residential,0,192.36,171.424
C00827,1,1127.16,,707.75,419.41,226.73,7.652,0.902,2,29,Urban,Commercial,0,,
C01075,2,507.99,640.8,287.3,220.69,223.71,3.6,0.876,9,30,Semi-Urban,Commercial,0,640.8,640.8
C00505,3,320.12,282.2,209.54,110.57,233.0,1.988,0.96,15,30,Urban,Residential,0,270.41999999999996,270.41999999999996
C01093,5,349.65,454.62,198.59,151.06,229.14,2.223,0.953,11,28,Semi-Urban,Residential,0,361.56666666666666,350.605
C01160,3,357.75,305.91,227.36,130.38,220.71,2.411,0.934,10,30,Urban,Residential,0,297.98,297.98
C00703,5,263.43,279.85,155.56,107.87,235.57,1.783,0.871,16,30,Urban,Residential,0,249.09333333333333,248.635
C01261,6,336.09,325.79,225.8,110.28,230.0,2.265,0.896,19,29,Urban,Residential,0,319.2166666666667,293.582
C00440,5,400.12,353.94,268.11,132.01,227.87,2.784,0.876,12,29,Semi-Urban,Residential,0,339.0933333333333,318.9525
C01038,6,390.96,369.08,262.71,128.24,233.51,2.498,0.931,3,28,Rural,Residential,0,346.3233333333333,328.712
C00599,5,357.62,334.35,246.85,110.76,225.33,2.323,0.949,12,30,Rural,Residential,0,277.5566666666667,265.28
C01444,3,152.77,318.86,97.27,55.51,227.22,1.082,0.863,18,30,Urban,Residential,0,295.84000000000003,295.84000000000003
C00792,4,1649.82,2302.83,1211.98,437.84,222.62,11.374,0.905,3,29,Rural,Industrial,0,2086.0,2086.0
C00677,5,255.99,233.44,185.8,70.19,233.02,1.773,0.86,7,30,Urban,Residential,0,195.12666666666667,191.875
C00748,5,4824.07,4019.39,3354.1,1469.98,233.37,34.002,0.844,1,29,Urban,Industrial,0,3846.866666666667,3942.8825
C00004,6,305.56,370.26,176.46,129.1,233.1,1.993,0.914,2,29,Urban,Residential,0,322.65000000000003,289.71799999999996
C01074,5,707.83,719.45,415.02,292.81,226.36,4.695,0.925,15,28,Urban,Commercial,0,554.1133333333333,541.245
C00646,1,3524.7,,2556.78,967.92,220.33,23.548,0.944,16,30,Rural,Industrial,0,,
C00955,5,678.95,762.7,384.48,294.48,226.56,4.343,0.958,11,29,Semi-Urban,Commercial,0,622.8633333333333,593.2925
C00799,2,211.01,221.67,125.74,85.27,,1.306,0.965,11,30,Rural,Residential,0,221.67,221.67
C00266,4,191.21,179.78,119.89,71.32,237.21,1.267,0.884,9,29,Urban,Residential,0,156.08666666666667,156.08666666666667
C00300,1,266.45,,187.12,79.33,227.64,1.848,0.88,0,30,Semi-Urban,Residential,0,,
C00742,2,276.38,285.76,205.34,71.05,232.88,1.867,0.883,14,28,Urban,Residential,0,285.76,285.76
C00246,3,323.02,368.97,225.64,97.37,230.88,2.126,0.914,19,30,Urban,Residential,0,364.755,364.755
C00877,6,319.54,302.03,193.33,126.21,232.75,2.366,0.806,16,29,Rural,Residential,0,309.26,287.878
C01155,4,199.14,250.46,126.27,72.87,234.37,1.207,0.978,8,29,Semi-Urban,Residential,0,207.91333333333333,207.91333333333333
C01266,1,311.86,,173.55,138.31,225.15,2.093,0.919,18,29,Semi-Urban,Residential,0,,
C00784,4,248.28,212.93,177.5,70.78,223.7,1.712,0.9,19,30,Urban,Residential,0,216.29666666666665,216.29666666666665
C00573,6,4741.95,4943.17,3494.47,1247.48,227.24,30.67,0.945,0,29,Semi-Urban,Industrial,0,4616.829999999999,4315.192
C01236,4,215.55,169.63,128.87,86.68,219.75,1.53,0.891,8,29,Semi-Urban,Residential,0,163.90666666666667,163.90666666666667
C01082,6,599.71,623.42,334.84,264.87,225.69,3.803,0.97,9,30,Urban,Commercial,0,597.75,552.038
C01244,6,2479.84,2746.94,1396.39,1083.45,225.82,16.402,0.93,14,28,Rural,Industrial,0,2473.4266666666667,2327.5879999999997
C01079,3,1024.12,1032.24,702.54,321.58,222.56,7.306,0.875,0,29,Semi-Urban,Commercial,0,1025.1399999999999,1025.1399999999999
C00590,2,157.14,143.92,98.51,58.64,233.37,1.092,0.856,10,30,Urban,Residential,0,143.92,143.92
C00356,2,291.26,258.46,180.59,110.67,230.03,2.048,0.859,0,30,Urban,Residential,0,258.46,258.46
C00481,1,203.96,,126.74,77.22,227.7,1.461,0.852,9,30,Urban,Residential,0,,
C00541,6,214.56,230.15,137.42,77.14,235.92,1.347,0.937,15,29,Semi-Urban,Residential,0,221.65,197.244
C00639,6,291.84,344.42,172.93,118.91,226.51,1.808,0.99,9,30,Urban,Residential,0,326.85999999999996,292.41999999999996
C00842,1,507.76,,372.84,134.92,224.1,3.416,0.921,13,28,Urban,Commercial,0,,
C00083,5,337.26,403.56,251.95,85.32,241.33,2.099,,19,30,Rural,Residential,0,317.31666666666666,291.7925
C00915,5,2770.56,2949.9,1988.12,782.44,230.92,17.163,0.971,4,30,Urban,Industrial,0,2391.7766666666666,2246.725
C00344,6,1401.18,1253.97,960.82,440.35,233.65,8.554,0.974,15,30,Rural,Commercial,0,1317.29,1195.184
C00436,6,338.71,389.54,207.62,131.09,225.57,2.305,0.905,18,29,Urban,Residential,0,325.55,298.386
C01279,3,224.11,197.33,162.07,62.04,224.71,1.453,0.953,2,30,Urban,Residential,0,187.78500000000003,187.78500000000003
C00006,4,4402.44,5805.43,2645.13,1757.31,224.26,27.947,0.976,1,29,Urban,Industrial,0,4687.043333333334,4687.043333333334
C01039,5,148.28,168.92,91.07,57.2,228.33,0.93,0.97,16,30,Semi-Urban,Residential,0,137.50333333333333,138.4425
C00009,3,310.81,109.25,190.84,119.97,236.53,1.982,0.921,12,30,Urban,Residential,0,184.86,184.86
C00125,4,246.24,178.57,138.16,108.08,227.16,1.563,0.963,17,30,Semi-Urban,Residential,0,168.24333333333334,168.24333333333334
C00338,4,252.13,230.28,158.52,93.61,229.87,1.624,0.938,17,29,Rural,Residential,0,206.78333333333333,206.78333333333333
C01262,4,295.76,47.33,187.86,107.9,232.82,1.875,0.941,0,30,Semi-Urban,Residential,0,136.79333333333332,136.79333333333332
C00423,3,330.49,304.55,182.44,148.05,229.17,2.212,0.906,2,30,Urban,Residential,0,319.355,319.355
C00278,4,319.05,256.51,221.37,97.68,236.19,1.908,0.983,9,30,Urban,Residential,0,208.8033333333333,208.8033333333333
C00506,6,251.84,281.27,139.01,112.83,230.94,1.554,0.974,14,29,Urban,Residential,0,271.74666666666667,234.53000000000003
C00084,3,192.92,173.13,114.84,78.09,234.59,1.284,0.889,10,30,Urban,Residential,0,167.51,167.51
C00500,2,297.27,267.73,181.29,115.98,234.13,1.986,,5,30,Semi-Urban,Residential,0,267.73,267.73
C00844,5,2649.53,2369.05,1498.34,1151.19,226.97,17.279,0.938,6,30,Semi-Urban,Industrial,0,2106.43,2009.5725
C01312,6,285.08,255.8,203.99,81.09,231.0,1.765,0.971,4,29,Urban,Residential,0,242.14666666666668,229.37600000000003
C00669,4,254.74,163.52,169.31,85.43,226.73,1.708,0.913,11,29,Urban,Residential,0,171.33,171.33
C00777,5,1197.55,933.61,876.44,321.12,216.56,8.434,,15,29,Urban,Commercial,0,932.9566666666666,904.7025
C00837,6,1148.07,1216.17,691.5,456.57,229.61,7.143,0.972,12,29,Semi-Urban,Commercial,0,1163.7066666666667,1057.836
C01367,6,163.29,175.44,113.83,49.46,234.35,1.107,0.874,12,29,Rural,Residential,0,144.10666666666665,135.86399999999998
C00449,4,3183.76,2722.67,1789.68,1394.08,229.03,20.384,0.947,15,29,Semi-Urban,Industrial,0,2848.7533333333336,2848.7533333333336
C00833,6,1379.38,1313.61,938.17,441.2,228.45,9.085,0.923,15,30,Semi-Urban,Commercial,0,1230.5466666666669,1130.03
C00591,2,321.76,274.52,192.1,129.67,229.02,2.054,0.95,7,30,Rural,Residential,0,274.52,274.52
C00346,6,248.43,268.77,167.67,80.76,228.83,1.742,0.865,5,28,Semi-Urban,Residential,0,283.16,264.712
C01198,6,373.99,380.06,218.83,155.15,226.83,2.477,0.924,16,30,Rural,Residential,0,358.9433333333333,340.61
C00041,6,315.1,278.08,181.72,133.38,224.15,2.425,0.805,11,28,Urban,Residential,0,309.1333333333333,291.774
C00025,6,1103.5,1273.26,677.71,425.79,220.77,7.737,0.897,9,30,Urban,Commercial,0,1163.74,1066.4180000000001
C00323,6,373.3,422.49,227.07,146.23,229.06,2.43,0.931,0,30,Semi-Urban,Residential,0,384.07,347.42600000000004
C00031,6,383.6,427.44,247.74,135.86,223.91,2.642,0.901,18,28,Rural,Residential,0,362.1466666666667,322.13800000000003
C00816,2,214.38,218.33,143.1,71.28,223.67,1.389,0.958,4,30,Urban,Residential,0,218.33,218.33
C00678,6,399.55,429.5,262.46,137.09,230.6,2.731,0.881,19,29,Urban,Residential,0,398.99,364.372
C01001,6,734.71,501.12,447.22,287.49,225.69,5.115,0.884,15,30,Semi-Urban,Commercial,0,551.37,538.798
C00220,2,148.8,140.28,99.88,48.92,229.79,0.99,0.909,16,30,Semi-Urban,Residential,0,140.28,140.28
C01037,3,563.43,552.02,358.07,205.36,236.61,3.645,0.907,8,30,Semi-Urban,Commercial,0,541.5999999999999,541.5999999999999
C01176,5,300.28,291.31,179.26,121.02,223.99,2.056,0.906,9,30,Semi-Urban,Residential,0,254.92666666666665,255.58499999999998
C00716,6,1008.65,1071.07,696.88,311.77,234.61,6.338,0.942,1,29,Urban,Commercial,0,1064.5833333333333,975.7520000000001
C00785,5,176.77,32.47,114.98,61.79,234.03,1.106,0.948,1,30,Semi-Urban,Residential,0,69.14,85.105
C01306,5,333.15,289.08,201.94,131.21,235.3,2.137,0.92,8,29,Semi-Urban,Residential,0,309.75,302.8675
C00749,2,241.25,249.45,164.09,77.15,227.9,1.604,0.917,13,29,Urban,Residential,0,249.45,249.45
C00434,5,212.46,199.91,127.5,84.96,232.21,1.331,0.955,7,30,Urban,Residential,0,185.99,183.8075
C00289,1,210.64,,133.1,77.54,234.47,1.337,0.933,15,28,Urban,Residential,0,,
C01094,4,1154.84,826.22,751.22,403.62,231.38,7.621,0.91,19,29,Urban,Commercial,0,877.3866666666667,877.3866666666667
C00355,1,159.06,,93.54,65.52,229.32,1.158,0.832,10,29,Semi-Urban,Residential,0,,
C00092,5,362.14,362.46,249.83,112.31,227.02,2.412,0.919,16,29,Rural,Residential,0,308.40000000000003,308.8725
C00222,3,140.13,155.34,92.67,47.45,230.33,0.859,0.984,2,29,Urban,Residential,0,143.10000000000002,143.10000000000002
C00353,4,895.24,796.66,593.66,301.58,220.78,6.348,0.887,9,30,Urban,Commercial,0,798.1566666666668,798.1566666666668
C01125,6,239.74,243.11,170.49,69.25,224.4,1.569,0.946,7,30,Rural,Residential,0,238.40333333333334,214.1
C00003,6,134.76,133.6,85.0,49.76,231.51,0.938,0.862,12,28,Urban,Residential,0,131.40666666666667,129.004
C01378,4,442.36,349.73,308.78,133.58,234.54,2.861,0.916,18,30,Urban,Residential,0,317.21000000000004,317.21000000000004
C01132,3,132.61,120.94,76.68,55.93,233.77,0.855,0.922,2,30,Semi-Urban,Residential,0,122.06,122.06
C00488,1,243.01,,150.15,92.86,237.6,1.503,0.945,8,30,Urban,Residential,0,,
C00745,1,233.11,,153.35,79.76,222.81,1.559,0.932,7,30,Urban,Residential,0,,
C01069,1,270.96,,153.36,117.61,230.83,1.7,0.959,12,29,Rural,Residential,0,,
C00297,5,397.14,358.5,293.2,103.94,223.75,2.721,0.906,14,30,Urban,Residential,0,306.8533333333333,292.65250000000003
C01233,5,147.97,91.89,96.85,51.12,226.57,0.999,0.908,4,29,Rural,Residential,0,114.97333333333331,119.95249999999999
C00772,6,208.86,223.13,156.11,52.75,225.78,1.371,0.937,7,30,Rural,Residential,0,204.49333333333334,185.53799999999998
C00193,2,246.54,263.58,178.82,67.72,233.15,1.769,0.83,9,30,Rural,Residential,0,263.58,263.58
C01032,3,1057.18,853.57,635.76,421.42,232.79,7.677,0.822,5,30,Urban,Commercial,0,923.975,923.975
C00413,2,938.23,845.75,693.49,244.74,234.37,6.475,0.859,13,30,Semi-Urban,Commercial,0,845.75,845.75
C01193,1,306.1,,183.59,122.51,238.34,1.821,0.98,19,30,Semi-Urban,Residential,0,,
C01407,5,1045.56,1220.43,662.24,383.32,230.01,6.472,0.976,4,29,Semi-Urban,Commercial,0,1042.49,1007.9025
C00292,2,265.85,257.99,172.71,93.14,221.09,1.975,0.846,6,30,Urban,Residential,0,257.99,257.99
C00511,5,352.62,287.42,214.19,138.44,243.68,2.216,0.907,13,30,Urban,Residential,0,240.85,236.6625
C01046,4,1399.92,1181.65,871.79,528.12,231.57,9.45,0.888,12,28,Semi-Urban,Commercial,0,1067.4066666666668,1067.4066666666668
C00720,6,394.24,401.26,223.54,170.7,231.97,2.593,0.91,5,28,Rural,Residential,0,390.3,351.976
C01370,2,213.96,221.65,128.79,85.17,236.83,1.403,0.895,17,30,Urban,Residential,0,221.65,221.65
C00500,3,350.36,297.27,232.22,118.14,230.32,2.49,0.848,5,30,Semi-Urban,Residential,0,282.5,282.5
C00444,6,530.74,401.26,396.43,134.31,234.72,3.19,0.984,8,29,Semi-Urban,Commercial,0,399.83,371.796
C00029,1,3539.94,,2185.56,1354.38,230.38,,0.869,0,30,Urban,Industrial,0,,
C00811,1,2546.76,,1514.41,1032.35,242.55,15.911,0.917,8,30,Urban,Industrial,0,,
C01390,1,194.55,,131.2,63.35,229.81,1.49,0.789,19,29,Rural,Residential,0,,
C01436,5,1176.65,1135.66,720.54,456.1,230.8,7.572,0.935,8,29,Semi-Urban,Commercial,0,958.4166666666666,928.9275
C00311,5,1180.04,1404.94,867.0,313.04,233.5,7.228,0.971,13,30,Semi-Urban,Commercial,0,1103.0533333333333,1061.885
C01250,3,189.3,179.7,124.24,65.05,241.65,1.281,0.849,7,30,Semi-Urban,Residential,0,177.795,177.795
C01393,5,363.26,382.96,217.1,146.16,229.2,2.353,0.935,5,28,Urban,Residential,0,347.6366666666667,328.06
C00680,5,1071.62,1054.39,749.9,321.72,225.68,6.785,0.972,12,29,Semi-Urban,Commercial,0,995.0433333333334,969.665
C01277,5,386.18,357.22,275.66,110.52,231.74,2.484,0.932,7,28,Urban,Residential,0,314.7666666666667,300.4225
C01345,1,153.5,,90.24,63.27,227.25,0.971,0.966,19,30,Urban,Residential,0,,
C00279,5,1176.49,733.69,727.23,449.26,236.93,7.502,0.919,13,29,Urban,Commercial,0,864.5533333333333,833.4575
C00567,2,144.69,154.57,87.89,56.79,230.64,0.92,0.948,10,30,Urban,Residential,0,154.57,154.57
C01019,6,234.7,241.9,156.57,78.13,236.55,1.492,0.923,19,30,Rural,Residential,0,239.97666666666666,234.686
C00120,5,445.33,330.06,271.64,173.69,231.12,3.043,0.879,4,28,Semi-Urban,Residential,0,322.12333333333333,315.3075
C01060,1,280.31,,197.63,82.68,226.78,1.874,0.916,18,30,Urban,Residential,0,,
C00521,6,420.9,420.82,275.73,145.17,227.58,2.745,0.936,7,30,Urban,Residential,0,393.89000000000004,356.91999999999996
C01479,2,4021.73,3077.28,2547.21,1474.52,230.24,26.341,0.921,9,30,Semi-Urban,Industrial,0,3077.28,3077.28
C00082,2,453.89,452.13,338.04,115.85,221.34,2.907,0.98,1,30,Rural,Commercial,0,452.13,452.13
C01193,3,271.18,295.94,162.23,108.95,233.7,1.815,0.888,19,29,Semi-Urban,Residential,0,301.02,301.02
C00576,5,1128.67,1093.73,622.26,506.42,223.17,7.095,0.99,9,30,Urban,Commercial,0,966.9066666666666,933.895
C00526,1,149.07,,111.09,37.99,227.1,0.954,0.956,9,30,Semi-Urban,Residential,0,,
C01181,2,221.77,225.93,147.64,74.13,224.85,1.576,0.869,10,29,Semi-Urban,Residential,0,225.93,225.93
C00224,2,292.42,291.45,165.56,126.86,226.4,1.892,0.948,15,30,Urban,Residential,0,291.45,291.45
C00954,6,422.54,561.82,258.95,163.58,232.16,2.565,0.985,0,29,Urban,Commercial,0,503.07,446.942
C00759,6,1801.58,1758.05,1126.32,675.26,220.97,11.776,0.962,1,30,Urban,Industrial,0,1763.51,1586.7459999999999
C00396,4,383.41,349.92,242.2,141.21,232.64,2.475,0.925,9,28,Urban,Residential,0,323.7366666666667,323.7366666666667
C00432,3,310.56,239.66,215.94,94.62,234.01,2.083,0.885,12,29,Rural,Residential,0,245.385,245.385
C01075,5,658.33,653.75,381.47,276.86,233.43,4.194,0.934,9,28,Semi-Urban,Commercial,0,601.1133333333333,611.035
C01009,6,161.89,166.52,107.3,54.58,230.6,1.084,0.9,6,29,Urban,Residential,0,145.12666666666667,138.474
C00215,4,1048.51,897.25,693.65,354.86,223.91,7.446,0.873,17,30,Rural,Commercial,0,861.0966666666667,861.0966666666667
C01469,1,118.21,,74.49,43.72,230.62,,0.838,16,30,Semi-Urban,Residential,0,,
C01154,1,259.14,,146.5,112.64,229.32,1.636,0.959,6,30,Rural,Residential,0,,
C00899,4,5406.45,5034.46,3429.22,1977.24,229.04,33.505,0.979,2,30,Semi-Urban,Industrial,0,4619.426666666667,4619.426666666667
C00535,5,1811.33,1639.53,1100.17,711.15,222.81,12.411,0.91,5,30,Urban,Industrial,0,1501.4733333333334,1506.1975
C00723,5,1021.4,1068.18,661.08,360.31,217.86,7.244,0.899,6,30,Semi-Urban,Commercial,0,930.5600000000001,932.6575
C00417,3,133.95,130.74,73.74,60.21,230.1,0.851,0.95,17,29,Semi-Urban,Residential,0,130.595,130.595
C01283,6,179.22,189.52,98.97,80.26,234.81,1.153,0.919,11,29,Urban,Residential,0,178.42666666666665,168.93400000000003
C00059,6,231.04,214.49,153.88,77.16,222.3,1.458,0.99,9,30,Urban,Residential,0,179.24,184.15
C01253,1,131.12,,74.58,56.54,232.8,0.936,0.836,7,30,Urban,Residential,0,,
C00584,1,220.84,,129.48,91.36,227.58,1.379,0.977,3,29,Urban,Residential,0,,
C00081,4,748.35,722.1,493.38,254.97,226.42,5.223,0.879,5,29,Urban,Commercial,0,644.3566666666667,644.3566666666667
C01197,3,4131.18,3498.23,2713.43,1417.75,234.78,,0.89,0,29,Urban,Industrial,0,3672.0950000000003,3672.0950000000003
C00484,3,223.88,217.4,160.07,63.81,235.42,1.424,,16,30,Urban,Residential,0,213.775,213.775
C00699,3,221.71,175.99,140.64,81.07,225.39,1.476,,1,30,Semi-Urban,Residential,0,167.085,167.085
C01070,1,926.45,,655.31,271.14,226.98,6.119,0.926,13,28,Semi-Urban,Commercial,0,,
C01279,4,236.05,224.11,142.68,93.37,232.64,1.615,0.872,2,30,Urban,Residential,0,199.89333333333335,199.89333333333335
C01296,2,3303.45,3958.27,2108.62,1194.83,234.51,20.019,0.977,10,29,Urban,Industrial,0,3958.27,3958.27
C01270,3,142.35,122.69,84.24,58.11,228.94,0.896,0.963,0,30,Semi-Urban,Residential,0,136.98000000000002,136.98000000000002
C01364,5,239.41,215.07,171.48,67.93,234.0,1.531,0.928,2,30,Urban,Residential,0,193.39333333333335,189.67000000000002
C01029,2,194.15,191.1,107.94,86.21,227.93,1.271,0.931,17,30,Semi-Urban,Residential,0,191.1,191.1
C00487,6,216.38,168.3,135.72,80.66,222.61,1.408,0.959,5,29,Urban,Residential,0,175.78333333333333,170.746
C00143,5,608.2,855.98,354.88,253.32,227.68,6.057,0.613,18,29,Semi-Urban,Commercial,1,795.6166666666667,771.505
C00175,1,161.98,,106.5,55.48,228.75,1.126,0.873,2,28,Urban,Residential,0,,
C00410,3,630.21,654.59,349.99,280.23,225.67,4.33,0.896,11,30,Urban,Commercial,0,621.335,621.335
C00076,4,282.39,291.11,189.81,92.58,231.12,2.882,0.589,6,28,Urban,Residential,1,310.4766666666667,310.4766666666667
C00128,5,196.99,255.03,115.3,81.7,227.54,1.314,0.915,16,30,Urban,Residential,0,210.98333333333332,202.635
C01420,4,1204.48,860.69,893.5,310.97,227.8,8.315,0.883,15,28,Semi-Urban,Commercial,0,808.9033333333333,808.9033333333333
C00959,2,987.19,841.7,621.1,366.09,229.72,6.511,0.917,9,30,Urban,Commercial,0,841.7,841.7
C01329,4,340.07,296.06,201.39,138.68,235.8,2.173,0.922,7,30,Urban,Residential,0,239.15333333333334,239.15333333333334
C01281,5,464.74,404.68,283.05,181.69,234.27,2.915,0.945,17,30,Rural,Residential,0,363.73,361.72249999999997
C00114,5,311.92,322.12,210.76,101.16,233.02,2.048,0.908,14,29,Semi-Urban,Residential,0,301.24666666666667,310.98
C01420,3,860.69,788.53,504.13,356.56,233.42,,0.922,15,30,Semi-Urban,Commercial,0,783.01,783.01
C00675,5,833.25,646.65,545.64,287.61,227.13,5.747,0.887,8,30,Rural,Commercial,0,627.3966666666666,617.3225
C00335,3,280.94,170.5,155.51,125.43,224.14,1.791,0.972,2,29,Rural,Residential,0,191.965,191.965
C00147,4,380.88,283.41,275.34,105.54,228.82,2.499,0.925,8,29,Semi-Urban,Residential,0,305.70666666666665,305.70666666666665
C01260,5,687.32,602.1,473.1,214.21,233.27,4.134,0.99,11,30,Urban,Commercial,0,609.4533333333334,605.0425
C00848,1,300.31,,202.72,97.59,230.83,2.066,0.875,5,30,Urban,Residential,0,,
C00707,2,770.97,810.22,509.97,261.01,231.78,5.256,0.879,3,29,Semi-Urban,Commercial,0,810.22,810.22
C00429,2,232.55,267.44,162.91,69.64,235.55,1.459,0.94,11,30,Rural,Residential,0,267.44,267.44
C00849,3,329.62,290.46,243.63,85.99,235.05,2.101,0.927,9,30,Semi-Urban,Residential,0,278.17999999999995,278.17999999999995
C00963,4,283.59,303.15,174.76,108.83,230.75,1.897,0.9,11,29,Urban,Residential,0,281.84666666666664,281.84666666666664
C00945,6,525.42,606.71,353.35,172.07,223.55,3.648,0.895,7,29,Urban,Commercial,0,609.9866666666667,551.918
C00926,1,147.91,,96.19,51.72,232.89,1.02,0.865,2,29,Semi-Urban,Residential,0,,
C00706,2,192.76,185.84,140.28,52.47,227.14,1.199,0.983,1,29,Semi-Urban,Residential,0,185.84,185.84
C00542,3,2804.94,3036.92,1915.14,889.8,221.43,18.178,0.968,0,29,Urban,Industrial,0,2920.835,2920.835
C00977,3,304.61,221.95,179.03,125.58,232.0,1.916,0.952,12,30,Rural,Residential,0,242.97,242.97
C01117,6,224.19,216.5,134.42,89.77,223.55,1.506,,8,28,Urban,Residential,0,202.50666666666666,188.41199999999998
C01453,6,395.23,372.05,253.21,142.02,241.28,2.557,0.89,17,29,Urban,Residential,0,359.80333333333334,325.608
C01113,1,181.86,,112.52,69.34,231.11,1.143,0.956,6,30,Semi-Urban,Residential,0,,
C00235,3,242.25,230.77,167.57,74.67,229.27,1.551,0.946,0,30,Urban,Residential,0,223.09,223.09
C00580,6,169.54,175.78,98.64,70.91,232.96,1.021,0.99,15,30,Urban,Residential,0,189.73000000000002,175.154
C00620,4,230.92,254.75,147.01,83.92,239.96,,0.893,17,29,Semi-Urban,Residential,0,252.1933333333333,252.1933333333333
C01285,4,2602.46,2376.24,1545.88,1056.58,238.56,16.421,0.923,11,28,Rural,Industrial,0,2154.7633333333333,2154.7633333333333
C00612,3,267.92,253.83,161.07,106.85,230.12,1.765,0.916,6,28,Urban,Residential,0,234.32,234.32
C01128,3,870.3,732.14,583.92,286.38,226.77,5.488,0.971,10,30,Urban,Commercial,0,743.13,743.13
C01342,3,575.73,673.54,392.41,183.31,234.81,3.877,0.878,10,30,Urban,Commercial,0,647.9749999999999,647.9749999999999
C00790,6,228.9,268.26,129.29,99.61,232.64,1.624,0.841,14,30,Urban,Residential,0,271.93,253.792
C00181,5,237.31,216.38,142.96,94.35,224.91,1.712,0.856,15,29,Urban,Residential,0,187.9333333333333,184.0725
C00732,1,954.63,,655.2,299.43,229.46,6.145,0.94,6,30,Urban,Commercial,0,,
C00072,4,370.21,305.58,274.76,95.45,232.07,2.361,0.939,13,30,Rural,Residential,0,287.31333333333333,287.31333333333333
C00239,3,236.35,278.78,166.3,70.05,230.28,1.628,0.875,8,28,Semi-Urban,Residential,1,303.87,303.87
C01322,6,1075.3,1255.56,688.63,386.67,,6.433,0.99,3,30,Rural,Commercial,0,1088.98,986.4119999999999
C01345,6,210.97,187.76,139.33,71.63,233.05,1.386,0.907,19,28,Urban,Residential,0,174.51333333333332,163.082
C01499,4,371.02,331.26,277.07,93.94,227.72,2.293,0.987,16,30,Semi-Urban,Residential,0,277.74333333333334,277.74333333333334
C00330,5,244.94,198.09,180.88,64.05,234.72,1.548,0.936,2,30,Rural,Residential,0,218.28,211.505
C00605,3,1031.0,953.06,676.66,354.34,227.22,6.424,0.981,13,30,Urban,Commercial,0,997.98,997.98
C00581,2,826.84,784.23,560.89,265.95,233.92,5.37,0.914,4,29,Urban,Commercial,0,784.23,784.23
C00355,4,164.23,177.16,96.27,67.96,241.21,1.033,0.916,10,30,Semi-Urban,Residential,0,158.20666666666668,158.20666666666668
C00154,4,332.26,338.13,191.05,141.2,236.26,2.108,0.926,5,28,Urban,Residential,0,256.50666666666666,256.50666666666666
C00179,4,2743.75,2595.52,1605.69,1138.06,223.26,19.307,,0,30,Rural,Industrial,0,2626.463333333333,2626.463333333333
C00788,2,185.12,166.83,107.07,78.05,229.3,1.216,0.922,4,28,Urban,Residential,0,166.83,166.83
C00986,2,155.94,186.09,101.68,54.26,224.34,1.096,0.881,16,30,Rural,Residential,0,186.09,186.09
C00948,4,245.34,226.72,156.47,88.87,228.55,1.747,0.853,13,30,Semi-Urban,Residential,0,221.51999999999998,221.51999999999998
C00107,2,398.67,410.38,233.94,164.73,224.05,2.569,0.962,8,30,Urban,Commercial,0,410.38,410.38
C01158,1,160.53,,91.97,68.56,226.76,1.094,0.899,15,30,Semi-Urban,Residential,0,,
C00936,3,866.28,800.15,602.99,263.29,237.07,5.259,0.965,18,28,Urban,Commercial,0,854.38,854.38
C00039,6,2963.28,3398.4,2217.6,745.67,234.14,19.908,0.883,6,28,Semi-Urban,Industrial,0,3073.3433333333337,2763.8900000000003
C00317,2,405.51,449.58,266.41,139.11,234.63,2.765,0.868,13,30,Semi-Urban,Commercial,0,449.58,449.58
C00359,3,2666.5,3077.81,1624.06,1042.44,231.17,17.338,0.924,16,29,Semi-Urban,Industrial,0,3059.88,3059.88
C00295,2,147.71,120.94,109.5,38.21,245.52,0.918,0.911,18,30,Urban,Residential,0,120.94,120.94
C00450,4,258.99,278.95,178.0,80.99,228.77,1.834,0.858,16,30,Rural,Residential,0,236.08666666666667,236.08666666666667
C01215,5,327.63,347.67,204.61,123.01,233.05,2.199,0.888,13,30,Urban,Residential,0,319.19,313.045
C00997,5,646.63,887.36,177.3,469.33,234.04,4.171,0.92,3,28,Urban,Commercial,1,760.9499999999999,722.5875
C00893,2,78.31,183.97,57.03,21.28,229.68,0.512,0.924,13,29,Urban,Residential,0,183.97,183.97
C00866,4,551.52,425.07,344.15,207.38,227.63,,0.916,10,30,Semi-Urban,Commercial,0,430.5466666666666,430.5466666666666
C00199,1,177.14,,107.54,69.6,220.63,1.126,0.99,12,29,Semi-Urban,Residential,0,,
C01115,4,142.47,96.26,89.15,53.32,228.19,1.869,0.464,6,30,Urban,Residential,1,191.46333333333334,191.46333333333334
C00255,4,269.72,189.5,153.16,116.56,225.21,1.743,0.955,10,28,Urban,Residential,0,184.99666666666667,184.99666666666667
C00954,2,320.91,404.59,235.41,85.49,225.95,2.179,0.905,0,30,Urban,Commercial,0,404.59,404.59
C00705,1,595.67,,408.45,187.22,229.53,3.938,0.915,14,28,Rural,Commercial,0,,
C01217,4,352.05,173.99,213.05,139.0,234.25,2.328,0.897,14,28,Urban,Residential,0,220.03333333333333,220.03333333333333
C01144,1,130.24,,85.48,44.76,237.36,0.794,0.96,3,30,Urban,Residential,0,,
C00441,5,140.61,160.64,90.68,49.93,223.44,0.93,,9,30,Rural,Residential,0,138.30666666666667,132.4275
C00171,3,228.25,168.02,151.39,76.86,224.86,1.546,0.912,2,29,Urban,Residential,0,189.445,189.445
C00289,5,243.96,245.4,138.78,105.19,229.2,1.627,0.909,15,29,Urban,Residential,0,237.59666666666666,230.8575
C00274,5,277.78,281.82,202.41,75.37,232.29,1.705,0.974,4,28,Semi-Urban,Residential,0,234.55333333333337,234.73250000000002
C00192,2,305.06,315.05,210.2,94.86,231.67,2.098,0.872,5,29,Urban,Residential,0,315.05,315.05
C00707,4,1239.45,1113.78,817.78,421.67,230.98,8.029,0.928,3,30,Semi-Urban,Commercial,0,898.3233333333334,898.3233333333334
C01142,4,249.14,182.57,150.58,98.56,222.16,1.702,0.915,10,30,Rural,Residential,0,153.26,153.26
C01382,3,356.28,298.93,219.23,137.04,231.46,2.289,0.934,1,30,Rural,Residential,0,291.70500000000004,291.70500000000004
C00017,6,144.36,179.84,90.35,54.01,232.69,0.995,0.866,3,30,Rural,Residential,0,156.61333333333334,157.826
C00054,2,2175.37,2616.52,1248.64,926.73,232.62,15.272,0.85,16,30,Semi-Urban,Industrial,0,2616.52,2616.52
C00663,2,177.3,147.07,109.38,67.92,232.12,1.154,0.919,19,30,Rural,Residential,0,147.07,147.07
C00613,6,168.35,169.22,123.76,44.59,232.64,1.098,0.915,5,30,Semi-Urban,Residential,0,155.38000000000002,148.52
C00105,2,147.19,172.23,108.05,39.14,219.61,1.026,0.907,3,28,Urban,Residential,0,172.23,172.23
C01438,2,308.98,302.13,179.43,129.55,222.64,2.162,0.891,15,29,Semi-Urban,Residential,0,302.13,302.13
C01090,5,800.85,695.47,570.09,230.76,227.12,5.519,0.887,18,28,Urban,Commercial,0,613.7266666666667,593.3
C01019,3,213.2,219.47,146.85,66.35,219.6,1.452,0.928,19,30,Rural,Residential,0,226.75,226.75
C01370,1,221.65,,130.39,91.25,224.18,1.418,0.969,17,30,Urban,Residential,0,,
C00389,6,243.22,260.15,166.96,76.26,238.49,1.568,0.903,13,28,Urban,Residential,0,232.08,208.77200000000002
C01240,4,187.15,189.74,113.65,73.5,230.51,1.316,0.857,17,29,Semi-Urban,Residential,0,172.87333333333333,172.87333333333333
C01434,4,211.27,164.51,141.82,69.45,229.09,1.391,0.921,3,28,Semi-Urban,Residential,0,142.41,142.41
C01056,4,805.34,832.05,477.6,327.74,235.6,5.681,0.836,18,28,Urban,Commercial,0,777.86,777.86
C00923,6,359.08,336.8,201.87,157.21,235.91,2.386,0.886,10,30,Urban,Residential,0,324.87666666666667,317.442
C01461,2,140.71,135.97,84.82,55.89,225.36,0.957,0.906,12,30,Rural,Residential,0,135.97,135.97
C00113,5,398.67,380.44,286.63,112.04,232.47,2.546,0.935,18,29,Urban,Commercial,0,355.04333333333335,355.78
C00056,5,266.56,277.92,164.83,101.73,220.56,1.884,0.891,10,30,Urban,Residential,0,203.79666666666665,217.3775
C01191,3,111.66,88.81,69.62,42.04,223.12,0.752,0.925,8,30,Semi-Urban,Residential,0,95.06,95.06
C00403,1,1013.96,,690.34,323.62,224.92,7.005,0.894,4,28,Urban,Commercial,0,,
C00253,5,349.04,275.97,252.78,96.26,231.13,2.321,0.904,4,30,Semi-Urban,Residential,0,282.7033333333333,288.88
C00603,4,682.66,884.61,482.3,200.36,238.33,4.754,0.837,7,29,Urban,Commercial,0,724.9833333333332,724.9833333333332
C00763,3,142.21,180.7,45.25,96.97,232.3,1.381,0.616,12,25,Urban,Residential,1,184.66,184.66
C00077,6,161.18,157.58,101.9,59.28,233.18,1.097,0.875,6,29,Urban,Residential,0,138.2166666666667,133.376
C01401,5,179.49,178.71,110.34,69.15,228.19,1.19,0.918,17,30,Semi-Urban,Residential,0,154.01666666666665,151.515
C00231,4,351.69,519.18,201.49,150.2,227.14,2.543,0.846,17,30,Urban,Commercial,1,499.1933333333333,499.1933333333333
C00200,2,213.46,192.52,138.4,75.06,226.19,1.443,0.908,4,30,Semi-Urban,Residential,0,192.52,192.52
C01012,6,622.68,585.28,350.41,272.27,231.31,4.141,0.903,19,30,Urban,Commercial,0,543.94,511.98199999999997
C00502,2,130.15,112.14,92.75,37.4,224.75,0.863,0.932,16,30,Urban,Residential,0,112.14,112.14
C00002,3,725.74,564.17,511.1,214.63,235.15,4.478,0.957,3,28,Urban,Commercial,0,594.5550000000001,594.5550000000001
C00657,6,318.09,344.33,216.44,101.65,230.75,2.127,0.9,5,28,Urban,Residential,0,361.9433333333333,330.65999999999997
C00017,4,160.57,129.43,117.82,42.75,225.62,1.065,0.928,3,30,Rural,Residential,0,149.57333333333335,149.57333333333335
C00260,6,369.6,363.45,237.86,131.74,227.81,2.577,0.874,8,29,Semi-Urban,Residential,0,297.9766666666667,270.13800000000003
C01094,3,826.22,856.48,577.57,248.66,233.96,5.71,0.859,19,28,Urban,Commercial,0,902.97,902.97
C01040,1,298.55,,191.91,106.64,229.01,1.96,0.924,1,30,Urban,Residential,0,,
C00441,2,129.33,114.79,85.63,43.7,239.79,0.797,0.94,9,29,Rural,Residential,0,114.79,114.79
C01135,2,182.85,225.94,110.33,72.52,233.07,1.166,0.934,15,30,Rural,Residential,0,225.94,225.94
C00249,1,185.61,,110.61,75.0,227.99,1.179,0.959,2,28,Urban,Residential,0,,
C01233,4,91.89,113.3,57.28,34.61,232.51,0.6,0.914,4,30,Rural,Residential,1,129.30666666666664,129.30666666666664
C01257,4,4416.47,3556.2,3002.79,1413.68,227.15,28.649,0.943,11,30,Rural,Industrial,0,3292.0966666666664,3292.0966666666664
C00006,2,3714.03,4541.67,2750.66,963.37,231.64,23.684,0.94,1,29,Urban,Industrial,0,4541.67,4541.67
C00958,5,294.77,325.93,208.32,86.45,220.0,2.015,0.923,2,28,Urban,Residential,0,275.8633333333333,267.6675
C00860,3,216.78,206.91,160.7,56.08,229.79,1.353,0.969,15,28,Rural,Residential,0,200.515,200.515
C00669,6,232.35,219.89,145.97,86.37,227.11,,0.944,11,30,Urban,Residential,0,212.7166666666667,197.724
C00792,6,2193.12,2326.15,1423.84,769.28,235.73,14.935,0.865,3,30,Rural,Industrial,0,2092.9333333333334,2046.7940000000003
C00145,3,561.06,495.45,360.21,200.85,219.4,3.664,0.969,19,28,Rural,Commercial,0,478.135,478.135
C01384,4,86.17,159.76,57.33,28.84,233.16,0.573,0.896,9,15,Semi-Urban,Residential,1,160.24666666666667,160.24666666666667
C00127,3,195.27,195.61,127.13,68.13,232.73,,0.888,14,30,Urban,Residential,0,183.91000000000003,183.91000000000003
C00681,6,270.7,280.25,149.13,121.57,227.39,1.786,0.926,0,30,Semi-Urban,Residential,0,296.5933333333333,262.202
C01173,3,2393.7,1972.49,1592.84,800.86,230.69,15.034,0.959,16,28,Semi-Urban,Industrial,0,2014.1149999999998,2014.1149999999998
C00091,1,3968.51,,2622.97,1345.54,228.33,27.447,0.88,13,28,Rural,Industrial,0,,
C00569,6,432.89,380.35,275.74,157.15,228.15,2.662,0.99,1,28,Rural,Residential,0,344.0933333333334,324.096
C00550,3,3987.16,3288.75,2538.83,1448.32,224.42,27.241,0.906,4,30,Urban,Industrial,0,3230.8,3230.8
C00191,3,1178.72,957.05,870.7,308.02,231.21,7.597,0.932,16,28,Rural,Commercial,0,861.875,861.875
C00940,4,765.13,751.33,469.18,295.95,223.33,4.933,0.965,5,30,Urban,Commercial,0,713.4233333333333,713.4233333333333
C00951,1,1776.45,,1234.83,541.62,227.38,11.45,0.948,0,30,Rural,Industrial,0,,
C01245,3,106.74,120.57,78.56,28.18,236.5,0.738,0.849,5,28,Urban,Residential,0,105.965,105.965
C00723,4,1068.18,905.26,676.61,391.57,232.62,7.101,0.898,6,30,Semi-Urban,Commercial,0,887.4833333333332,887.4833333333332
C01477,4,1036.28,816.44,645.23,391.05,234.53,6.68,0.919,9,30,Urban,Commercial,0,894.5466666666666,894.5466666666666
C01188,2,1649.9,1315.05,1204.49,445.42,233.41,10.766,0.912,6,30,Urban,Industrial,0,1315.05,1315.05
C00498,5,161.0,152.44,111.13,49.87,233.72,1.065,0.899,7,30,Urban,Residential,0,133.36,129.48000000000002
C00491,4,842.07,715.75,616.22,225.85,224.27,5.827,0.895,17,30,Semi-Urban,Commercial,0,712.2399999999999,712.2399999999999
C01462,6,230.46,262.69,136.12,94.34,226.31,1.577,0.897,3,30,Semi-Urban,Residential,0,235.85666666666665,224.754
C00161,1,109.5,,68.57,40.93,220.3,0.722,0.956,17,29,Urban,Residential,0,,
C00338,1,194.18,,124.14,70.04,222.55,,0.939,17,28,Rural,Residential,0,,
C01456,5,63.17,150.49,37.96,25.21,235.94,0.419,0.887,19,25,Semi-Urban,Residential,1,105.96,111.735
C00291,2,250.22,225.3,179.01,71.21,229.67,1.566,0.967,3,30,Semi-Urban,Residential,0,225.3,225.3
C00517,5,4315.3,4835.0,2932.97,1382.33,219.95,30.755,0.886,9,29,Semi-Urban,Industrial,0,3051.6633333333334,3033.8925
C01041,4,191.53,179.85,134.59,56.94,232.02,1.326,0.865,10,28,Urban,Residential,0,159.41,159.41
C01425,5,170.9,146.87,125.42,45.48,229.46,1.155,0.896,13,30,Rural,Residential,0,130.04999999999998,134.04250000000002
C01196,5,926.63,757.99,595.31,331.32,230.08,6.038,0.926,16,30,Urban,Commercial,0,821.6666666666666,822.2875
C00462,6,1061.74,1429.1,603.14,458.59,237.11,6.62,0.939,6,30,Urban,Commercial,0,1213.48,1159.506
C00291,6,307.99,266.06,210.52,97.47,237.08,1.878,0.961,3,29,Semi-Urban,Residential,0,281.4633333333333,263.98199999999997
C00751,4,554.79,512.66,384.04,170.76,225.95,3.801,0.897,11,30,Rural,Commercial,0,466.99,466.99
C00508,2,276.42,260.0,201.22,75.2,226.67,1.717,0.986,13,30,Semi-Urban,Residential,0,260.0,260.0
C01124,6,978.45,1035.69,617.19,361.26,232.73,6.804,0.858,12,30,Rural,Commercial,0,802.3866666666667,838.168
C01294,5,370.05,378.05,234.16,135.88,230.04,2.447,0.913,11,28,Urban,Residential,0,319.40333333333336,315.315
C00798,6,401.47,441.84,276.22,125.25,232.45,2.585,0.928,9,30,Semi-Urban,Residential,0,416.23333333333335,378.20799999999997
C00191,6,1127.22,726.44,819.42,307.8,225.62,7.326,0.947,16,30,Rural,Commercial,0,936.8033333333333,906.832
C00197,5,61.73,429.28,38.94,22.79,229.49,0.387,0.966,11,25,Urban,Residential,1,241.89333333333332,245.5675
C00883,1,4631.12,,2937.64,1693.48,231.19,28.961,0.961,19,28,Urban,Industrial,0,,
C01083,4,337.52,505.2,201.17,136.35,228.41,2.119,0.968,1,30,Urban,Residential,0,361.99333333333334,361.99333333333334
C01126,1,742.84,,521.8,221.03,228.34,4.821,0.937,0,30,Semi-Urban,Commercial,0,,
C00782,4,311.22,306.33,218.64,92.58,228.79,2.11,0.895,0,30,Urban,Residential,0,294.81,294.81
C00101,2,295.38,202.52,173.87,121.51,234.01,1.828,0.959,1,29,Rural,Residential,0,202.52,202.52
C00894,4,4348.0,4020.6,3254.79,1093.21,231.68,27.833,0.936,12,30,Urban,Industrial,0,3495.53,3495.53
C00629,1,161.76,,120.67,41.09,230.9,1.032,0.943,8,30,Urban,Residential,0,,
C01255,1,291.22,,202.0,89.21,223.72,1.882,0.961,9,28,Rural,Residential,0,,
C01061,2,634.68,697.59,463.38,171.3,235.01,4.022,0.933,15,28,Rural,Commercial,0,697.59,697.59
C00524,6,703.76,808.94,489.42,214.34,222.67,4.639,0.946,18,30,Urban,Commercial,0,710.6633333333334,629.292
C00136,2,137.88,149.39,77.19,60.69,225.99,1.031,0.822,16,28,Urban,Residential,0,149.39,149.39
C01452,1,112.62,,74.65,37.96,228.03,0.752,0.912,17,30,Urban,Residential,0,,
C01349,3,3524.57,3761.95,2080.14,1444.43,231.13,21.763,0.973,3,28,Urban,Industrial,0,3797.495,3797.495
C00220,5,212.08,176.27,141.98,70.1,228.69,1.548,0.832,16,29,Semi-Urban,Residential,0,158.65333333333334,154.06
C00468,1,197.44,,122.71,74.74,233.99,1.365,0.858,10,30,Rural,Residential,0,,
C00473,4,218.17,237.02,158.24,59.94,231.68,1.442,0.907,8,30,Semi-Urban,Residential,0,203.75333333333333,203.75333333333333
C00677,2,180.18,182.12,123.22,56.96,229.94,1.24,0.877,7,28,Urban,Residential,0,182.12,182.12
C00270,4,350.56,308.36,217.13,133.43,227.77,2.35,0.91,14,28,Urban,Residential,0,315.9433333333333,315.9433333333333
C00545,6,760.62,274.88,433.43,327.19,227.74,4.996,0.929,8,28,Urban,Commercial,0,585.0333333333333,654.052
C01104,6,342.33,326.6,212.68,129.65,232.53,2.234,0.915,19,28,Semi-Urban,Residential,0,292.15333333333336,270.592
C00078,4,1479.08,1038.99,1079.25,399.83,239.55,9.004,0.952,15,29,Rural,Commercial,0,1051.5733333333333,1051.5733333333333
C00168,1,249.35,,157.21,92.15,225.93,1.564,0.98,3,30,Urban,Residential,0,,
C01253,6,176.48,181.43,110.08,66.4,219.45,1.194,0.936,7,28,Urban,Residential,0,158.99,152.496
C00049,4,985.69,829.06,637.94,347.75,221.51,6.912,0.894,12,30,Urban,Commercial,0,829.7133333333333,829.7133333333333
C00878,3,311.21,227.6,226.89,84.31,226.4,2.049,0.932,13,30,Rural,Residential,0,231.36,231.36
C01155,6,232.45,228.34,154.07,78.38,237.94,1.471,0.923,8,30,Semi-Urban,Residential,0,225.98000000000002,210.244
C01438,4,351.05,313.98,207.37,143.68,226.9,2.186,0.983,15,30,Semi-Urban,Residential,0,308.36333333333334,308.36333333333334
C00584,4,62.27,149.38,46.08,16.18,217.76,0.434,0.916,3,25,Urban,Residential,1,210.38333333333335,210.38333333333335
C01273,5,350.74,314.42,215.91,134.83,230.53,2.187,0.966,10,30,Semi-Urban,Residential,0,282.2366666666667,276.3225
C01172,4,296.93,292.79,200.46,96.46,228.77,2.053,0.878,7,29,Urban,Residential,0,227.88,227.88
C00999,5,1303.72,1476.68,838.82,464.9,224.06,8.799,0.918,11,28,Urban,Commercial,0,1352.36,1274.31
C00104,1,151.59,,107.29,44.29,232.69,0.953,0.949,10,28,Semi-Urban,Residential,0,,
C01470,1,711.35,,433.36,277.99,230.86,4.896,0.874,6,29,Semi-Urban,Commercial,0,,
C00217,2,285.29,311.03,168.8,116.49,223.05,1.941,0.915,14,30,Urban,Residential,0,311.03,311.03
C00901,1,247.67,,165.17,82.5,235.04,1.584,0.924,18,30,Rural,Residential,0,,
C01169,6,401.77,370.47,295.55,106.22,235.48,,0.868,10,30,Urban,Residential,0,350.3066666666667,324.88800000000003
C00222,5,158.23,161.32,110.03,48.2,229.52,0.989,0.968,2,30,Urban,Residential,0,152.26333333333332,146.9125
C01355,3,240.41,220.27,174.26,66.15,225.51,1.626,0.911,8,30,Urban,Residential,0,216.72500000000002,216.72500000000002
C00100,1,506.26,,323.72,182.54,225.33,3.304,0.945,6,30,Rural,Commercial,0,,
C01044,1,927.48,,597.23,330.25,239.73,6.04,0.89,1,29,Urban,Commercial,0,,
C01327,6,141.44,130.55,105.7,35.75,236.74,0.906,0.916,8,30,Urban,Residential,0,118.86666666666667,115.978
C00357,3,264.38,249.35,188.97,75.41,240.22,1.673,0.914,13,29,Rural,Residential,0,237.56,237.56
C00216,6,5430.59,5238.49,3588.36,1842.24,229.93,35.258,0.93,11,30,Semi-Urban,Industrial,0,4930.203333333334,4471.57
C00262,3,145.71,131.08,92.11,53.6,222.29,0.986,0.924,11,30,Urban,Residential,0,121.51500000000001,121.51500000000001
C00525,6,4446.35,4497.06,3046.33,1400.01,236.08,29.431,0.889,11,30,Semi-Urban,Industrial,0,4739.756666666667,4324.892
C00874,2,216.12,219.26,158.57,57.55,226.46,1.44,0.921,13,30,Urban,Residential,0,219.26,219.26
C00242,1,326.41,,214.25,112.16,224.96,2.175,0.927,7,29,Urban,Residential,0,,
C01395,3,1207.83,927.11,790.34,417.48,231.34,8.643,0.839,0,30,Rural,Commercial,0,1045.52,1045.52
C00234,3,226.86,164.31,162.1,64.76,228.46,1.48,0.932,7,30,Urban,Residential,0,164.835,164.835
C01231,5,527.53,546.73,376.15,151.37,226.62,3.616,0.894,11,29,Rural,Commercial,0,461.9566666666667,433.4875
C00734,1,129.48,,96.62,32.86,240.9,0.786,0.95,4,28,Urban,Residential,0,,
C01192,1,156.66,,89.21,67.46,228.18,1.013,0.941,13,30,Urban,Residential,0,,
C00649,2,129.71,147.09,80.15,49.56,222.22,0.859,0.944,16,28,Semi-Urban,Residential,0,147.09,147.09
C01368,1,573.22,,316.01,257.21,225.39,4.042,0.874,1,29,Urban,Commercial,0,,
C00970,5,234.94,72.46,158.38,76.56,238.62,1.429,0.957,3,30,Rural,Residential,0,150.37666666666667,157.765
C01323,5,257.97,303.3,170.51,87.46,230.04,1.766,0.882,17,30,Urban,Residential,0,245.64666666666668,229.675
C00842,5,669.67,771.18,391.85,277.83,239.9,4.283,0.905,13,30,Urban,Commercial,0,669.4,628.99
C00773,3,1226.62,930.68,851.49,375.13,233.94,8.273,0.88,9,30,Urban,Commercial,0,971.155,971.155
C00718,2,616.33,596.37,422.87,193.45,226.74,4.109,0.919,2,30,Urban,Commercial,0,596.37,596.37
C00193,5,308.99,379.23,195.11,113.88,225.67,2.115,0.899,9,29,Rural,Residential,0,295.48,287.505
C00919,2,133.44,144.99,91.31,42.13,229.43,0.895,0.903,13,30,Urban,Residential,0,144.99,144.99
C00301,4,378.12,318.95,270.51,107.61,229.28,2.505,0.915,13,30,Rural,Residential,0,315.24666666666667,315.24666666666667
C00247,4,229.85,170.9,162.4,67.45,231.12,1.646,0.839,2,30,Rural,Residential,0,178.71,178.71
C00849,5,381.93,352.94,224.68,157.25,236.67,2.331,0.961,9,29,Semi-Urban,Residential,0,324.34,309.73
C00808,3,86.72,226.22,52.59,34.13,233.1,0.542,0.954,4,28,Semi-Urban,Residential,0,226.475,226.475
C01422,3,216.91,260.99,124.58,92.33,224.23,1.46,,1,28,Semi-Urban,Residential,1,278.65,278.65
C00436,5,389.54,350.12,273.03,116.52,237.66,2.323,0.98,18,29,Urban,Residential,0,272.9633333333333,275.59749999999997
C00569,4,387.73,264.2,290.18,97.55,247.94,2.257,0.962,1,29,Rural,Residential,0,284.1333333333333,284.1333333333333
C00742,5,319.67,367.46,228.53,91.13,230.85,,0.912,14,29,Urban,Residential,0,306.08,301.0
C01163,1,116.17,,80.47,35.7,230.43,0.793,0.883,14,30,Urban,Residential,0,,
C00748,1,4230.93,,3130.72,1100.21,238.28,26.181,0.942,1,29,Urban,Industrial,0,,
C00449,5,4146.06,3183.76,2803.26,1342.81,234.78,28.029,0.875,15,28,Semi-Urban,Industrial,0,2913.706666666667,2932.505
C01430,2,170.11,178.43,118.7,51.41,231.93,1.119,0.91,14,30,Rural,Residential,0,178.43,178.43
C00550,2,3288.75,3172.85,1841.46,1447.29,234.3,,0.921,4,30,Urban,Industrial,0,3172.85,3172.85
C00508,4,319.36,132.89,230.18,89.18,234.51,2.08,0.909,13,30,Semi-Urban,Residential,0,223.10333333333332,223.10333333333332
C00611,1,175.58,,128.3,47.28,236.06,1.115,0.927,9,30,Rural,Residential,0,,
C00860,4,251.84,216.78,185.06,66.78,229.75,1.634,0.932,15,29,Rural,Residential,0,205.93666666666664,205.93666666666664
C00972,6,236.99,250.14,162.34,74.66,235.04,1.589,0.881,16,30,Urban,Residential,0,255.85,240.158
C00268,5,165.72,178.08,114.46,51.26,233.99,1.134,0.867,17,29,Urban,Residential,0,162.66,160.0575
C01449,4,197.12,208.31,122.58,74.54,217.99,1.369,,0,30,Urban,Residential,0,187.21333333333334,187.21333333333334
C00572,3,301.66,322.18,179.37,122.3,236.57,1.789,0.99,1,30,Semi-Urban,Residential,0,324.145,324.145
C01251,6,397.99,384.95,257.74,140.26,222.65,2.719,0.913,13,30,Semi-Urban,Residential,0,359.9466666666667,343.31
C01281,6,344.02,464.74,199.83,144.2,229.11,2.223,0.938,17,28,Rural,Residential,0,405.02333333333337,382.326
C00879,4,257.15,235.56,188.65,68.51,234.58,1.637,0.93,6,30,Urban,Residential,0,213.01,213.01
C00498,3,119.86,127.78,68.63,51.23,230.65,0.816,0.885,7,28,Urban,Residential,0,122.81,122.81
C00452,1,153.34,,93.54,59.8,233.22,0.983,0.929,1,30,Urban,Residential,0,,
C01078,3,199.11,204.23,110.87,88.24,231.28,1.373,0.871,5,29,Semi-Urban,Residential,0,196.6,196.6
C00125,5,241.67,246.24,176.82,64.85,231.99,1.558,0.929,17,30,Semi-Urban,Residential,0,198.19000000000003,187.7425
C00628,6,1048.51,1124.12,767.99,280.52,232.51,6.545,0.957,6,28,Semi-Urban,Commercial,0,1142.0033333333333,1046.4279999999999
C00548,3,370.99,289.88,232.26,138.73,230.41,2.397,0.933,10,30,Urban,Residential,0,273.885,273.885
C00925,6,173.63,153.3,126.65,46.98,224.56,1.225,0.877,17,29,Urban,Residential,0,156.42,145.56
C00298,2,228.56,178.97,138.13,90.43,228.23,1.526,0.912,3,30,Urban,Residential,0,178.97,178.97
C01439,3,126.63,113.08,75.91,50.73,226.54,0.853,0.91,15,29,Urban,Residential,0,106.99000000000001,106.99000000000001
C00705,6,821.57,852.83,474.67,346.9,225.98,5.433,0.929,14,28,Rural,Commercial,0,849.5133333333333,759.154
C00701,2,171.77,207.34,122.58,49.19,228.95,1.053,0.99,16,29,Semi-Urban,Residential,0,207.34,207.34
C00777,2,972.58,819.94,618.94,353.64,231.74,6.061,0.962,15,30,Urban,Commercial,0,819.94,819.94
C01451,4,289.67,249.26,214.02,75.65,231.3,1.815,0.958,11,29,Urban,Residential,0,208.23000000000002,208.23000000000002
C01440,3,2970.48,2572.03,2126.68,843.8,237.79,18.555,0.935,5,30,Urban,Industrial,0,2608.3450000000003,2608.3450000000003
C00827,5,1432.13,1114.87,1040.88,391.26,229.07,9.335,0.93,2,30,Urban,Commercial,0,1100.5866666666668,1107.23
C00732,2,811.69,954.63,573.41,238.28,227.54,,0.869,6,30,Urban,Commercial,0,954.63,954.63
C00722,4,237.65,195.77,145.66,91.98,233.04,1.472,0.962,17,30,Urban,Residential,0,180.9466666666667,180.9466666666667
C01143,4,235.61,205.57,167.15,68.46,230.02,1.556,0.914,9,29,Urban,Residential,0,192.86666666666667,192.86666666666667
C00288,5,829.31,969.47,573.02,256.29,223.88,6.267,0.821,1,29,Rural,Commercial,0,812.4166666666666,754.29
C00605,2,953.06,1042.9,531.67,421.39,235.2,6.112,0.921,13,30,Urban,Commercial,0,1042.9,1042.9
C00801,2,245.24,243.85,160.72,84.52,233.42,1.677,0.87,10,30,Urban,Residential,0,243.85,243.85
C00111,5,521.08,573.57,322.75,198.33,228.02,3.628,0.875,19,29,Urban,Commercial,0,519.8633333333333,493.96000000000004
C00765,1,168.85,,105.21,63.65,230.28,1.041,0.978,3,29,Semi-Urban,Residential,0,,
C00141,2,234.9,322.15,139.85,95.05,226.5,,0.926,7,30,Urban,Residential,0,322.15,322.15
C00588,6,73.26,168.99,50.76,22.49,232.18,0.476,0.921,13,15,Rural,Residential,1,138.04333333333332,126.532
C01398,1,1078.66,,681.89,396.77,218.1,7.229,0.95,8,30,Urban,Commercial,0,,
C00139,6,536.11,484.47,325.66,210.45,228.74,3.734,0.872,7,30,Semi-Urban,Commercial,0,455.7166666666667,429.896
C00205,3,938.08,1965.59,607.86,330.22,233.87,5.66,0.984,14,28,Semi-Urban,Industrial,0,1949.49,1949.49
C00272,1,277.2,,179.81,97.39,227.94,1.824,0.926,15,29,Urban,Residential,0,,
C00146,3,82.32,167.49,46.38,35.94,222.78,0.542,0.947,18,15,Urban,Residential,1,185.28500000000003,185.28500000000003
C00946,3,145.1,118.51,94.27,50.83,227.6,0.954,0.928,0,30,Semi-Urban,Residential,0,122.92500000000001,122.92500000000001
C00289,2,230.75,210.64,166.63,64.11,,1.447,0.957,15,28,Urban,Residential,0,210.64,210.64
C00631,3,251.55,187.83,139.69,111.86,234.12,1.556,0.959,18,28,Urban,Residential,0,186.575,186.575
C00934,1,178.75,,105.08,73.67,236.74,1.078,0.973,0,30,Rural,Residential,0,,
C01161,4,352.49,227.57,253.32,99.17,232.31,4.166,0.506,14,30,Urban,Commercial,1,451.3533333333333,451.3533333333333
C00978,6,932.86,878.32,637.21,295.66,221.92,6.51,0.897,3,30,Urban,Commercial,0,806.27,766.396
C00328,4,323.73,274.56,228.46,95.28,228.45,2.155,0.913,10,28,Urban,Residential,0,268.96,268.96
C00633,4,378.93,350.18,216.08,162.86,233.4,2.546,,6,30,Urban,Residential,0,308.84666666666664,308.84666666666664
C00253,2,282.11,307.41,162.46,119.65,224.62,1.973,0.884,4,30,Semi-Urban,Residential,0,307.41,307.41
C00839,6,218.51,241.1,159.42,59.09,230.21,1.55,0.85,5,30,Semi-Urban,Residential,0,209.71333333333334,191.5
C01220,5,332.52,352.88,194.37,138.15,227.49,2.051,0.99,19,29,Urban,Residential,0,314.81666666666666,313.0825
C00596,5,103.53,350.3,60.01,43.52,224.06,0.683,0.939,5,20,Urban,Residential,1,285.77333333333337,286.0575
C01226,2,116.82,104.44,70.92,45.9,231.65,0.751,0.933,6,30,Urban,Residential,0,104.44,104.44
C00841,5,743.45,853.87,439.59,303.87,237.9,4.769,0.91,19,29,Rural,Commercial,0,699.0633333333334,679.4375
C01080,5,145.82,142.36,86.23,59.58,229.76,0.907,0.972,10,30,Rural,Residential,0,106.39666666666669,107.92750000000001
C01027,4,1294.02,1082.8,893.62,400.4,219.39,9.044,0.906,1,30,Semi-Urban,Commercial,0,1026.8766666666668,1026.8766666666668
C00069,4,304.61,321.05,193.93,110.69,233.2,2.106,0.861,10,30,Urban,Residential,0,278.89,278.89
C00869,3,2161.59,2974.87,1501.99,659.59,232.59,,0.876,10,20,Semi-Urban,Industrial,1,3046.93,3046.93
C00469,5,300.84,290.18,181.8,119.04,234.88,1.797,0.99,7,30,Urban,Residential,0,281.2366666666667,281.0025
C00609,6,370.97,325.48,249.74,121.22,232.82,2.309,0.958,19,30,Urban,Residential,0,323.8066666666667,302.64
C01362,4,257.84,208.4,188.23,69.61,230.25,1.696,0.917,6,29,Urban,Residential,0,187.05333333333337,187.05333333333337
C00938,2,702.49,530.61,464.08,238.42,226.12,4.729,0.912,10,28,Semi-Urban,Commercial,0,530.61,530.61
C00268,2,149.2,152.25,95.82,53.38,,0.963,0.948,17,29,Urban,Residential,0,152.25,152.25
C01042,2,1265.88,1095.23,909.8,356.09,244.42,7.404,0.971,7,29,Urban,Commercial,0,1095.23,1095.23
C00101,5,270.3,285.55,161.19,109.12,231.07,1.883,0.863,1,30,Rural,Residential,0,267.84999999999997,251.51749999999998
C00006,1,4541.67,,3017.49,1524.18,229.98,31.999,0.857,1,30,Urban,Industrial,0,,
C01241,2,590.24,678.33,381.01,209.23,231.18,3.696,0.96,15,30,Semi-Urban,Commercial,0,678.33,678.33
C00044,6,209.25,199.08,136.23,73.02,230.96,1.354,0.93,9,30,Urban,Residential,0,200.34666666666666,187.23200000000003
C00717,1,505.35,,295.95,209.41,224.28,3.418,0.916,18,29,Urban,Commercial,0,,
C00042,2,659.85,652.5,482.52,177.33,225.61,4.58,0.887,3,29,Urban,Commercial,0,652.5,652.5
C00143,1,699.17,,490.43,208.75,220.18,4.563,0.966,18,29,Semi-Urban,Commercial,0,,
C01493,1,349.12,,231.21,117.91,229.97,2.275,0.927,16,29,Urban,Residential,0,,
C00722,1,174.01,,123.76,50.24,236.02,1.058,0.968,17,30,Urban,Residential,0,,
C00034,2,154.62,186.99,98.97,55.65,225.43,1.032,0.923,2,30,Semi-Urban,Residential,0,186.99,186.99
C00089,5,169.07,187.24,121.23,47.83,231.82,,,10,28,Semi-Urban,Residential,0,166.12333333333333,156.3
C00665,6,927.46,922.61,678.83,248.63,228.03,6.223,0.908,4,29,Urban,Commercial,0,925.4133333333333,869.9459999999999
C01161,3,227.57,566.65,160.01,67.56,230.25,1.438,0.955,14,28,Urban,Commercial,1,563.245,563.245
C01051,1,886.12,,603.36,282.76,229.54,6.107,0.878,11,30,Semi-Urban,Commercial,0,,
C01428,3,259.68,237.1,147.64,112.04,224.65,1.735,0.926,8,30,Rural,Residential,0,242.87,242.87
C00076,6,339.02,360.35,214.84,124.18,228.77,2.284,0.901,6,20,Urban,Residential,1,311.2833333333333,314.834
C00881,5,1374.89,1489.32,787.33,587.56,231.2,9.053,0.912,13,30,Semi-Urban,Commercial,0,1225.5566666666666,1176.6025
C00799,4,249.76,251.13,138.03,111.74,224.61,1.608,0.96,11,30,Rural,Residential,0,227.93666666666664,227.93666666666664
C00358,1,144.66,,80.2,64.47,222.04,1.034,0.875,13,29,Rural,Residential,0,,
C00373,2,235.4,284.97,160.93,74.47,230.51,1.649,0.86,12,30,Semi-Urban,Residential,0,284.97,284.97
C00629,4,204.65,182.45,147.69,56.96,230.42,1.393,0.886,8,28,Urban,Residential,0,165.37666666666667,165.37666666666667
C00475,3,945.57,977.85,673.45,272.11,229.98,6.101,0.936,19,30,Semi-Urban,Commercial,0,972.47,972.47
C00936,4,1059.34,866.28,620.44,438.9,235.62,7.415,0.842,18,29,Urban,Commercial,0,858.3466666666667,858.3466666666667
C00786,1,252.89,,174.07,78.82,230.39,1.637,0.931,4,30,Urban,Residential,0,,
C00385,1,579.01,,342.4,236.61,235.51,3.853,0.886,0,30,Urban,Commercial,0,,
C01276,3,958.74,897.43,565.14,393.6,235.55,6.35,0.89,5,30,Semi-Urban,Commercial,0,896.76,896.76
C01286,1,157.76,,117.41,40.35,228.08,1.118,0.859,16,29,Rural,Residential,0,,
C01437,1,149.11,,85.39,63.71,237.95,0.921,0.945,0,29,Semi-Urban,Residential,0,,
C00234,5,229.48,212.19,137.67,91.81,231.63,1.45,0.949,7,30,Urban,Residential,0,201.12,192.18
C00700,5,299.86,277.9,211.68,88.18,239.33,1.843,0.944,15,29,Urban,Residential,0,242.66,242.8025
C00198,2,190.6,179.21,123.93,66.67,229.93,1.275,0.903,16,29,Rural,Residential,0,179.21,179.21
C01475,3,143.13,97.43,86.45,56.69,230.54,1.088,0.792,6,29,Urban,Residential,0,95.98,95.98
C00505,4,381.43,320.12,263.28,118.15,227.06,2.486,0.939,15,30,Urban,Residential,0,286.9866666666667,286.9866666666667
C01473,4,458.97,344.21,324.76,134.21,234.74,2.86,0.949,15,30,Urban,Residential,0,325.89666666666665,325.89666666666665
C00958,2,241.76,243.08,170.71,71.05,224.26,1.702,0.88,2,29,Urban,Residential,0,243.08,243.08
C00375,2,1547.15,1473.08,1125.8,421.34,230.36,10.53,0.886,16,30,Rural,Industrial,0,1473.08,1473.08
C00037,2,143.86,172.07,106.61,37.25,231.42,0.93,0.928,16,30,Urban,Residential,0,172.07,172.07
C00168,4,318.21,250.37,177.58,140.63,233.92,2.137,0.884,3,28,Urban,Residential,0,229.42666666666665,229.42666666666665
C00259,3,240.13,192.03,161.37,78.77,226.78,1.601,0.919,18,29,Semi-Urban,Residential,0,208.88,208.88
C01124,5,1035.69,436.54,608.57,427.13,236.32,6.624,0.919,12,28,Rural,Commercial,0,775.2066666666666,788.7875
C00414,6,382.66,342.66,239.67,142.99,235.6,2.493,0.905,18,30,Semi-Urban,Residential,0,360.58666666666664,338.986
C00945,1,453.37,,281.94,171.43,222.9,2.938,0.962,7,30,Urban,Commercial,0,,
C01417,3,133.56,143.73,82.0,51.56,233.44,0.845,0.94,3,30,Rural,Residential,0,150.91,150.91
C01312,3,219.55,222.71,163.47,56.08,224.43,1.495,0.909,4,30,Urban,Residential,0,210.22,210.22
C00658,5,496.08,637.02,361.96,134.12,229.36,3.423,0.878,14,29,Rural,Commercial,1,596.9533333333334,566.965
C00486,4,5951.51,4895.49,3603.89,2347.62,230.18,36.903,0.973,13,29,Semi-Urban,Industrial,0,4379.076666666667,4379.076666666667
C00113,4,380.44,358.12,214.42,166.02,226.85,2.454,0.949,18,29,Urban,Commercial,0,347.56,347.56
C01075,6,808.14,658.33,500.82,307.32,226.8,5.226,0.947,9,28,Semi-Urban,Commercial,0,651.2266666666667,620.494
C00270,2,316.96,322.51,217.07,99.89,235.27,1.954,0.958,14,29,Urban,Residential,0,322.51,322.51
C01125,4,246.49,225.61,136.72,109.77,227.16,1.606,0.938,7,28,Rural,Residential,0,193.63333333333335,193.63333333333335
C00333,1,733.64,,430.03,303.61,229.19,4.56,0.975,10,30,Urban,Commercial,0,,
C00039,2,2301.81,2297.61,1697.53,604.28,231.63,14.982,0.921,6,28,Semi-Urban,Industrial,0,2297.61,2297.61
C00877,4,336.17,289.58,240.42,95.75,223.08,2.532,0.827,16,28,Rural,Residential,0,267.06333333333333,267.06333333333333
C00775,2,463.06,421.71,291.97,171.09,227.14,3.131,0.904,3,30,Urban,Commercial,0,421.71,421.71
C00812,1,288.33,,181.22,107.11,225.41,1.898,0.936,16,30,Rural,Residential,0,,
C01039,4,168.92,129.83,118.14,50.79,237.19,1.023,0.967,16,29,Semi-Urban,Residential,0,128.28333333333333,128.28333333333333
C00269,1,231.92,,153.23,78.69,237.78,1.566,,10,30,Semi-Urban,Residential,0,,
C00590,5,192.95,165.11,141.9,51.06,233.15,1.314,0.874,10,29,Urban,Residential,0,160.02,155.995
C01266,5,94.12,261.19,60.52,33.6,228.53,0.647,0.884,18,25,Semi-Urban,Residential,1,245.43999999999997,262.045
C00894,2,3293.48,3172.51,1906.8,1386.68,230.2,21.83,0.91,12,29,Urban,Industrial,0,3172.51,3172.51
C00893,3,231.65,78.31,127.5,104.15,229.65,1.415,0.99,13,29,Urban,Residential,0,131.14,131.14
C01355,6,248.07,293.55,180.73,67.34,230.71,1.594,0.937,8,30,Urban,Residential,0,274.30333333333334,251.27200000000002
C00824,5,290.14,296.44,208.2,81.94,234.03,1.946,0.885,4,30,Urban,Residential,0,267.5566666666667,254.48
C00506,3,244.38,192.32,183.25,61.13,231.82,1.624,0.902,14,30,Urban,Residential,0,178.70499999999998,178.70499999999998
C01053,4,405.28,378.37,249.07,156.2,228.38,2.705,0.911,4,29,Urban,Residential,0,255.84333333333333,255.84333333333333
C00263,4,563.89,460.35,332.31,231.58,223.9,4.022,0.87,11,30,Urban,Commercial,0,435.64000000000004,435.64000000000004
C00838,6,286.22,292.93,175.72,110.5,225.89,1.961,0.897,7,30,Semi-Urban,Residential,0,266.2733333333333,259.14
C01378,1,316.54,,190.62,125.92,232.26,2.002,0.945,18,28,Urban,Residential,0,,
C00926,2,143.54,147.91,99.34,44.2,233.02,0.946,0.904,2,30,Semi-Urban,Residential,0,147.91,147.91
C00931,4,307.44,334.01,172.87,134.57,231.37,2.166,0.852,1,30,Semi-Urban,Residential,0,277.59999999999997,277.59999999999997
C00921,1,129.2,,84.79,44.41,224.33,0.876,0.913,6,30,Urban,Residential,0,,
C00057,2,816.72,609.27,605.65,211.08,226.52,5.453,0.918,7,30,Semi-Urban,Commercial,0,609.27,609.27
C01286,4,213.89,173.51,157.01,56.88,226.14,1.391,0.945,16,30,Rural,Residential,0,153.98333333333332,153.98333333333332
C00850,2,2090.98,2273.79,1308.69,782.29,232.87,12.891,0.967,5,29,Urban,Industrial,0,2273.79,2273.79
C00378,5,821.06,680.45,551.38,269.68,221.91,5.479,0.938,12,30,Urban,Commercial,0,629.6833333333333,608.845
C00510,2,168.41,181.2,111.79,56.62,228.65,1.163,0.88,0,30,Urban,Residential,0,181.2,181.2
C00981,5,781.58,733.92,463.4,318.17,233.24,5.098,0.913,10,28,Rural,Commercial,0,657.31,662.15
C00358,4,229.76,162.56,169.3,60.46,227.61,1.416,0.99,13,29,Rural,Residential,0,165.18666666666667,165.18666666666667
C01137,1,285.01,,204.08,80.93,218.6,2.161,0.838,15,29,Rural,Residential,0,,
C00817,4,285.47,186.61,198.29,87.17,230.73,2.16,0.795,10,30,Semi-Urban,Residential,0,207.92999999999998,207.92999999999998
C00017,1,156.23,,110.05,46.19,217.14,1.105,0.905,3,28,Rural,Residential,0,,
C00607,4,199.83,123.42,140.79,59.04,231.44,1.262,0.95,18,30,Urban,Residential,0,148.21,148.21
C01085,6,283.01,276.51,182.72,100.29,235.12,1.814,0.921,8,28,Rural,Residential,0,265.19,232.584
C01376,1,302.47,,217.16,85.31,224.78,2.213,0.845,16,29,Rural,Residential,0,,
C01305,2,449.57,408.9,279.55,170.02,230.04,2.919,0.93,13,30,Urban,Commercial,0,408.9,408.9
C01141,5,144.27,152.95,85.15,59.13,224.02,0.976,0.916,16,28,Urban,Residential,0,139.26333333333335,132.9875
C00640,4,263.68,200.28,185.07,78.61,240.61,1.627,0.936,15,29,Urban,Residential,0,192.04666666666665,192.04666666666665
C00556,3,335.54,187.24,236.04,99.5,227.7,2.32,0.882,6,29,Urban,Residential,0,233.85500000000002,233.85500000000002
C01387,3,155.53,167.52,85.71,69.82,223.79,1.133,0.852,7,28,Semi-Urban,Residential,0,162.25,162.25
C00377,5,3031.94,2393.89,1673.47,1358.47,233.88,18.867,0.954,3,29,Semi-Urban,Industrial,0,2143.2033333333334,2323.4624999999996
C00170,4,720.08,531.0,459.6,260.49,235.6,4.558,0.931,15,28,Urban,Commercial,0,544.0500000000001,544.0500000000001
C00334,5,1174.25,1412.21,709.16,465.08,229.13,7.483,0.951,8,28,Rural,Commercial,0,1254.6466666666665,1229.7224999999999
C01200,5,80.65,156.76,47.75,32.9,230.66,0.546,0.89,18,28,Semi-Urban,Residential,1,158.04333333333332,151.1275
C00674,2,149.83,159.24,89.82,60.01,227.52,0.924,0.99,2,28,Urban,Residential,0,159.24,159.24
C00567,4,191.16,166.3,132.51,58.65,234.71,1.202,0.941,10,30,Urban,Residential,0,155.18666666666667,155.18666666666667
C00059,3,90.33,199.11,66.86,23.47,231.24,0.586,0.926,9,30,Urban,Residential,0,191.515,191.515
C00785,4,32.47,44.07,18.79,13.68,227.39,0.206,0.964,1,25,Semi-Urban,Residential,1,102.64999999999999,102.64999999999999
C00419,3,810.04,682.6,497.59,312.45,228.88,5.019,0.979,5,30,Urban,Commercial,0,634.64,634.64
C00783,5,368.64,400.65,273.01,95.63,224.76,2.369,0.962,13,30,Semi-Urban,Residential,0,326.0,307.9325
C01493,2,188.25,349.12,138.05,50.2,227.41,1.229,0.936,16,30,Urban,Residential,0,349.12,349.12
C00935,3,355.91,333.29,217.62,138.28,236.15,2.517,0.831,16,29,Rural,Residential,0,308.08500000000004,308.08500000000004
C00688,4,307.91,214.86,205.83,102.09,222.49,2.085,0.922,12,30,Urban,Residential,0,222.92666666666665,222.92666666666665
C00380,2,258.09,261.48,177.14,80.95,231.07,1.757,0.883,0,30,Semi-Urban,Residential,0,261.48,261.48
C00396,3,349.92,325.51,219.04,130.88,236.74,2.23,0.921,9,28,Urban,Residential,0,310.645,310.645
C00202,5,368.94,1203.14,243.86,125.09,237.1,2.436,0.887,3,25,Semi-Urban,Commercial,1,1190.2700000000002,1152.4575
C01198,2,302.54,323.68,177.08,125.46,231.63,2.006,0.904,16,30,Rural,Residential,0,323.68,323.68
C00783,4,400.65,268.2,288.23,112.41,222.54,2.734,0.914,13,29,Semi-Urban,Residential,0,277.02666666666664,277.02666666666664
C00529,5,269.92,285.35,177.17,92.74,235.7,1.714,0.928,11,30,Urban,Residential,0,260.06333333333333,255.9275
C01485,2,147.66,120.44,98.23,49.43,230.92,0.995,0.892,12,30,Urban,Residential,0,120.44,120.44
C00514,3,236.54,221.67,159.97,76.57,242.24,1.575,0.861,7,30,Semi-Urban,Residential,0,227.265,227.265
C00876,4,268.31,230.81,154.69,113.62,222.34,1.892,0.886,16,29,Urban,Residential,0,219.54,219.54
C00124,5,2011.24,2199.31,1326.17,685.06,227.23,13.144,0.935,1,30,Urban,Industrial,0,1685.073333333333,1758.8525
C00031,1,272.87,,183.36,89.51,235.55,1.868,0.862,18,30,Rural,Residential,0,,
C00186,6,224.23,223.8,156.23,68.0,,1.388,0.984,11,30,Rural,Residential,0,210.78,182.57999999999998
C00520,1,300.44,,181.1,119.34,228.56,1.901,0.96,16,30,Semi-Urban,Residential,0,,
C00059,2,199.11,183.92,125.35,73.76,228.21,1.355,0.894,9,30,Urban,Residential,0,183.92,183.92
C01320,5,175.01,150.9,125.91,49.09,230.39,1.131,0.933,17,29,Semi-Urban,Residential,0,135.07666666666668,135.12
C00804,4,312.14,291.34,120.53,191.61,229.65,2.011,0.939,18,30,Urban,Residential,1,260.0,260.0
C01034,5,1174.7,1337.63,663.62,511.08,,7.568,0.936,9,30,Urban,Commercial,0,1195.1366666666665,1138.745
C00577,5,289.14,302.49,172.94,116.19,229.65,1.887,0.927,19,30,Urban,Residential,0,274.1666666666667,261.245
C01171,6,276.49,259.96,160.02,116.47,232.37,1.752,0.943,12,29,Urban,Residential,0,252.1833333333333,229.51399999999998
C00631,2,187.83,185.32,106.26,81.57,230.04,1.165,0.974,18,30,Urban,Residential,0,185.32,185.32
C00014,4,281.7,231.77,179.25,102.44,237.62,1.749,0.942,13,28,Urban,Residential,0,233.26333333333332,233.26333333333332
C00411,6,205.74,222.97,133.72,72.03,230.03,1.396,0.89,7,30,Rural,Residential,0,194.43999999999997,193.326
C01316,6,1051.29,925.76,606.48,444.81,230.54,7.225,0.877,11,30,Urban,Commercial,0,962.0966666666667,819.7180000000001
C01283,2,160.36,149.03,96.58,63.77,236.62,1.047,0.899,11,30,Urban,Residential,0,149.03,149.03
C00139,4,510.97,371.71,297.36,213.61,224.97,3.581,0.881,7,28,Semi-Urban,Commercial,0,384.68,384.68
C00833,4,1324.28,1053.75,730.31,593.97,227.95,9.129,0.884,15,29,Semi-Urban,Commercial,0,1004.0866666666667,1004.0866666666667
C00661,5,229.29,242.88,165.46,63.83,234.84,1.499,0.905,9,30,Urban,Residential,0,200.26666666666665,190.4125
C01121,1,150.01,,96.78,53.23,227.63,1.002,0.913,0,29,Urban,Residential,0,,
C00940,1,630.43,,347.05,283.38,224.45,4.204,0.928,5,28,Urban,Commercial,0,,
C00394,5,233.33,241.32,148.48,84.85,232.15,1.566,0.891,15,30,Rural,Residential,0,217.9466666666667,207.2775
C00229,5,286.27,285.58,158.04,128.23,234.11,1.886,0.9,8,30,Urban,Residential,0,243.0,234.5625
C00765,4,204.92,172.99,141.12,63.8,228.07,1.376,0.907,3,30,Semi-Urban,Residential,0,173.45666666666668,173.45666666666668
C00864,3,247.86,259.82,157.05,90.8,232.63,1.818,0.814,10,30,Urban,Residential,0,262.42499999999995,262.42499999999995
C00769,3,1302.87,932.02,730.21,572.65,235.52,8.493,0.905,9,29,Semi-Urban,Commercial,0,923.4200000000001,923.4200000000001
C01338,6,352.67,445.45,249.43,103.24,229.84,2.504,0.851,17,28,Urban,Residential,0,372.6566666666667,342.496
C01075,1,640.8,,438.78,202.01,235.16,4.305,0.879,9,30,Semi-Urban,Commercial,0,,
C00410,5,692.46,752.11,459.07,233.39,220.38,4.724,0.924,11,28,Urban,Commercial,0,678.9700000000001,656.2475000000001
C01232,3,1034.39,1017.22,758.63,275.76,224.92,6.72,0.951,1,30,Semi-Urban,Commercial,0,975.13,975.13
C01191,4,159.75,111.66,119.12,40.63,226.28,1.111,0.883,8,29,Semi-Urban,Residential,0,100.59333333333332,100.59333333333332
C01406,2,1096.62,697.96,821.05,275.56,223.06,7.296,0.936,14,30,Rural,Commercial,0,697.96,697.96
C01100,2,340.79,260.7,239.02,101.77,235.04,2.14,0.941,10,30,Urban,Residential,0,260.7,260.7
C01210,1,3505.91,,2265.98,1239.93,223.28,24.203,0.901,7,30,Rural,Industrial,0,,
C00119,3,172.91,158.94,104.37,68.54,229.5,1.14,0.918,15,30,Urban,Residential,0,151.59,151.59
C00793,2,843.2,982.27,573.7,269.51,241.74,4.923,0.984,9,30,Urban,Commercial,0,982.27,982.27
C01116,3,608.91,498.6,336.38,272.52,230.87,4.105,0.892,13,30,Urban,Commercial,0,485.18,485.18
C00492,3,327.52,277.32,230.73,96.8,226.98,2.231,0.898,5,29,Urban,Residential,0,300.195,300.195
C01263,1,95.95,,56.93,39.02,230.36,0.612,0.946,18,30,Rural,Residential,0,,
C00733,6,229.42,220.75,165.63,63.79,234.36,1.486,0.915,9,28,Urban,Residential,0,203.6833333333333,180.70999999999998
C00299,3,300.08,228.84,219.01,81.08,228.39,2.056,0.888,12,30,Rural,Residential,0,248.91500000000002,248.91500000000002
C01099,6,192.87,238.94,107.04,85.83,229.37,1.295,0.902,2,30,Semi-Urban,Residential,0,199.57000000000002,178.68400000000003
C00717,4,194.24,608.42,132.14,62.1,221.71,1.353,0.899,18,20,Urban,Commercial,1,589.2233333333334,589.2233333333334
C01063,1,134.04,,93.65,40.39,225.12,0.888,0.931,3,29,Semi-Urban,Residential,0,,
C00723,1,938.95,,557.15,381.8,222.85,5.963,0.981,6,30,Semi-Urban,Commercial,0,,
C00502,1,112.14,,77.13,35.0,223.94,0.782,0.889,16,30,Urban,Residential,0,,
C01088,1,341.12,,229.67,111.44,227.75,2.382,0.873,11,29,Urban,Commercial,0,,
C00861,5,284.08,322.17,173.87,110.21,,1.97,0.871,3,30,Semi-Urban,Residential,0,240.00333333333333,252.95749999999998
C00190,6,185.36,188.49,110.29,75.08,235.63,1.149,0.951,9,28,Urban,Residential,0,201.32666666666668,183.43400000000003
C01478,6,244.46,219.44,172.4,72.07,241.12,1.632,0.863,14,29,Urban,Residential,0,238.86666666666667,219.18
C00985,5,648.24,562.23,386.12,262.12,230.51,4.038,0.967,7,28,Urban,Commercial,0,501.59666666666664,502.0125
C00462,1,1035.94,,642.43,393.51,224.37,6.515,0.984,6,29,Urban,Commercial,0,,
C00927,1,505.02,,305.91,199.11,232.26,3.594,0.84,1,28,Semi-Urban,Commercial,0,,
C00350,1,219.4,,161.64,57.76,233.83,1.443,0.903,4,30,Urban,Residential,0,,
C00786,3,236.55,217.53,137.58,98.97,236.71,1.596,0.87,4,30,Urban,Residential,0,235.20999999999998,235.20999999999998
C00221,3,521.99,494.24,325.97,196.02,228.72,3.523,0.9,1,30,Semi-Urban,Commercial,0,535.11,535.11
C00029,5,4478.41,4251.32,2500.36,1978.05,230.39,32.137,0.84,0,28,Urban,Industrial,0,3875.293333333333,3791.455
C00969,6,337.2,305.44,244.61,92.59,228.57,2.351,0.872,3,28,Urban,Residential,0,300.24333333333334,268.174
C00007,4,279.07,214.78,197.87,81.2,219.87,1.901,0.927,13,29,Urban,Residential,0,188.40666666666667,188.40666666666667
C01494,4,1356.34,1022.06,975.1,381.24,233.89,9.181,0.877,10,29,Semi-Urban,Commercial,0,1149.05,1149.05
C00930,1,245.59,,158.03,87.56,225.93,1.66,0.909,16,29,Urban,Residential,0,,
C01227,3,185.26,127.69,127.0,58.26,224.33,1.258,0.912,5,29,Urban,Residential,0,134.065,134.065
C00478,3,1238.31,3709.24,790.01,448.29,232.16,9.011,0.822,1,25,Semi-Urban,Industrial,1,3695.56,3695.56
C00712,5,188.6,206.06,139.01,49.59,225.8,1.386,0.837,6,30,Urban,Residential,0,170.68999999999997,163.195
C00684,1,315.98,,175.24,140.74,228.52,2.04,0.941,17,30,Urban,Residential,0,,
C00913,2,244.61,224.84,180.54,64.07,227.51,1.645,0.908,2,29,Urban,Residential,0,224.84,224.84
C00817,1,234.16,,145.39,88.77,221.33,1.739,0.845,10,28,Semi-Urban,Residential,0,,
C00977,6,297.64,328.51,175.36,122.28,225.18,1.957,0.938,12,29,Rural,Residential,0,258.75333333333333,252.44
C01432,1,302.25,,171.87,130.38,221.92,2.045,0.925,17,29,Semi-Urban,Residential,0,,
C00755,5,185.84,188.75,110.02,75.82,239.78,1.097,0.981,12,30,Urban,Residential,0,165.75666666666666,162.22
C00649,4,208.19,176.43,139.29,68.91,231.48,1.346,0.928,16,30,Semi-Urban,Residential,0,151.07666666666668,151.07666666666668
C01335,5,462.28,455.71,332.98,129.31,223.17,3.36,0.856,15,30,Rural,Commercial,0,467.36999999999995,448.8775
C00449,1,2988.9,,2189.88,799.02,227.78,20.771,0.877,15,29,Semi-Urban,Industrial,0,,
C01131,6,146.86,118.43,100.51,46.34,229.51,0.96,0.925,9,30,Rural,Residential,0,133.46333333333334,125.202
C00089,6,175.82,169.07,99.1,76.72,230.13,1.247,0.851,10,29,Semi-Urban,Residential,0,181.45333333333335,158.85399999999998
C01281,2,340.86,355.7,248.38,92.48,228.55,2.29,0.905,17,28,Rural,Residential,0,355.7,355.7
C00415,2,220.82,252.25,135.94,84.88,227.39,1.616,0.835,5,29,Urban,Residential,0,252.25,252.25
C01202,4,250.95,215.37,158.9,92.05,229.99,1.753,0.864,10,30,Rural,Residential,0,195.26999999999998,195.26999999999998
C00011,6,946.55,1121.34,592.71,353.84,231.48,,0.876,14,30,Rural,Commercial,0,928.3933333333333,899.552
C01260,6,692.92,687.32,513.32,179.59,232.44,4.425,0.936,11,30,Urban,Commercial,0,648.5433333333334,621.4979999999999
C01057,5,295.03,102.81,194.51,100.52,228.76,1.835,0.976,19,29,Semi-Urban,Residential,0,223.53999999999996,235.08249999999998
C00060,1,634.31,,381.26,253.05,222.91,4.256,0.929,14,29,Urban,Commercial,0,,
C00434,1,177.26,,128.4,48.86,227.41,1.151,0.941,7,30,Urban,Residential,0,,
C00960,5,180.2,165.13,115.74,64.45,229.16,1.315,0.83,7,29,Rural,Residential,0,140.90333333333334,136.7425
C00365,6,161.33,158.2,116.5,44.82,233.43,1.003,0.957,1,28,Semi-Urban,Residential,0,158.13333333333333,146.576
C00688,6,261.46,277.46,165.85,95.61,225.53,1.869,0.861,12,30,Urban,Residential,0,266.74333333333334,250.83
C01087,6,269.36,271.25,172.4,96.97,229.34,1.981,0.824,17,30,Urban,Residential,0,248.34333333333333,237.708
C00455,3,425.55,205.51,265.1,160.45,232.55,2.718,0.935,5,30,Semi-Urban,Commercial,0,264.225,264.225
C00295,5,157.94,178.01,93.65,64.28,230.89,0.996,0.954,18,30,Urban,Residential,0,156.00333333333333,147.2375
C00079,5,299.99,271.26,204.24,95.75,224.53,3.832,0.484,8,30,Urban,Residential,1,223.11666666666667,244.365
C01226,5,143.02,137.55,88.26,54.76,235.58,0.914,0.923,6,29,Urban,Residential,0,132.32333333333335,125.35249999999999
C01291,6,3949.47,4371.31,2184.35,1765.13,227.52,25.808,0.934,2,29,Urban,Industrial,0,4072.193333333333,3727.036
C00756,5,251.62,261.22,176.23,75.39,237.0,1.557,0.947,4,28,Rural,Residential,0,225.66,222.7875
C01050,3,348.02,303.18,196.07,151.94,227.52,2.32,0.916,14,30,Rural,Residential,0,295.16499999999996,295.16499999999996
C00707,6,1117.62,1166.99,754.8,362.83,234.23,7.266,0.912,3,30,Semi-Urban,Commercial,0,1173.4066666666665,1020.2819999999999
C01294,2,265.81,303.05,194.36,71.45,227.41,1.64,0.99,11,30,Urban,Residential,0,303.05,303.05
C00145,5,600.93,507.63,332.85,268.08,228.38,3.97,0.921,19,30,Rural,Commercial,0,521.38,506.24
C00270,1,322.51,,223.57,98.94,227.61,2.283,0.862,14,28,Urban,Residential,0,,
C00054,6,3323.12,3186.28,2078.48,1244.63,229.44,21.272,0.946,16,30,Semi-Urban,Industrial,0,3226.373333333333,2894.202
C01284,6,964.38,893.74,647.67,316.71,222.53,6.781,0.888,19,29,Semi-Urban,Commercial,0,870.0,797.428
C00699,2,175.99,158.18,102.47,73.52,232.02,1.167,0.903,1,29,Semi-Urban,Residential,0,158.18,158.18
C00438,6,265.48,254.45,153.85,111.63,233.41,1.78,0.887,4,29,Urban,Residential,0,268.41333333333336,242.17800000000003
C00382,2,535.67,385.1,301.69,233.98,227.58,3.552,0.92,14,29,Semi-Urban,Commercial,0,385.1,385.1
C01379,5,353.87,357.16,235.69,118.18,227.33,2.295,0.942,0,30,Rural,Residential,0,272.37,274.9275
C00835,3,3582.68,3392.37,1356.68,2226.0,238.43,23.519,0.887,3,29,Rural,Industrial,1,3825.575,3825.575
C01406,3,911.2,1096.62,565.91,345.29,223.27,5.873,0.965,14,30,Rural,Commercial,0,897.29,897.29
C00262,5,147.92,156.47,93.21,54.71,230.13,0.947,0.943,11,30,Urban,Residential,0,144.42,136.3025
C00852,1,248.04,,138.04,109.99,220.27,1.738,0.9,18,28,Urban,Residential,0,,
C00180,2,121.05,156.72,84.42,36.64,227.32,0.753,0.982,2,28,Semi-Urban,Residential,0,156.72,156.72
C00661,2,181.97,160.85,129.37,52.6,230.67,1.107,0.989,9,30,Urban,Residential,0,160.85,160.85
C00210,1,834.69,,623.38,211.32,232.2,5.553,0.899,6,28,Urban,Commercial,0,,
C00854,3,235.24,211.15,155.81,79.43,226.06,1.573,0.919,8,29,Urban,Residential,0,195.13,195.13
C01002,1,245.69,,156.23,89.46,238.25,1.597,0.897,14,28,Rural,Residential,0,,
C01061,1,697.59,,488.85,208.74,225.31,4.431,0.97,15,30,Rural,Commercial,0,,
C00608,6,308.75,251.36,190.41,118.34,231.87,2.086,0.886,16,28,Urban,Residential,0,243.97333333333336,232.63600000000002
C00410,2,654.59,588.08,411.36,243.23,233.44,4.458,0.874,11,28,Urban,Commercial,0,588.08,588.08
C00838,2,287.53,209.35,215.54,71.99,228.29,1.788,0.978,7,30,Semi-Urban,Residential,0,209.35,209.35
C00526,4,183.02,203.12,112.66,70.36,227.57,1.257,0.889,9,29,Semi-Urban,Residential,0,164.60999999999999,164.60999999999999
C00512,5,2545.32,2926.81,1570.19,975.13,226.45,16.299,0.958,15,30,Semi-Urban,Industrial,0,2390.3700000000003,2232.9825
C00013,2,185.75,171.33,108.92,76.83,231.83,1.261,0.882,9,29,Semi-Urban,Residential,0,171.33,171.33
C01243,1,199.23,,135.32,63.92,234.09,1.292,0.915,12,29,Urban,Residential,0,,
C01112,1,162.89,,98.89,64.0,230.67,1.028,0.954,7,29,Rural,Residential,0,,
C00515,4,220.45,181.98,157.58,62.87,231.71,1.475,0.896,8,30,Semi-Urban,Residential,0,175.87333333333333,175.87333333333333
C01373,2,146.8,141.26,95.57,51.23,228.32,1.035,0.862,17,28,Semi-Urban,Residential,0,141.26,141.26
C00604,3,301.64,249.1,216.9,84.74,223.4,1.894,0.99,1,30,Semi-Urban,Residential,0,251.405,251.405
C01345,3,183.14,138.37,129.59,53.55,230.34,1.213,0.911,19,28,Urban,Residential,0,145.935,145.935
C01387,6,215.03,275.25,159.88,55.14,230.22,1.31,0.99,7,29,Semi-Urban,Residential,0,221.41666666666666,197.75
C01075,4,653.75,641.6,369.23,284.53,232.91,4.274,0.912,9,29,Semi-Urban,Commercial,0,596.7966666666666,596.7966666666666
C00375,6,2217.03,1996.87,1382.77,834.26,235.47,15.06,0.868,16,30,Rural,Industrial,0,2157.986666666667,1898.8380000000002
C00773,2,930.68,1011.63,654.4,276.28,227.94,6.168,0.919,9,28,Urban,Commercial,0,1011.63,1011.63
C00340,3,171.82,170.98,99.4,72.42,236.84,1.114,0.904,12,30,Semi-Urban,Residential,0,173.99,173.99
C01126,6,781.82,869.98,584.23,197.59,229.06,5.481,0.865,0,28,Semi-Urban,Commercial,0,782.5300000000001,766.722
C00835,4,5009.15,3582.68,3072.75,1936.39,233.61,34.36,0.867,3,29,Rural,Industrial,0,3744.61,3744.61
C00711,5,195.03,186.23,124.07,70.96,229.19,1.34,0.882,13,30,Rural,Residential,0,169.65,168.29
C01298,6,976.83,926.57,657.71,319.12,228.21,6.677,0.89,7,30,Urban,Commercial,0,999.0733333333333,931.9159999999999
C00745,3,221.15,153.37,135.13,86.02,,1.408,0.96,7,30,Urban,Residential,0,193.24,193.24
C00204,2,4025.67,3784.56,2855.93,1169.73,219.24,27.194,0.938,12,29,Urban,Industrial,0,3784.56,3784.56
C01459,1,252.4,,183.55,68.84,227.42,1.767,,6,30,Urban,Residential,0,,
C00379,6,1113.65,1275.98,648.22,465.42,230.48,6.779,0.99,17,30,Urban,Commercial,0,1191.4066666666668,1149.544
C01397,5,148.25,155.26,83.96,64.29,235.51,0.918,0.952,14,30,Urban,Residential,0,125.69333333333333,126.0925
C01348,5,242.78,238.43,176.26,66.52,228.81,1.715,0.859,8,30,Rural,Residential,0,201.43999999999997,190.95499999999998
C00815,2,290.98,274.02,196.48,94.51,236.04,1.909,0.897,3,30,Rural,Residential,0,274.02,274.02
C01065,5,357.39,356.23,216.43,140.97,232.54,2.262,0.944,19,30,Urban,Residential,0,306.53333333333336,297.615
C00075,6,269.59,296.48,150.43,119.15,234.15,1.74,0.919,12,29,Urban,Residential,0,275.96,252.552
C01310,1,142.8,,80.06,62.73,230.64,0.911,0.944,16,30,Semi-Urban,Residential,0,,
C01487,3,141.25,141.84,86.88,54.37,228.93,0.961,0.891,2,30,Urban,Residential,0,140.375,140.375
C01090,3,654.02,491.69,360.04,293.98,228.51,4.334,0.917,18,30,Urban,Commercial,0,511.855,511.855
C00569,5,380.35,387.73,274.57,105.78,230.76,2.413,0.949,1,30,Rural,Residential,0,317.26666666666665,310.0325
C00030,4,227.89,195.15,151.64,76.24,232.53,1.418,0.96,15,29,Urban,Residential,0,173.10666666666668,173.10666666666668
C00023,1,177.85,,133.0,44.85,234.16,1.136,0.928,16,30,Rural,Residential,0,,
C00460,1,287.22,,191.3,95.92,230.97,1.872,0.923,14,30,Rural,Residential,0,,
C01127,2,338.43,267.73,193.8,144.63,230.09,2.149,0.951,16,30,Urban,Residential,0,267.73,267.73
C00230,1,254.04,,151.31,102.72,236.45,1.711,0.872,2,29,Urban,Residential,0,,
C01153,1,3667.82,,2691.8,976.02,230.37,22.835,0.968,0,29,Semi-Urban,Industrial,0,,
C00001,1,221.44,,124.29,97.15,231.96,1.502,0.883,6,30,Rural,Residential,0,,
C00546,3,302.3,249.28,213.55,88.75,229.85,1.984,0.921,9,30,Rural,Residential,0,259.445,259.445
C01093,1,317.72,,229.13,88.59,234.22,2.048,0.92,11,30,Semi-Urban,Residential,0,,
C00513,6,315.17,303.14,227.54,87.63,237.77,1.968,0.935,7,29,Urban,Residential,0,288.8566666666666,272.332
C00656,3,1177.16,810.86,824.79,352.36,242.23,7.207,0.937,3,28,Urban,Commercial,0,862.81,862.81
C01196,6,987.99,926.63,588.94,399.05,224.31,6.563,0.932,16,28,Urban,Commercial,0,860.2666666666668,843.156
C01476,2,581.45,578.94,388.02,193.42,227.94,3.795,0.934,4,28,Rural,Commercial,0,578.94,578.94
C01185,4,253.93,220.02,171.28,82.64,233.07,1.789,0.846,4,29,Rural,Residential,0,177.83,177.83
C00856,2,222.08,254.51,148.71,73.37,231.99,1.353,0.982,2,29,Urban,Residential,0,254.51,254.51
C00473,2,175.75,198.49,129.11,46.64,233.12,1.2,0.872,8,28,Semi-Urban,Residential,0,198.49,198.49
C00781,3,279.44,238.82,189.49,89.96,237.08,1.781,0.919,9,29,Urban,Residential,0,252.73,252.73
C01067,6,306.11,301.94,215.18,90.93,236.13,2.105,0.855,3,30,Semi-Urban,Residential,0,304.17,288.928
C01312,5,255.8,251.09,183.85,71.95,223.31,1.851,0.859,4,29,Urban,Residential,0,231.11666666666667,222.77
C00859,4,1291.0,1139.28,849.82,441.18,230.89,8.556,0.908,11,28,Urban,Commercial,0,1138.6533333333334,1138.6533333333334
C01456,6,34.7,63.17,22.61,12.08,231.81,0.216,0.964,19,20,Semi-Urban,Residential,1,89.79666666666667,102.022
C00454,1,169.56,,102.73,66.83,222.74,1.2,0.881,18,29,Semi-Urban,Residential,0,,
C00069,1,268.53,,152.82,115.72,237.23,1.819,0.864,10,28,Urban,Residential,0,,
C01094,2,856.48,949.46,589.91,266.57,225.83,5.572,0.945,19,28,Urban,Commercial,0,949.46,949.46
C00799,6,267.17,270.41,194.19,72.97,235.11,1.789,0.882,11,28,Rural,Residential,0,257.1,240.796
C00172,2,215.65,269.22,136.87,78.78,232.01,1.498,0.862,3,30,Urban,Residential,0,269.22,269.22
C00027,2,335.4,296.25,191.49,143.92,227.53,2.269,0.902,0,30,Semi-Urban,Residential,0,296.25,296.25
C00065,5,317.94,328.82,212.4,105.54,223.54,2.108,0.937,10,29,Semi-Urban,Residential,0,264.2633333333333,257.465
C00737,3,209.17,239.34,137.74,71.44,236.0,1.331,0.925,11,29,Rural,Residential,0,224.595,224.595
C00970,2,166.92,179.93,105.0,61.92,234.4,0.999,0.99,3,28,Rural,Residential,0,179.93,179.93
C01368,5,773.18,610.26,555.4,217.79,230.55,4.849,0.961,1,30,Urban,Commercial,0,566.48,568.165
C00964,4,249.07,205.7,175.64,73.42,242.32,1.494,0.955,11,29,Semi-Urban,Residential,0,180.16333333333333,180.16333333333333
C00287,6,268.12,235.92,173.42,94.7,226.15,1.82,0.905,12,30,Semi-Urban,Residential,0,224.0233333333333,205.92399999999998
C01349,4,5134.36,3524.57,3670.2,1464.16,232.52,32.568,0.942,3,29,Urban,Industrial,0,3706.52,3706.52
C00119,5,183.5,211.1,124.86,58.64,227.31,1.185,0.946,15,29,Urban,Residential,0,180.98333333333335,171.7975
C00846,3,192.76,162.18,142.07,50.68,229.73,1.278,0.912,18,28,Semi-Urban,Residential,0,164.39,164.39
C00086,1,198.81,,148.66,50.15,237.79,1.325,0.877,18,29,Semi-Urban,Residential,0,,
C00177,6,320.78,265.46,218.2,102.57,221.58,2.042,0.985,8,30,Urban,Residential,0,301.84,280.03200000000004
C00990,3,142.75,135.63,98.8,43.95,224.0,0.949,0.933,7,29,Urban,Residential,0,140.745,140.745
C00947,5,318.65,338.02,202.54,116.1,220.11,2.292,0.877,5,28,Rural,Residential,0,295.09,288.655
C01033,4,120.79,127.91,83.97,36.83,224.67,0.764,0.978,10,30,Semi-Urban,Residential,0,108.48666666666666,108.48666666666666
C00264,1,306.71,,169.42,137.29,222.77,1.94,0.986,14,28,Semi-Urban,Residential,0,,
C00359,2,3077.81,3041.95,2083.0,994.81,225.14,19.962,0.951,16,30,Semi-Urban,Industrial,0,3041.95,3041.95
C01486,3,174.66,165.19,99.02,75.64,229.0,1.222,0.867,2,29,Urban,Residential,0,164.885,164.885
C01089,6,1098.9,1095.31,662.6,436.3,236.29,7.037,0.918,5,29,Urban,Commercial,0,1068.14,1000.174
C01114,5,1656.49,1753.67,989.9,666.59,227.94,11.157,0.905,2,29,Urban,Industrial,0,1314.4333333333334,1348.0225
C00879,2,183.4,220.07,108.8,74.6,224.27,1.204,0.944,6,30,Urban,Residential,0,220.07,220.07
C00243,1,259.58,,167.58,92.0,233.87,1.625,0.948,10,29,Rural,Residential,0,,
C00270,3,308.36,316.96,196.82,111.54,238.8,1.96,0.915,14,29,Urban,Residential,0,319.735,319.735
C00865,4,876.21,717.86,564.71,311.5,228.41,5.46,0.976,7,30,Urban,Commercial,0,699.9533333333334,699.9533333333334
C01044,6,1300.22,1185.48,776.65,523.57,225.51,9.035,0.886,1,30,Urban,Commercial,0,1198.76,1108.8400000000001
C01239,5,213.82,196.52,132.67,81.15,237.15,1.345,0.931,13,30,Semi-Urban,Residential,0,192.09333333333333,181.6725
C00524,2,519.49,494.98,348.33,171.16,229.03,3.44,0.916,18,30,Urban,Commercial,0,494.98,494.98
C00407,4,293.63,233.28,219.19,74.44,233.41,1.765,0.99,14,30,Urban,Residential,0,246.22333333333333,246.22333333333333
C00971,2,823.64,958.66,481.44,342.2,236.35,5.076,0.954,1,28,Urban,Commercial,0,958.66,958.66
C00920,2,205.98,189.06,116.23,89.75,237.35,1.308,0.922,19,30,Urban,Residential,0,189.06,189.06
C01467,4,276.98,215.02,161.35,115.63,225.21,1.965,0.869,3,30,Semi-Urban,Residential,0,210.8033333333333,210.8033333333333
C00468,6,320.8,321.31,240.4,80.4,235.53,2.052,0.922,10,30,Rural,Residential,0,271.05,245.372
C00672,4,55.16,121.35,31.05,24.11,226.49,0.363,0.932,17,28,Semi-Urban,Residential,1,147.61,147.61
C00654,4,186.5,117.95,118.99,67.51,224.77,1.246,0.925,4,30,Rural,Residential,0,110.43333333333334,110.43333333333334
C01394,5,356.77,314.61,208.11,148.66,226.65,2.544,0.859,7,29,Urban,Residential,0,299.6566666666667,285.105
C01204,6,345.26,240.03,217.44,127.82,236.89,2.182,0.928,16,30,Urban,Residential,0,261.92,247.848
C00685,1,291.65,,197.39,94.26,227.07,1.946,0.917,9,28,Urban,Residential,0,,
C00133,3,322.18,320.08,216.11,106.07,221.45,2.251,0.898,7,28,Urban,Residential,0,307.185,307.185
C00731,6,353.34,273.61,222.51,130.83,229.84,2.438,0.876,2,29,Rural,Residential,0,264.4533333333333,246.904
C00637,2,180.35,213.33,121.47,58.88,234.55,,0.893,0,28,Semi-Urban,Residential,0,213.33,213.33
C00930,6,345.99,402.51,234.18,111.81,227.47,2.234,0.946,16,30,Urban,Residential,0,276.02333333333337,273.71400000000006
C00754,2,266.93,223.83,158.64,108.29,228.32,1.93,,6,30,Semi-Urban,Residential,0,223.83,223.83
C00042,6,802.19,900.09,515.64,286.55,231.47,5.56,0.866,3,30,Urban,Commercial,0,819.68,754.278
C00550,4,4225.68,3987.16,2386.61,1839.07,228.6,27.242,0.942,4,29,Urban,Industrial,0,3482.92,3482.92
C00400,6,330.35,308.11,236.6,93.75,234.33,2.105,0.93,3,29,Semi-Urban,Residential,0,291.91333333333336,281.88
C00514,1,232.86,,134.16,98.7,237.93,1.479,0.919,7,29,Semi-Urban,Residential,0,,
C00640,3,200.28,186.95,139.18,61.11,236.53,1.27,0.926,15,28,Urban,Residential,0,187.93,187.93
C00817,3,186.61,203.02,118.51,68.11,237.55,1.102,0.99,10,30,Semi-Urban,Residential,0,218.59,218.59
C00367,4,1014.6,364.72,563.98,450.62,232.67,7.319,0.828,12,28,Semi-Urban,Commercial,0,597.2733333333334,597.2733333333334
C00675,4,646.65,684.52,438.75,207.9,228.25,4.145,0.949,8,30,Rural,Commercial,0,607.5466666666666,607.5466666666666
C01373,5,159.98,177.34,91.96,68.02,235.41,1.114,0.847,17,30,Semi-Urban,Residential,0,157.67666666666665,153.5725
C00206,4,356.45,335.42,244.61,111.84,232.06,2.418,0.882,5,30,Semi-Urban,Residential,0,302.9066666666667,302.9066666666667
C01031,3,691.85,2878.75,381.92,309.93,232.82,4.356,0.948,2,15,Rural,Industrial,1,2806.625,2806.625
C00935,5,335.24,368.17,199.63,135.61,223.6,2.5,0.833,16,30,Rural,Residential,0,352.4566666666667,335.0625
C01139,2,2738.85,3335.52,1756.45,982.41,232.03,17.475,0.938,15,30,Semi-Urban,Industrial,0,3335.52,3335.52
C01023,4,4377.02,4080.45,2542.17,1834.85,224.83,28.721,0.941,15,28,Rural,Industrial,0,4010.0466666666666,4010.0466666666666
C01175,6,378.73,304.37,249.53,129.21,237.6,2.337,0.947,5,29,Urban,Residential,0,317.8933333333334,296.58000000000004
C00525,5,4497.06,4886.0,2736.03,1761.03,229.26,28.439,0.958,11,28,Semi-Urban,Industrial,0,4467.973333333333,4281.85
C01201,3,177.04,146.09,98.25,78.8,232.36,1.15,0.92,7,30,Urban,Residential,0,142.53,142.53
C00556,4,371.84,335.54,253.7,118.13,233.23,2.391,0.926,6,30,Urban,Residential,0,267.75,267.75
C00466,5,173.08,211.92,110.21,62.87,,1.133,0.888,2,29,Urban,Residential,0,187.01666666666665,185.8275
C00756,3,210.26,205.5,152.63,57.63,225.17,1.348,0.962,4,28,Rural,Residential,0,209.83499999999998,209.83499999999998
C00718,3,706.87,616.33,490.37,216.51,234.34,4.684,0.894,2,30,Urban,Commercial,0,606.35,606.35
C00761,5,1927.42,1774.53,1177.51,749.91,226.08,12.205,0.97,9,30,Urban,Industrial,0,1658.82,1625.6925
C01140,4,1475.24,902.83,1043.59,431.65,239.66,8.881,0.963,7,28,Urban,Commercial,0,958.0633333333334,958.0633333333334
C00651,6,239.43,254.38,178.15,61.28,232.28,1.638,0.874,3,30,Rural,Residential,0,218.1,212.14600000000002
C00382,6,587.75,596.44,361.82,225.93,230.42,3.914,0.905,14,30,Semi-Urban,Commercial,0,582.5333333333333,533.674
C00778,2,175.06,155.05,131.14,43.92,232.83,1.153,0.906,5,29,Semi-Urban,Residential,0,155.05,155.05
C00592,3,211.25,215.1,133.13,78.12,230.04,1.391,0.917,12,29,Semi-Urban,Residential,0,209.64999999999998,209.64999999999998
C00233,5,439.8,347.75,289.83,149.97,226.55,2.812,0.959,8,29,Urban,Residential,0,331.34666666666664,317.8
C00987,3,159.01,143.84,114.0,45.01,221.56,1.12,,4,29,Urban,Residential,0,137.13,137.13
C01035,3,114.02,125.96,84.87,29.16,228.69,0.722,0.959,3,29,Semi-Urban,Residential,0,122.69,122.69
C00174,5,283.32,241.25,194.97,88.35,231.07,1.808,0.942,0,30,Semi-Urban,Residential,0,199.90666666666667,202.6375
C00102,6,194.62,213.97,124.57,70.05,238.35,1.285,0.882,17,30,Semi-Urban,Residential,0,192.77,178.994
C01097,3,89.75,250.09,55.43,34.32,235.04,0.597,0.888,8,30,Urban,Residential,1,248.615,248.615
C01336,4,575.96,520.55,330.13,245.83,225.36,,0.912,18,30,Semi-Urban,Commercial,0,548.9,548.9
C00915,1,1811.57,,1137.74,673.83,224.89,11.643,0.961,4,30,Urban,Industrial,0,,
C00375,3,2031.06,1547.15,1161.47,869.59,220.38,14.266,0.897,16,29,Rural,Industrial,0,1510.115,1510.115
C00697,1,282.47,,161.39,121.07,231.48,1.833,0.924,15,30,Urban,Residential,0,,
C01491,2,2233.88,2817.09,1624.12,609.76,224.41,16.217,0.853,3,30,Rural,Industrial,0,2817.09,2817.09
C00873,4,168.76,136.09,114.89,53.87,231.21,1.104,0.918,1,29,Urban,Residential,0,137.60666666666668,137.60666666666668
C00419,1,586.68,,381.99,204.68,234.69,4.041,0.859,5,29,Urban,Commercial,0,,
C00666,6,377.5,387.64,244.0,133.5,230.17,2.608,0.873,18,25,Urban,Commercial,1,466.72333333333336,424.31800000000004
C00262,4,156.47,145.71,105.6,50.87,233.01,1.04,0.897,11,29,Urban,Residential,0,129.58,129.58
C01041,5,198.89,191.53,136.91,61.98,218.0,1.463,0.866,10,29,Urban,Residential,0,176.11333333333334,167.44
C01473,6,343.37,377.7,209.11,134.26,226.98,2.192,0.958,15,29,Urban,Residential,0,393.6266666666667,362.87199999999996
C00084,6,208.49,227.43,115.83,92.66,229.07,1.393,0.907,10,30,Urban,Residential,0,204.97333333333333,189.988
C00823,5,342.15,312.91,225.48,116.67,234.39,2.193,0.924,4,28,Semi-Urban,Residential,0,313.08333333333337,296.20000000000005
C00046,5,367.56,356.02,203.48,164.08,233.69,2.313,0.945,14,30,Urban,Residential,0,325.9766666666667,319.43
C00225,2,123.78,115.67,81.61,42.17,233.9,0.793,0.927,4,30,Urban,Residential,0,115.67,115.67
C01271,4,189.44,159.83,126.8,62.64,235.04,1.253,0.893,14,28,Rural,Residential,0,148.04999999999998,148.04999999999998
C01386,5,1260.39,1254.7,806.36,454.03,226.1,8.312,0.931,10,30,Rural,Commercial,0,1101.2966666666669,1100.255
C00852,6,315.26,304.9,179.52,135.75,229.16,2.088,0.915,18,30,Urban,Residential,0,298.27666666666664,282.83
C00399,5,1192.18,1009.87,759.41,432.78,225.01,7.84,0.939,7,30,Urban,Commercial,0,955.2466666666666,956.0975
C01133,3,336.75,93.06,204.27,132.48,229.02,2.265,0.902,15,29,Semi-Urban,Residential,0,187.175,187.175
C00679,4,250.0,224.81,160.58,89.42,222.72,1.686,0.925,4,28,Semi-Urban,Residential,0,215.3033333333333,215.3033333333333
C01109,3,508.15,510.31,306.13,202.02,228.21,3.406,0.908,19,29,Urban,Commercial,0,465.63,465.63
C00402,2,282.68,337.27,178.97,103.71,235.42,1.714,0.973,4,28,Urban,Residential,0,337.27,337.27
C00831,5,399.06,350.76,245.99,153.06,239.27,2.38,0.973,1,28,Urban,Residential,0,308.73,304.815
C01347,4,269.7,246.21,156.96,112.74,232.03,1.687,0.957,5,29,Urban,Residential,0,258.7033333333333,258.7033333333333
C00114,6,325.18,311.92,231.32,93.86,226.1,2.091,0.955,14,29,Semi-Urban,Residential,0,306.35333333333335,311.168
C00512,6,2342.35,2545.32,1437.64,904.71,239.94,14.59,0.929,15,30,Semi-Urban,Industrial,0,2553.0733333333333,2295.45
C00887,1,633.16,,361.71,271.44,233.93,3.969,0.947,7,29,Urban,Commercial,0,,
C00167,2,231.87,272.7,155.12,76.75,234.62,1.527,0.899,18,30,Rural,Residential,0,272.7,272.7
C00534,5,315.04,278.92,234.86,80.18,231.39,1.981,0.955,7,28,Rural,Residential,0,295.81,278.9625
C00299,6,341.85,299.27,193.58,148.28,232.69,2.344,0.871,12,30,Rural,Residential,0,323.2633333333333,293.524
C00197,1,256.59,,185.87,70.73,220.15,1.768,0.916,11,28,Urban,Residential,0,,
C00225,3,115.71,123.78,83.94,31.77,229.01,0.773,0.908,4,29,Urban,Residential,0,119.725,119.725
C00855,5,232.47,241.32,157.87,74.6,232.44,1.487,0.934,10,28,Rural,Residential,0,195.07666666666668,186.975
C00125,1,156.4,,98.07,58.33,233.55,0.985,0.945,17,29,Semi-Urban,Residential,0,,
C01307,6,147.95,225.65,86.03,61.92,230.68,1.069,0.833,4,15,Rural,Residential,1,194.45666666666668,196.95999999999998
C00867,3,283.41,231.87,175.46,107.95,227.44,2.0,0.865,16,30,Rural,Residential,0,229.815,229.815
C00392,3,112.65,129.39,83.18,29.47,234.84,1.752,0.38,5,30,Urban,Residential,1,156.25,156.25
C01446,2,484.47,597.56,338.34,146.13,233.04,3.159,0.914,3,30,Rural,Commercial,0,597.56,597.56
C00433,4,243.7,262.14,180.07,63.63,231.22,1.522,0.962,14,30,Urban,Residential,0,223.14333333333332,223.14333333333332
C00260,4,283.3,247.18,179.61,103.7,231.79,1.933,0.878,8,30,Semi-Urban,Residential,0,234.64666666666668,234.64666666666668
C01395,4,689.84,1207.83,242.24,447.6,232.44,6.66,0.619,0,20,Rural,Commercial,1,1099.6233333333332,1099.6233333333332
C00490,6,313.47,318.21,216.14,97.33,237.29,1.971,0.931,18,30,Rural,Residential,0,291.46666666666664,267.41999999999996
C01030,3,138.11,108.43,93.95,44.16,231.98,0.945,0.875,15,29,Semi-Urban,Residential,0,111.055,111.055
C01009,4,139.51,129.35,85.4,54.11,225.78,0.976,0.88,6,30,Urban,Residential,0,128.78,128.78
C00885,3,214.52,177.21,149.8,64.72,225.1,1.447,0.915,9,28,Semi-Urban,Residential,0,178.74,178.74
C00320,2,292.17,241.02,196.61,95.56,227.51,2.009,0.888,8,30,Urban,Residential,0,241.02,241.02
C00116,4,3465.43,3306.04,2508.52,956.91,229.98,22.388,0.935,2,30,Rural,Industrial,0,2904.6133333333332,2904.6133333333332
C00081,6,765.16,775.6,456.62,308.54,224.34,5.073,0.934,5,28,Urban,Commercial,0,748.6833333333334,691.404
C01286,2,130.68,157.76,88.49,42.2,228.34,0.831,0.957,16,28,Rural,Residential,0,157.76,157.76
C01245,5,141.23,134.97,90.38,50.85,225.67,0.986,0.881,5,30,Urban,Residential,0,120.75999999999999,113.41
C00164,5,133.45,161.37,76.19,57.26,234.4,0.863,,18,30,Urban,Residential,0,133.62,128.16500000000002
C01058,5,150.69,159.0,111.63,39.06,223.53,0.946,0.99,10,30,Urban,Residential,0,142.21,138.2475
C00014,2,218.42,249.6,121.01,97.41,226.22,1.554,0.863,13,29,Urban,Residential,0,249.6,249.6
C00447,1,1153.5,,646.3,507.2,233.83,7.33,0.935,9,29,Rural,Industrial,0,,
C01472,2,123.39,109.93,68.16,55.23,221.23,0.853,0.908,18,29,Rural,Residential,0,109.93,109.93
C00296,1,235.99,,138.61,97.38,228.7,1.585,0.904,17,29,Urban,Residential,0,,
C00345,4,265.98,223.51,181.85,84.13,228.25,1.846,0.877,2,30,Urban,Residential,0,200.20666666666668,200.20666666666668
C00509,3,247.55,193.85,153.94,93.61,233.01,1.599,0.923,0,30,Urban,Residential,0,205.7,205.7
C01097,6,358.89,299.59,124.29,234.6,234.15,2.301,0.925,8,30,Urban,Residential,1,236.05333333333328,241.07799999999997
C01231,3,511.86,327.28,288.04,223.82,224.33,3.23,0.981,11,28,Rural,Commercial,0,337.67999999999995,337.67999999999995
C00689,5,3938.23,5004.36,2900.68,1037.55,235.73,26.748,0.867,9,28,Urban,Industrial,0,4706.283333333333,4385.07
C01395,1,1163.93,,864.35,299.58,229.48,7.696,0.915,0,30,Rural,Commercial,0,,
C01464,6,171.74,164.57,118.01,53.73,228.3,1.146,0.912,17,29,Semi-Urban,Residential,0,156.32333333333332,148.762
C00075,2,223.63,211.25,129.39,94.24,230.34,1.438,0.938,12,29,Urban,Residential,0,211.25,211.25
C01019,4,264.83,213.2,159.09,105.74,233.89,1.672,0.941,19,30,Rural,Residential,0,222.23333333333335,222.23333333333335
C00535,3,1381.89,1483.0,857.95,523.94,229.97,8.629,0.967,5,30,Urban,Industrial,0,1501.685,1501.685
C01026,6,579.79,705.46,384.43,195.35,224.73,3.869,0.926,17,30,Rural,Commercial,0,714.7833333333333,626.04
C00583,6,189.5,195.59,133.06,56.44,,1.165,0.963,4,29,Urban,Residential,0,189.0566666666667,183.842
C00746,6,265.1,212.44,195.49,69.61,230.71,1.653,0.965,8,28,Rural,Residential,0,231.74333333333334,225.82799999999997
C00854,1,179.11,,104.06,75.05,231.28,1.179,0.913,8,30,Urban,Residential,0,,
C00384,4,1233.28,1138.56,793.13,440.15,239.51,7.958,0.899,12,28,Urban,Commercial,0,845.0266666666666,845.0266666666666
C01290,2,3208.15,3595.91,1775.52,1432.63,233.2,20.565,0.929,11,30,Urban,Industrial,0,3595.91,3595.91
C00934,4,229.58,226.15,141.54,88.04,234.72,1.474,0.922,0,30,Rural,Residential,0,195.86333333333334,195.86333333333334
C01383,4,173.71,114.77,114.4,59.3,224.85,1.18,0.909,2,29,Urban,Residential,0,125.10333333333334,125.10333333333334
C00272,6,344.64,257.84,214.1,130.54,226.55,2.447,0.864,15,29,Urban,Residential,0,290.0833333333333,281.696
C01447,2,2314.25,2661.93,1282.11,1032.14,225.03,16.31,0.876,15,30,Semi-Urban,Industrial,0,2661.93,2661.93
C00012,3,724.82,597.66,510.61,214.21,231.21,4.398,0.99,2,30,Rural,Commercial,0,661.14,661.14
C00720,4,367.1,402.54,206.5,160.6,232.8,2.499,0.876,5,30,Rural,Residential,0,330.50666666666666,330.50666666666666
C00009,1,260.47,,185.29,75.18,232.76,1.743,0.892,12,30,Urban,Residential,0,,
C00176,4,650.82,526.05,468.24,182.57,240.32,4.06,0.926,8,28,Rural,Commercial,0,487.8933333333334,487.8933333333334
C00677,3,171.76,180.18,116.69,55.07,234.64,1.086,0.936,7,30,Urban,Residential,0,181.15,181.15
C01011,1,584.33,,337.08,247.25,231.49,3.541,0.99,4,29,Semi-Urban,Commercial,0,,
C00472,1,291.37,,203.96,87.41,226.32,1.957,0.914,4,30,Rural,Residential,0,,
C01353,6,344.46,400.71,242.81,101.65,235.28,2.077,0.979,8,29,Rural,Residential,0,354.74333333333334,318.354
C00581,1,784.23,,479.2,305.03,239.7,4.926,0.923,4,29,Urban,Commercial,0,,
C01321,1,262.08,,147.11,114.97,231.59,1.773,0.886,10,28,Urban,Residential,0,,
C01037,5,610.85,733.4,404.26,206.59,225.46,3.801,0.99,8,28,Semi-Urban,Commercial,0,616.2833333333333,595.0074999999999
C00952,5,160.48,138.83,91.82,68.66,233.84,1.013,0.941,6,30,Urban,Residential,0,125.76,124.9625
C00756,4,261.22,210.26,195.87,65.35,228.44,1.774,0.895,4,28,Rural,Residential,0,209.97666666666666,209.97666666666666
C00245,4,131.54,121.13,72.8,58.74,223.03,0.91,0.901,10,30,Semi-Urban,Residential,0,120.27333333333333,120.27333333333333
C00990,3,142.75,135.63,98.8,43.95,224.0,0.949,0.933,7,29,Urban,Residential,0,140.745,140.745
C01464,4,161.78,142.62,117.93,43.85,222.79,1.019,0.99,17,30,Semi-Urban,Residential,0,139.15333333333334,139.15333333333334
C00066,4,147.49,148.01,107.78,39.72,226.31,1.033,0.876,4,28,Rural,Residential,0,144.82333333333332,144.82333333333332
C00587,4,248.62,192.5,162.9,85.72,230.2,1.594,0.941,0,29,Semi-Urban,Residential,0,208.08,208.08
C00039,3,2579.07,2301.81,1528.62,1050.45,234.06,16.227,0.943,6,30,Semi-Urban,Industrial,0,2299.71,2299.71
C00221,1,575.98,,355.83,220.15,235.75,3.791,0.895,1,30,Semi-Urban,Commercial,0,,
C00007,6,225.5,232.42,153.8,71.7,238.83,1.401,0.936,13,29,Urban,Residential,0,242.09,215.342
C01091,6,427.38,384.77,262.02,165.36,235.85,2.712,0.928,0,30,Semi-Urban,Residential,0,398.1266666666666,350.386
C01029,4,231.0,233.5,128.56,102.44,231.04,1.466,0.947,17,30,Semi-Urban,Residential,0,206.25,206.25
C01330,4,179.62,165.35,100.45,79.16,231.78,1.204,0.894,2,30,Urban,Residential,0,140.84333333333333,140.84333333333333
C00417,4,144.78,133.95,92.14,52.64,228.51,0.901,0.977,17,30,Semi-Urban,Residential,0,131.71333333333334,131.71333333333334
C00309,4,665.71,274.69,445.58,220.13,226.6,4.475,0.912,4,30,Urban,Commercial,0,422.26,422.26
C00256,1,215.17,,147.29,67.88,223.33,1.575,0.849,10,30,Semi-Urban,Residential,0,,
C00493,4,335.4,337.79,184.98,150.42,230.69,2.04,0.99,1,28,Urban,Residential,0,304.43666666666667,304.43666666666667
C01163,3,48.23,151.13,32.21,16.02,226.04,0.309,0.958,14,30,Urban,Residential,1,133.65,133.65
C01429,5,351.94,374.62,211.06,140.89,237.7,2.259,0.91,2,30,Rural,Residential,0,252.38333333333333,264.3625
C00412,6,899.64,868.31,652.69,246.95,230.22,5.844,0.929,5,30,Semi-Urban,Commercial,0,694.1533333333333,682.2180000000001
C00221,4,757.74,521.99,543.03,214.71,227.63,4.957,0.933,1,30,Semi-Urban,Commercial,0,530.7366666666667,530.7366666666667
C00894,6,5181.22,5211.16,2895.4,2285.82,233.1,35.033,0.881,12,29,Urban,Industrial,0,4526.586666666667,4009.15
C00506,4,289.59,244.38,201.22,88.37,238.03,1.881,0.898,14,30,Urban,Residential,0,200.59666666666666,200.59666666666666
C00814,3,118.81,118.45,70.54,48.27,236.72,0.704,0.99,10,28,Urban,Residential,0,106.33500000000001,106.33500000000001
C00249,4,265.21,229.01,176.18,89.03,224.58,1.695,0.967,2,30,Urban,Residential,0,204.76999999999998,204.76999999999998
C01024,6,236.39,258.03,163.45,72.94,230.3,1.537,0.927,2,29,Semi-Urban,Residential,0,241.79666666666665,219.60999999999999
C00643,1,173.85,,106.23,67.61,236.43,1.145,0.892,10,28,Urban,Residential,0,,
C00011,2,928.86,783.72,626.08,302.78,229.45,5.863,0.959,14,29,Rural,Commercial,0,783.72,783.72
C01242,6,303.23,303.04,178.44,124.79,230.98,1.972,0.924,1,29,Rural,Residential,0,272.63000000000005,259.248
C00430,1,345.77,,192.53,153.24,239.62,2.185,0.917,8,30,Urban,Residential,0,,
C00429,5,133.87,387.2,90.41,43.46,229.28,0.819,0.99,11,30,Rural,Residential,0,312.4533333333334,301.2
C01098,5,138.3,166.28,86.74,51.55,233.52,0.935,0.88,9,29,Urban,Residential,0,139.25,133.17000000000002
C00068,1,260.83,,176.24,84.59,243.1,1.702,0.876,2,30,Urban,Residential,0,,
C00056,3,83.97,249.5,53.82,30.15,237.06,0.548,0.898,10,29,Urban,Residential,0,253.81,253.81
C01249,4,211.88,207.52,130.12,81.77,,1.359,0.93,9,30,Semi-Urban,Residential,0,201.68666666666664,201.68666666666664
C00169,2,156.64,152.95,116.81,39.83,231.59,1.051,0.893,2,30,Urban,Residential,0,152.95,152.95
C00195,5,356.98,301.16,223.32,133.65,233.77,2.295,0.924,4,29,Semi-Urban,Residential,0,284.19666666666666,282.335
C01469,3,164.37,148.06,102.71,61.66,231.96,1.049,0.939,16,28,Semi-Urban,Residential,0,133.135,133.135
C01324,3,657.56,543.96,420.81,236.75,225.86,4.498,0.899,14,30,Urban,Commercial,0,600.96,600.96
C00438,5,254.45,291.1,178.59,75.86,236.7,1.601,0.933,4,30,Urban,Residential,0,250.0966666666667,239.11
C00480,6,911.81,913.6,569.61,342.2,230.34,5.714,0.962,9,30,Urban,Commercial,0,898.0733333333333,812.45
C00769,1,914.82,,601.28,313.54,230.73,6.256,0.88,9,30,Semi-Urban,Commercial,0,,
C00702,5,1123.65,1239.41,722.59,401.06,229.14,7.672,0.888,10,29,Urban,Commercial,0,985.1266666666667,956.4725000000001
C01196,3,896.18,810.83,509.19,386.99,234.21,5.819,0.913,16,29,Urban,Commercial,0,817.49,817.49
C00327,2,305.91,282.34,209.46,96.44,231.57,1.908,0.961,6,29,Semi-Urban,Residential,0,282.34,282.34
C00240,5,172.12,144.46,124.65,47.48,234.46,1.052,0.969,6,30,Rural,Residential,0,137.10666666666668,135.29500000000002
C00371,6,5114.16,5405.93,3162.14,1952.02,231.64,33.661,0.911,3,29,Urban,Industrial,0,5179.21,4601.262
C00686,1,828.43,,537.27,291.15,231.42,5.022,0.99,18,30,Urban,Commercial,0,,
C01433,5,222.79,228.02,145.14,77.65,241.41,1.409,0.91,9,30,Rural,Residential,0,186.93999999999997,177.485
C00223,3,225.8,176.32,162.22,63.58,217.46,1.622,0.889,19,29,Semi-Urban,Residential,0,182.07,182.07
C01058,6,156.49,150.69,104.7,51.79,227.89,1.05,0.908,10,29,Urban,Residential,0,147.82666666666668,140.73600000000002
C00648,6,531.36,568.77,293.01,238.36,227.17,3.344,0.971,10,29,Urban,Commercial,0,549.6766666666667,522.74
C01491,1,2817.09,,2110.06,707.03,230.96,18.017,0.94,3,29,Rural,Industrial,0,,
C00692,6,120.01,145.72,81.93,38.08,226.86,0.753,0.976,9,30,Semi-Urban,Residential,0,149.41666666666666,143.43
C01319,5,891.98,900.2,633.72,258.26,224.07,6.15,0.899,14,30,Semi-Urban,Commercial,0,837.5733333333334,845.3824999999999
C01440,2,2572.03,2644.66,1710.77,861.26,236.92,15.41,0.978,5,29,Urban,Industrial,0,2644.66,2644.66
C00506,2,192.32,165.09,111.27,81.04,231.63,1.292,0.892,14,30,Urban,Residential,0,165.09,165.09
C00501,3,274.74,203.09,180.21,94.53,222.66,1.771,0.968,5,25,Urban,Residential,1,195.71,195.71
C01355,5,293.55,288.95,204.29,89.27,227.32,2.087,0.859,8,30,Urban,Residential,0,249.87666666666667,240.7025
C00118,5,438.45,121.15,261.91,176.53,225.73,2.921,0.924,11,20,Semi-Urban,Residential,1,233.79,241.0925
C00884,3,452.91,414.15,307.55,145.36,230.35,3.091,0.884,13,30,Rural,Commercial,0,405.905,405.905
C00632,5,361.08,433.27,223.34,137.73,224.17,2.317,0.966,15,28,Urban,Residential,0,354.01,345.195
C01319,6,952.36,891.98,698.18,254.18,230.81,6.222,0.921,14,28,Semi-Urban,Commercial,0,883.3000000000001,854.702
C00649,5,215.44,208.19,123.68,91.76,231.75,1.375,0.939,16,30,Semi-Urban,Residential,0,171.4433333333333,165.35500000000002
C00616,3,354.96,348.15,265.53,89.43,214.28,2.442,0.942,10,30,Urban,Residential,0,335.625,335.625
C01462,5,262.69,230.44,187.52,75.17,235.61,1.617,0.957,3,30,Semi-Urban,Residential,0,212.78,215.27
C01060,2,281.49,280.31,172.51,108.99,236.59,1.75,0.944,18,30,Urban,Residential,0,280.31,280.31
C00261,3,289.57,148.69,178.01,111.56,227.34,1.869,0.946,14,29,Rural,Residential,0,219.925,219.925
C00737,6,297.08,313.43,189.88,107.2,234.91,1.792,0.98,11,29,Rural,Residential,0,267.37,250.26
C01489,4,440.2,332.35,267.78,172.42,235.09,2.739,0.949,9,29,Semi-Urban,Residential,0,318.5,318.5
C00566,3,290.89,322.35,176.45,114.44,228.34,1.932,0.916,11,30,Urban,Residential,0,309.505,309.505
C00117,1,269.55,,176.58,92.97,225.17,1.828,0.909,15,28,Semi-Urban,Residential,0,,
C00184,6,1362.56,1407.23,936.96,425.6,234.23,8.592,0.94,19,30,Semi-Urban,Commercial,0,1356.9399999999998,1195.772
C00079,6,388.55,299.99,253.51,135.04,226.4,2.68,0.89,8,30,Urban,Residential,0,226.7166666666667,255.49
C00064,2,156.76,161.24,116.24,40.52,228.36,1.115,0.855,1,29,Semi-Urban,Residential,0,161.24,161.24
C01340,2,4627.42,4044.06,3015.23,1612.19,233.89,30.16,0.911,9,28,Rural,Industrial,0,4044.06,4044.06
C00852,2,271.28,248.04,158.07,113.22,237.69,1.772,0.895,18,28,Urban,Residential,0,248.04,248.04
C01344,5,331.91,326.24,186.99,144.92,228.7,2.15,0.937,15,29,Urban,Residential,0,304.0,296.8575
C00914,1,319.87,,226.01,93.86,226.37,2.187,0.897,17,29,Semi-Urban,Commercial,0,,
C01102,5,340.51,398.66,242.86,97.65,224.77,2.302,0.914,12,29,Semi-Urban,Residential,0,343.82,328.235
C00784,3,212.93,190.06,119.86,93.07,234.17,1.308,0.965,19,30,Urban,Residential,0,217.98000000000002,217.98000000000002
C00990,6,177.85,155.83,109.87,67.97,230.08,1.142,0.94,7,30,Urban,Residential,0,163.15666666666667,154.192
C01126,5,869.98,806.38,615.96,254.02,228.09,6.053,0.875,0,28,Semi-Urban,Commercial,0,740.2633333333333,740.9075
C00688,2,223.35,230.57,132.92,90.43,233.15,1.473,0.903,12,29,Urban,Residential,0,230.57,230.57
C00064,4,183.1,179.82,101.03,82.06,238.39,1.185,0.9,1,30,Semi-Urban,Residential,0,165.94,165.94
C00981,1,676.67,,462.42,214.25,220.29,4.72,0.904,10,28,Rural,Commercial,0,,
C01080,3,59.71,117.12,33.06,26.64,219.89,0.399,0.946,10,29,Rural,Residential,0,114.82,114.82
C00875,4,201.93,265.22,134.95,66.97,232.91,1.297,0.929,3,20,Semi-Urban,Residential,1,240.45000000000002,240.45000000000002
C00684,4,329.73,376.84,242.87,86.86,225.41,2.156,0.942,17,30,Urban,Residential,0,318.2266666666667,318.2266666666667
C00284,2,234.17,251.9,146.55,87.62,226.23,1.487,0.967,7,30,Semi-Urban,Residential,0,251.9,251.9
C00699,4,251.69,221.71,148.51,103.18,225.23,1.674,0.927,1,29,Semi-Urban,Residential,0,185.29333333333332,185.29333333333332
C00768,2,186.81,175.54,131.76,55.05,233.06,1.23,0.905,17,30,Rural,Residential,0,175.54,175.54
C01119,4,276.78,208.35,171.81,104.97,234.52,1.752,0.936,1,30,Rural,Residential,0,206.25333333333333,206.25333333333333
C00010,5,195.07,179.21,136.32,58.75,233.24,1.234,0.941,9,30,Urban,Residential,0,156.67333333333332,154.62
C00671,5,322.74,291.26,228.65,94.09,224.53,2.017,0.99,6,28,Rural,Residential,0,280.4433333333333,273.6525
C01208,6,374.73,372.5,254.16,120.57,225.52,2.671,0.864,14,29,Rural,Residential,0,356.0733333333333,328.412
C00937,2,546.81,511.2,333.99,212.82,244.13,3.432,,18,29,Urban,Commercial,0,511.2,511.2
C00888,6,291.21,277.28,195.55,95.67,228.55,1.908,,19,30,Urban,Residential,0,266.3966666666667,234.526
C00644,5,130.22,137.48,72.55,57.67,228.21,0.915,0.866,8,29,Urban,Residential,0,124.31333333333333,116.3275
C01062,1,4204.24,,3137.04,1067.19,234.35,27.455,0.908,10,29,Urban,Industrial,0,,
C01038,5,369.08,348.27,233.72,135.36,231.26,2.239,0.99,3,30,Rural,Residential,0,325.83666666666664,318.62
C00479,1,172.47,,125.47,47.0,231.26,1.257,0.824,1,30,Urban,Residential,0,,
C00199,6,236.45,115.12,138.85,97.6,227.5,1.533,0.942,12,28,Semi-Urban,Residential,0,118.79333333333334,142.932
C01267,3,305.58,261.68,194.94,110.63,237.03,1.844,0.971,8,29,Rural,Residential,0,272.145,272.145
C00144,1,122.81,,89.56,33.25,225.71,0.804,0.94,7,29,Rural,Residential,0,,
C00741,2,285.89,247.2,196.97,88.92,,1.842,0.956,10,29,Semi-Urban,Residential,0,247.2,247.2
C01020,1,219.95,,147.88,72.07,231.14,1.411,0.937,15,28,Semi-Urban,Residential,0,,
C01489,2,338.26,284.89,229.51,108.75,231.74,2.16,0.939,9,30,Semi-Urban,Residential,0,284.89,284.89
C01115,3,96.26,231.86,61.3,34.96,219.44,0.68,0.897,6,20,Urban,Residential,1,239.065,239.065
C00257,1,226.58,,151.97,74.61,229.01,1.414,0.972,0,30,Semi-Urban,Residential,0,,
C00125,2,169.76,156.4,113.11,56.66,235.77,1.094,0.914,17,28,Semi-Urban,Residential,0,156.4,156.4
C00857,2,313.48,270.24,198.71,114.77,231.28,2.122,0.887,1,30,Semi-Urban,Residential,0,270.24,270.24
C00739,1,306.65,,194.87,111.78,219.59,2.083,0.931,15,29,Urban,Residential,0,,
C01023,2,3721.31,4228.38,2681.74,1039.58,226.74,25.069,0.909,15,29,Rural,Industrial,0,4228.38,4228.38
C00452,2,158.05,153.34,89.64,68.41,229.17,1.069,0.896,1,30,Urban,Residential,0,153.34,153.34
C00352,5,349.41,309.6,218.55,130.86,224.83,2.36,,18,28,Urban,Residential,0,273.4866666666667,256.4625
C00571,3,365.17,317.73,224.74,140.43,227.89,2.425,0.918,1,29,Urban,Residential,0,307.13,307.13
C01155,5,228.34,199.14,139.78,88.56,231.52,1.442,0.95,8,29,Semi-Urban,Residential,0,214.36666666666667,205.72
C00902,4,363.06,295.61,227.46,135.6,243.02,2.181,0.951,1,29,Rural,Residential,0,290.51666666666665,290.51666666666665
C00821,3,330.8,316.12,185.37,145.43,228.81,2.326,,11,29,Semi-Urban,Residential,0,306.46000000000004,306.46000000000004
C00937,6,641.06,708.0,419.74,221.32,224.2,4.214,0.942,18,30,Urban,Commercial,0,673.2199999999999,615.534
C00306,3,727.24,585.81,465.83,261.41,236.66,4.772,0.894,11,30,Semi-Urban,Commercial,0,587.135,587.135
C01451,5,285.15,289.67,213.06,72.09,226.81,1.829,0.955,11,28,Urban,Residential,0,245.18666666666664,228.59
C00948,6,264.54,277.53,186.65,77.89,239.11,1.686,0.912,13,29,Semi-Urban,Residential,0,249.86333333333332,237.48599999999996
C01081,1,120.43,,66.8,53.63,231.99,0.729,0.989,2,29,Urban,Residential,0,,
C01166,4,823.19,890.71,606.14,217.05,221.76,5.561,0.927,3,30,Semi-Urban,Commercial,0,770.9233333333333,770.9233333333333
C00277,1,470.99,,273.53,197.46,230.13,3.08,0.923,15,28,Semi-Urban,Commercial,0,,
C01178,4,1476.86,1249.12,899.3,577.56,233.85,8.86,0.99,3,30,Semi-Urban,Commercial,0,1209.0166666666667,1209.0166666666667
C00256,4,260.43,295.92,187.09,73.34,228.94,1.774,0.89,10,30,Semi-Urban,Residential,0,247.58,247.58
C00526,5,205.17,183.02,147.95,57.22,229.29,1.381,0.9,9,29,Semi-Urban,Residential,0,175.92666666666665,169.2125
C00589,2,199.46,213.04,129.41,70.05,223.33,1.31,0.947,3,29,Urban,Residential,0,213.04,213.04
C00575,5,209.44,154.7,138.27,71.17,235.02,1.25,0.99,2,30,Urban,Residential,0,144.75,148.32
C00621,4,493.18,467.88,308.01,185.17,235.17,3.26,0.893,15,29,Urban,Commercial,0,448.49333333333334,448.49333333333334
C00813,1,330.96,,218.65,112.31,236.32,2.12,0.917,5,29,Rural,Residential,0,,
C00975,6,294.13,241.82,213.98,80.15,230.16,1.868,0.95,6,30,Rural,Residential,0,248.61999999999998,229.052
C00363,6,179.52,159.19,109.29,70.23,236.85,1.183,0.89,6,30,Urban,Residential,0,171.07333333333335,161.732
C00674,6,198.25,201.04,110.68,87.57,235.33,1.219,0.96,2,29,Urban,Residential,0,183.9533333333333,172.186
C01397,2,101.18,127.29,63.54,37.64,231.55,0.649,0.935,14,28,Urban,Residential,0,127.29,127.29
C00117,5,336.81,384.06,230.57,106.24,235.34,2.11,0.942,15,29,Semi-Urban,Residential,0,313.0566666666666,302.18
C00036,5,183.33,162.92,122.18,61.15,236.85,1.188,0.905,10,30,Urban,Residential,0,176.02666666666664,163.605
C01494,3,1022.06,1159.54,627.81,394.26,237.1,6.658,0.899,10,30,Semi-Urban,Commercial,0,1212.545,1212.545
C00616,4,385.74,354.96,213.66,172.08,231.47,2.426,0.954,10,28,Urban,Residential,0,342.07,342.07
C01279,5,249.58,236.05,154.64,94.94,229.23,1.896,0.797,2,28,Urban,Residential,0,219.16333333333333,208.9325
C00144,5,78.91,150.31,54.45,24.45,234.03,0.519,0.903,7,29,Rural,Residential,0,133.97,131.18
C00001,4,373.63,273.65,206.69,166.94,219.87,2.446,0.965,6,29,Rural,Residential,0,248.67999999999998,248.67999999999998
C00955,6,681.59,678.95,399.31,282.28,233.66,4.343,0.933,11,30,Semi-Urban,Commercial,0,670.87,610.424
C00657,4,382.73,358.77,224.53,158.21,232.53,2.309,0.99,5,28,Urban,Residential,0,308.74666666666667,308.74666666666667
C00926,5,175.71,210.89,111.96,63.76,230.29,1.163,0.911,2,29,Semi-Urban,Residential,0,184.37666666666667,175.26
C00287,3,182.98,174.92,122.87,60.12,233.35,1.205,0.903,12,28,Semi-Urban,Residential,0,178.77499999999998,178.77499999999998
C00031,2,251.38,272.87,160.6,90.78,235.32,1.499,0.99,18,28,Rural,Residential,0,272.87,272.87
C00270,5,372.99,350.56,258.62,114.37,235.91,2.521,0.871,14,30,Urban,Residential,0,325.29333333333335,324.59749999999997
C00709,6,308.47,381.37,184.38,124.09,,1.837,0.978,6,28,Urban,Residential,0,370.75666666666666,342.214
C01020,2,258.29,219.95,185.21,73.08,235.18,,0.919,15,28,Semi-Urban,Residential,0,219.95,219.95
C00610,5,641.76,595.12,416.76,224.99,225.45,4.163,0.95,17,29,Urban,Commercial,0,532.9733333333334,521.9275
C01259,5,218.96,257.52,140.39,78.57,216.83,1.54,0.911,2,29,Semi-Urban,Residential,0,199.4,192.22
C00582,2,3743.35,3647.17,2132.49,1610.86,226.91,25.095,0.913,3,28,Rural,Industrial,0,3647.17,3647.17
C01190,2,201.71,172.0,144.1,57.61,227.3,1.368,0.901,1,30,Semi-Urban,Residential,0,172.0,172.0
C00321,3,3239.76,3730.77,2376.55,863.2,237.95,21.219,0.891,18,30,Semi-Urban,Industrial,0,3805.27,3805.27
C01395,2,927.11,1163.93,657.89,269.22,229.22,5.865,0.958,0,29,Rural,Commercial,0,1163.93,1163.93
C01268,3,1835.29,1637.85,1333.4,501.89,234.57,12.659,0.858,13,29,Semi-Urban,Industrial,0,1681.5549999999998,1681.5549999999998
C00478,1,3681.88,,2424.7,1257.18,221.21,24.755,0.934,1,28,Semi-Urban,Industrial,0,,
C01073,2,215.09,215.77,159.29,55.8,223.42,1.483,0.902,1,30,Urban,Residential,0,215.77,215.77
C00819,1,254.84,,148.97,105.86,233.43,1.732,0.875,2,30,Semi-Urban,Residential,0,,
C00651,4,198.82,201.1,133.39,65.43,232.15,1.432,0.831,3,29,Rural,Residential,0,202.51,202.51
C00012,5,1016.52,459.2,586.81,429.71,225.18,6.618,0.947,2,28,Rural,Commercial,0,593.8933333333333,626.575
C00091,5,4241.03,5485.32,3037.1,1203.92,232.51,27.959,0.906,13,29,Rural,Industrial,0,4701.5233333333335,4518.27
C00909,5,432.89,436.86,266.96,165.93,229.81,2.895,0.904,10,30,Urban,Residential,0,350.51,337.355
C00140,2,118.24,115.01,67.55,50.69,225.94,0.803,0.906,17,30,Rural,Residential,0,115.01,115.01
C01472,4,157.66,150.25,94.72,62.94,234.37,0.994,0.94,18,30,Rural,Residential,0,127.85666666666667,127.85666666666667
C00648,5,568.77,616.83,328.86,239.9,232.45,3.714,0.915,10,30,Urban,Commercial,0,528.5166666666668,511.2325
C00932,2,314.24,304.35,175.98,138.26,229.04,2.046,0.931,17,30,Semi-Urban,Residential,0,304.35,304.35
C00608,2,224.85,206.41,165.16,59.69,232.6,,0.969,16,30,Urban,Residential,0,206.41,206.41
C01459,5,330.77,343.59,231.69,99.08,234.29,2.065,0.95,6,28,Urban,Residential,0,324.0233333333333,306.11749999999995
C00062,2,156.7,140.05,99.65,57.05,241.45,0.91,0.99,3,29,Urban,Residential,0,140.05,140.05
C01147,1,2585.77,,1824.37,761.39,239.74,16.028,0.935,12,28,Semi-Urban,Industrial,0,,
C00733,2,136.17,156.33,77.4,58.77,224.9,0.998,0.842,9,28,Urban,Residential,0,156.33,156.33
C00615,2,179.98,156.68,121.96,58.02,222.56,1.254,0.896,16,29,Rural,Residential,0,156.68,156.68
C01344,3,320.23,265.53,238.84,81.39,217.85,2.062,0.99,15,30,Urban,Residential,0,270.48,270.48
C00147,2,307.43,326.28,187.92,119.52,225.91,2.053,0.92,8,30,Semi-Urban,Residential,0,326.28,326.28
C01296,3,3709.31,3303.45,2296.01,1413.3,225.82,25.921,0.88,10,30,Urban,Industrial,0,3630.8599999999997,3630.8599999999997
C00740,6,908.72,2929.62,617.02,291.7,223.89,6.506,0.866,2,30,Rural,Industrial,1,2734.013333333334,2458.248
C01469,4,73.54,164.37,40.46,33.07,228.02,0.492,0.911,16,29,Semi-Urban,Residential,0,143.54666666666665,143.54666666666665
C00407,6,267.39,311.33,158.68,108.71,228.78,1.723,0.942,14,28,Urban,Residential,0,279.41333333333336,268.726
C00871,1,487.83,,289.15,198.68,226.17,3.349,0.895,9,29,Rural,Commercial,0,,
C01443,6,326.97,373.21,193.82,133.15,221.27,2.082,0.986,1,30,Urban,Residential,0,344.5133333333333,314.076
C01407,6,1261.0,1045.56,723.95,537.05,225.95,8.459,0.916,4,28,Semi-Urban,Commercial,0,1092.91,1015.434
C00554,5,693.21,695.62,517.53,175.67,227.66,4.728,0.894,4,30,Urban,Commercial,0,651.1566666666666,655.5775
C00346,3,271.86,261.21,192.73,79.13,232.41,1.864,0.871,5,30,Semi-Urban,Residential,0,237.04,237.04
C00258,3,790.65,590.5,489.66,300.99,226.52,4.897,0.99,17,30,Rural,Commercial,0,614.5,614.5
C01187,2,860.18,827.14,480.99,379.19,225.05,5.783,,2,29,Semi-Urban,Commercial,0,827.14,827.14
C01411,4,1224.55,1054.34,688.09,536.46,229.3,7.532,0.985,18,29,Urban,Commercial,0,1080.75,1080.75
C01412,3,156.11,171.56,99.41,56.69,230.14,1.987,0.474,16,29,Urban,Residential,1,176.72,176.72
C00905,4,1055.75,763.53,787.87,267.89,231.1,7.008,0.905,6,29,Urban,Commercial,0,718.5233333333332,718.5233333333332
C01369,2,218.38,224.56,131.34,87.03,241.95,1.34,0.936,9,29,Semi-Urban,Residential,0,224.56,224.56
C01097,1,247.14,,158.06,89.08,236.34,1.58,0.919,8,30,Urban,Residential,0,,
C00239,5,515.88,186.58,374.42,141.46,226.88,3.311,0.954,8,30,Semi-Urban,Residential,1,233.9033333333333,257.6675
C01219,2,175.81,159.93,101.17,74.64,238.27,1.125,0.911,10,29,Urban,Residential,0,159.93,159.93
C01130,5,339.46,395.96,203.93,135.53,224.95,2.124,0.987,14,30,Urban,Residential,0,324.91333333333336,318.3575
C01342,2,673.54,622.41,371.92,301.61,228.28,4.236,0.967,10,30,Urban,Commercial,0,622.41,622.41
C01445,4,190.35,130.7,141.13,49.22,236.56,1.129,0.99,5,28,Semi-Urban,Residential,0,137.8133333333333,137.8133333333333
C01021,5,1168.3,1205.91,725.82,442.48,222.02,7.632,0.958,6,30,Urban,Commercial,0,1055.2700000000002,1007.6600000000001
C00858,4,1344.66,1073.2,923.68,420.98,236.51,8.91,0.886,6,28,Rural,Commercial,0,1022.8133333333334,1022.8133333333334
C00933,6,447.42,343.2,327.11,120.31,223.17,2.914,0.955,11,29,Semi-Urban,Residential,0,370.2633333333333,344.27
C00481,2,226.24,203.96,134.19,92.05,231.44,1.478,0.918,9,30,Urban,Residential,0,203.96,203.96
C00680,1,893.53,,653.97,239.56,230.42,6.08,0.886,12,28,Semi-Urban,Commercial,0,,
C00414,4,367.2,371.9,258.44,108.77,234.85,2.414,0.9,18,29,Semi-Urban,Residential,0,328.3566666666666,328.3566666666666
C00733,4,201.84,188.46,118.39,83.45,243.15,1.222,0.944,9,28,Urban,Residential,0,160.32000000000002,160.32000000000002
C01351,4,367.61,305.89,241.96,125.65,232.34,2.419,0.908,9,28,Urban,Residential,0,287.9433333333333,287.9433333333333
C00724,5,172.42,184.88,127.52,44.9,233.55,1.147,0.894,0,30,Semi-Urban,Residential,0,153.79,148.965
C00420,2,107.67,147.52,69.68,37.98,226.29,0.719,0.919,11,29,Urban,Residential,0,147.52,147.52
C00037,3,197.69,143.86,141.97,55.71,222.0,1.368,,16,28,Urban,Residential,0,157.965,157.965
C01175,3,320.39,240.36,199.4,120.99,230.21,1.952,0.99,5,29,Urban,Residential,0,264.61,264.61
C01104,5,326.6,280.1,187.75,138.86,232.29,2.061,0.948,19,30,Semi-Urban,Residential,0,256.8066666666667,256.59000000000003
C01188,1,1315.05,,852.61,462.44,226.96,8.437,0.954,6,28,Urban,Industrial,0,,
C00359,5,3275.19,3816.01,2051.65,1223.54,231.65,19.835,0.99,16,29,Semi-Urban,Industrial,0,3186.773333333333,3150.5675
C00208,3,1068.03,878.21,774.04,293.99,223.89,7.939,0.835,17,29,Rural,Commercial,0,773.52,773.52
C00623,3,308.86,224.14,208.14,100.72,239.26,1.905,0.941,1,30,Semi-Urban,Residential,0,253.42499999999998,253.42499999999998
C01142,3,182.57,143.34,119.44,63.13,231.67,1.167,0.938,10,30,Rural,Residential,0,138.60500000000002,138.60500000000002
C01024,1,170.83,,96.36,74.46,241.12,1.012,0.972,2,30,Semi-Urban,Residential,0,,
C00843,6,394.18,1053.22,282.61,111.57,231.33,2.527,0.937,11,28,Rural,Commercial,1,839.15,879.4639999999999
C00274,6,280.84,277.78,191.41,89.43,236.5,1.85,0.891,4,30,Semi-Urban,Residential,0,265.71,243.342
C01372,2,145.38,136.2,103.94,41.43,220.6,,0.963,4,29,Rural,Residential,0,136.2,136.2
C01194,6,149.49,161.97,110.45,39.04,232.93,1.066,0.836,18,29,Semi-Urban,Residential,0,137.95666666666668,130.374
C00097,1,1237.16,,926.75,310.41,230.3,7.989,0.934,14,30,Urban,Commercial,0,,
C00521,4,376.88,383.97,249.13,127.75,225.66,2.35,0.987,7,29,Urban,Residential,0,328.9666666666667,328.9666666666667
C00806,1,120.69,,79.21,41.48,227.44,0.764,0.965,17,29,Semi-Urban,Residential,0,,
C00296,6,268.58,204.08,179.31,89.27,233.16,1.649,0.97,17,29,Urban,Residential,0,243.83,233.698
C00195,3,308.28,243.15,200.46,107.81,228.68,2.106,0.889,4,28,Semi-Urban,Residential,0,259.95,259.95
C00480,3,848.11,709.7,605.23,242.88,217.37,5.767,0.94,9,28,Urban,Commercial,0,684.0150000000001,684.0150000000001
C00434,6,205.11,212.46,130.77,74.34,231.5,1.386,0.888,7,28,Urban,Residential,0,200.38333333333335,189.538
C00070,2,770.01,781.83,494.83,275.18,236.49,4.891,0.925,1,29,Semi-Urban,Commercial,0,781.83,781.83
C00505,2,282.2,258.64,205.15,77.04,234.9,1.939,0.861,15,28,Urban,Residential,0,258.64,258.64
C01381,6,269.88,102.23,169.12,100.76,230.46,1.756,0.926,11,29,Urban,Residential,0,204.14,228.82800000000003
C00727,4,171.21,196.85,95.56,75.64,233.9,1.109,0.916,1,30,Semi-Urban,Residential,0,162.91666666666666,162.91666666666666
C00127,4,228.8,195.27,126.57,102.23,234.08,1.476,0.919,14,30,Urban,Residential,0,187.6966666666667,187.6966666666667
C00231,6,566.74,670.8,215.02,351.72,228.63,3.792,0.908,17,29,Urban,Commercial,1,513.89,504.01399999999995
C00707,5,1166.99,1239.45,761.22,405.77,225.65,7.99,0.899,3,30,Semi-Urban,Commercial,0,1041.3999999999999,983.605
C00201,2,203.31,218.85,151.33,51.99,233.77,1.355,0.891,19,29,Rural,Residential,0,218.85,218.85
C01001,1,524.16,,388.98,135.18,226.52,3.417,0.94,15,29,Semi-Urban,Commercial,0,,
C00343,6,212.83,203.7,146.85,65.98,230.47,1.341,0.957,1,30,Urban,Residential,0,192.35666666666665,176.766
C00668,1,1080.4,,720.44,359.97,228.26,7.007,0.938,12,30,Urban,Commercial,0,,
C00535,4,1639.53,1381.89,1205.6,433.93,234.2,10.324,0.942,5,29,Urban,Industrial,0,1461.7533333333333,1461.7533333333333
C01389,4,922.38,946.49,614.32,308.06,237.13,5.899,0.916,11,29,Urban,Commercial,0,888.3366666666667,888.3366666666667
C00635,3,155.22,121.53,114.32,40.9,232.38,1.15,0.806,10,29,Rural,Residential,0,125.82000000000001,125.82000000000001
C01498,4,1444.66,1176.91,1039.91,404.75,230.73,8.978,0.969,18,30,Urban,Commercial,0,1104.23,1104.23
C00433,1,191.72,,120.53,71.18,238.07,1.17,0.956,14,30,Urban,Residential,0,,
C01384,2,153.17,167.81,93.14,60.03,226.98,1.009,0.929,9,30,Semi-Urban,Residential,0,167.81,167.81
C00131,3,138.54,130.76,102.66,35.88,220.32,1.038,0.841,7,30,Urban,Residential,0,133.815,133.815
C00320,5,373.72,327.29,222.94,150.78,233.57,2.422,0.917,8,28,Urban,Residential,0,312.56666666666666,294.68
C00055,5,159.37,151.19,111.69,47.68,235.75,0.996,0.943,0,28,Urban,Residential,0,125.49000000000001,122.85249999999999
C01391,1,924.33,,538.36,385.97,224.51,6.551,0.873,7,28,Semi-Urban,Commercial,0,,
C01163,6,139.28,34.78,98.24,41.04,,0.96,0.873,14,28,Urban,Residential,0,41.419999999999995,78.312
C00516,2,595.95,837.77,390.47,205.48,222.94,3.967,0.936,0,28,Urban,Commercial,0,837.77,837.77
C01235,4,299.12,332.39,196.67,102.45,242.92,1.817,0.941,5,30,Urban,Residential,0,300.78666666666663,300.78666666666663
C01196,1,824.15,,522.17,301.98,236.17,5.452,0.889,16,29,Urban,Commercial,0,,
C00897,4,207.68,132.56,133.37,74.31,232.46,1.264,0.981,6,30,Urban,Residential,0,148.88333333333333,148.88333333333333
C00186,2,136.06,144.5,82.88,53.18,230.63,0.881,0.931,11,30,Rural,Residential,0,144.5,144.5
C01400,4,206.2,188.51,150.14,56.05,229.97,1.264,0.985,5,28,Rural,Residential,0,171.70333333333335,171.70333333333335
C01164,2,162.99,169.88,108.25,54.73,228.81,1.048,0.944,17,30,Urban,Residential,0,169.88,169.88
C01444,1,272.82,,189.35,83.47,230.09,1.841,0.895,18,29,Urban,Residential,0,,
C00364,6,214.92,227.93,129.17,85.75,233.91,1.377,0.926,8,30,Urban,Residential,0,225.87666666666667,209.622
C00214,4,2941.09,2643.12,2019.14,921.95,235.34,18.555,0.935,7,29,Semi-Urban,Industrial,0,2435.4066666666663,2435.4066666666663
C00162,6,50.45,138.28,28.63,21.82,234.48,0.334,0.896,15,30,Urban,Residential,1,153.4333333333333,148.834
C00478,6,4110.84,3647.86,2958.15,1152.69,228.22,26.745,0.935,1,30,Semi-Urban,Industrial,0,3229.3233333333333,3415.818
C00749,3,241.33,241.25,168.96,72.37,227.52,1.684,0.875,13,30,Urban,Residential,0,245.35,245.35
C00768,5,176.43,207.39,131.81,44.62,223.25,1.136,0.967,17,30,Rural,Residential,0,186.63666666666668,183.8625
C00581,3,936.09,826.84,614.58,321.51,230.82,5.999,0.939,4,29,Urban,Commercial,0,805.5350000000001,805.5350000000001
C00647,4,1266.04,1139.57,718.35,547.69,230.65,8.069,0.945,3,29,Rural,Commercial,0,1083.3733333333332,1083.3733333333332
C00539,4,296.78,279.32,189.38,107.4,237.59,1.839,0.944,4,30,Semi-Urban,Residential,0,251.39000000000001,251.39000000000001
C00162,5,138.28,205.35,49.95,88.34,222.58,2.113,0.408,15,20,Urban,Residential,1,152.45666666666668,151.4725
C00731,4,320.11,199.64,179.95,140.17,234.4,2.151,0.882,2,30,Rural,Residential,0,213.6,213.6
C01218,2,112.3,93.82,73.57,38.73,225.47,0.794,0.872,4,28,Semi-Urban,Residential,0,93.82,93.82
C00674,1,159.24,,95.42,63.82,229.64,1.051,0.917,2,28,Urban,Residential,0,,
C01400,2,148.12,178.48,108.12,40.0,227.63,1.059,0.853,5,28,Rural,Residential,0,178.48,178.48
C01033,2,102.13,95.42,76.39,25.75,234.89,0.671,0.9,10,30,Semi-Urban,Residential,0,95.42,95.42
C00662,4,841.46,649.53,538.64,302.81,230.11,,0.895,15,30,Urban,Commercial,0,646.1833333333333,646.1833333333333
C00407,1,232.74,,144.81,87.92,233.73,1.447,0.956,14,30,Urban,Residential,0,,
C01436,3,795.44,944.15,524.93,270.51,227.87,5.047,0.961,8,30,Semi-Urban,Commercial,0,892.3050000000001,892.3050000000001
C00214,5,3205.44,2941.09,2377.52,827.92,229.92,23.116,0.838,7,30,Semi-Urban,Industrial,0,2569.8633333333332,2561.8275
C00681,2,211.08,210.15,149.5,61.58,221.58,1.504,0.88,0,30,Semi-Urban,Residential,0,210.15,210.15
C00993,6,366.72,406.69,251.54,115.19,223.1,2.749,0.83,1,30,Urban,Residential,0,357.0133333333333,319.692
C00692,4,150.9,151.63,99.75,51.15,235.21,,0.914,9,30,Semi-Urban,Residential,0,140.17666666666665,140.17666666666665
C00715,1,170.82,,98.63,72.19,228.25,1.098,0.947,5,28,Urban,Residential,0,,
C00240,4,144.46,132.34,99.05,45.42,235.67,0.92,0.926,6,29,Rural,Residential,0,132.24,132.24
C00372,2,327.07,471.33,223.78,103.3,235.29,2.164,0.892,8,30,Urban,Commercial,0,471.33,471.33
C01451,3,249.26,196.63,181.13,68.13,230.59,1.541,0.974,11,30,Urban,Residential,0,187.715,187.715
C00019,4,160.0,177.24,111.55,48.45,231.15,1.079,0.891,6,30,Urban,Residential,0,167.66333333333333,167.66333333333333
C00764,3,146.59,268.54,80.84,65.75,232.92,0.883,0.99,12,30,Urban,Residential,0,260.805,260.805
C00458,1,702.47,,451.2,251.28,233.08,,0.99,7,30,Rural,Commercial,0,,
C00744,4,202.86,158.51,117.5,85.36,223.84,1.292,0.974,1,30,Urban,Residential,0,146.51333333333332,146.51333333333332
C00308,3,919.6,803.64,615.28,304.32,228.34,6.007,0.931,8,29,Semi-Urban,Commercial,0,827.12,827.12
C00340,1,177.0,,102.67,74.33,226.41,1.139,0.953,12,29,Semi-Urban,Residential,0,,
C01308,3,127.71,106.95,70.25,57.46,235.18,0.848,0.89,16,29,Rural,Residential,0,109.56,109.56
C00631,5,294.02,267.39,204.35,89.67,232.43,1.975,0.89,18,30,Urban,Residential,0,235.59,223.0225
C01347,1,248.14,,179.56,68.58,237.22,1.467,0.99,5,30,Urban,Residential,0,,
C00785,3,44.07,130.88,25.63,18.44,237.6,0.266,0.968,1,25,Semi-Urban,Residential,1,131.94,131.94
C00654,1,110.77,,62.88,47.89,227.0,0.727,0.932,4,30,Rural,Residential,0,,
C01378,2,285.36,316.54,170.87,114.49,234.27,1.779,0.951,18,28,Urban,Residential,0,316.54,316.54
C00372,3,476.98,327.07,356.17,120.81,226.92,2.949,0.99,8,30,Urban,Commercial,0,399.2,399.2
C00769,2,932.02,914.82,540.6,391.42,225.72,6.413,0.894,9,30,Semi-Urban,Commercial,0,914.82,914.82
C00217,3,343.62,285.29,248.86,94.76,232.95,2.345,0.874,14,30,Urban,Residential,0,298.15999999999997,298.15999999999997
C00393,3,141.45,128.11,96.95,44.5,223.47,0.943,0.932,3,30,Rural,Residential,0,117.93,117.93
C00124,3,1105.39,1750.52,820.72,284.67,224.58,7.317,0.934,1,30,Urban,Industrial,0,1865.355,1865.355
C01491,4,3401.08,3110.23,2385.55,1015.54,234.48,22.473,0.896,3,29,Rural,Industrial,0,2720.4,2720.4
C01321,4,358.58,337.35,265.76,92.82,233.61,2.286,0.933,10,30,Urban,Residential,0,293.6333333333334,293.6333333333334
C00859,5,1345.35,1291.0,811.39,533.96,234.94,8.182,0.972,11,28,Urban,Commercial,0,1194.6666666666667,1176.74
C00604,4,323.07,301.64,196.22,126.85,228.22,2.267,0.867,1,29,Semi-Urban,Residential,0,268.15000000000003,268.15000000000003
C01146,1,168.37,,112.22,56.15,232.97,1.112,0.902,6,30,Semi-Urban,Residential,0,,
C00420,4,195.29,165.8,142.99,52.29,221.56,1.379,0.888,11,30,Urban,Residential,0,140.33,140.33
C00671,3,289.3,260.77,200.78,88.52,237.27,1.956,0.866,6,30,Rural,Residential,0,257.025,257.025
C00892,6,665.93,783.77,466.62,199.31,234.05,4.042,0.978,7,29,Urban,Commercial,0,738.6466666666666,665.702
C00475,4,881.7,945.57,619.21,262.49,226.22,5.963,0.908,19,30,Semi-Urban,Commercial,0,963.5033333333334,963.5033333333334
C01089,5,1095.31,1294.56,613.93,481.38,225.01,8.021,0.843,5,30,Urban,Commercial,0,1018.6766666666666,976.39
C00846,5,176.51,192.08,111.41,65.1,229.68,1.183,0.902,18,30,Semi-Urban,Residential,0,182.34,178.405
C00602,3,202.07,159.32,124.69,77.38,228.66,1.24,0.99,12,30,Semi-Urban,Residential,0,157.89,157.89
C00736,3,574.3,481.27,413.88,160.42,236.87,3.634,0.927,0,29,Rural,Commercial,0,524.505,524.505
C01096,2,172.08,144.73,98.55,73.53,237.34,1.035,0.973,13,30,Urban,Residential,0,144.73,144.73
C00355,5,133.28,164.23,95.12,38.15,235.15,0.859,0.917,10,30,Semi-Urban,Residential,0,159.92999999999998,159.7125
C00073,4,199.62,86.39,116.42,83.2,231.67,1.3,0.921,8,28,Semi-Urban,Residential,0,139.75666666666666,139.75666666666666
C01138,5,4077.45,3821.44,2812.66,1264.78,229.64,27.146,0.908,17,29,Urban,Industrial,0,3439.81,3393.245
C01009,3,129.35,133.49,83.78,45.57,226.1,0.819,0.97,6,30,Urban,Residential,0,128.495,128.495
C00052,3,782.57,708.08,570.41,212.16,236.81,9.493,0.483,11,29,Semi-Urban,Commercial,1,782.175,782.175
C01479,6,4605.31,4351.6,2887.5,1717.82,233.53,29.853,0.917,9,30,Semi-Urban,Industrial,0,4218.9766666666665,3951.1880000000006
C00477,4,5770.09,4810.04,3496.32,2273.77,227.56,38.727,0.909,5,29,Semi-Urban,Industrial,0,4615.4766666666665,4615.4766666666665
C00694,4,364.0,309.92,235.97,128.02,236.52,2.213,0.966,11,30,Semi-Urban,Residential,0,301.6066666666666,301.6066666666666
C00015,4,100.57,138.91,66.35,34.21,240.34,1.474,0.394,18,29,Rural,Residential,1,139.50333333333333,139.50333333333333
C01139,1,3335.52,,2224.15,1111.37,226.62,22.555,0.906,15,30,Semi-Urban,Industrial,0,,
C00491,6,947.02,846.82,683.66,263.36,227.58,6.618,0.873,17,29,Semi-Urban,Commercial,0,801.5466666666666,765.1220000000001
C00067,6,343.93,339.64,219.36,124.56,233.79,2.222,0.92,1,30,Urban,Residential,0,315.63666666666666,284.306
C00421,2,203.0,153.17,150.36,52.64,238.57,1.343,0.88,17,29,Urban,Residential,0,153.17,153.17
C00171,1,210.87,,123.23,87.64,226.49,1.418,0.912,2,28,Urban,Residential,0,,
C00147,6,367.93,363.69,273.14,94.79,226.18,2.485,0.909,8,30,Semi-Urban,Residential,0,342.66,332.338
C01119,3,208.35,202.72,115.84,92.51,231.77,1.378,0.906,1,30,Rural,Residential,0,205.20499999999998,205.20499999999998
C01095,4,102.14,199.32,64.81,37.33,228.01,0.71,0.876,11,30,Rural,Residential,1,235.93999999999997,235.93999999999997
C00964,3,205.7,159.31,141.29,64.4,225.76,1.358,0.932,11,28,Semi-Urban,Residential,0,167.39499999999998,167.39499999999998
C01121,2,146.12,150.01,98.04,48.08,227.24,0.986,0.906,0,29,Urban,Residential,0,150.01,150.01
C00587,3,192.5,198.41,133.76,58.75,227.38,1.287,0.914,0,28,Semi-Urban,Residential,0,215.87,215.87
C00868,1,1244.65,,753.15,491.51,229.45,8.14,0.926,5,28,Rural,Industrial,0,,
C01229,6,582.74,585.95,350.02,232.72,227.93,3.881,0.915,0,29,Urban,Commercial,0,540.38,521.22
C00624,2,283.2,244.02,190.95,92.25,226.14,1.919,0.906,17,29,Semi-Urban,Residential,0,244.02,244.02
C00043,6,166.98,152.13,110.47,56.51,237.91,1.042,0.935,17,30,Urban,Residential,0,154.77,147.214
C00753,2,253.19,225.36,145.62,107.57,216.86,1.898,0.855,13,30,Semi-Urban,Residential,0,225.36,225.36
C00049,1,807.57,,503.77,303.8,225.84,5.972,0.832,12,28,Urban,Commercial,0,,
C00500,6,346.35,342.3,197.16,149.19,221.05,2.339,0.93,5,29,Semi-Urban,Residential,0,354.54333333333335,325.726
C01146,2,141.22,168.37,94.41,46.81,230.38,0.977,,6,30,Semi-Urban,Residential,0,168.37,168.37
C00916,3,273.79,242.07,187.2,86.59,232.95,1.831,0.892,3,29,Urban,Residential,0,265.115,265.115
C01051,5,1137.38,1229.2,756.83,380.54,235.32,7.255,0.925,11,28,Semi-Urban,Commercial,0,810.0033333333334,829.0325
C00331,2,580.46,511.83,359.73,220.73,224.15,3.887,0.925,8,30,Urban,Commercial,0,511.83,511.83
C00951,6,1821.52,2067.71,1045.95,775.58,233.66,12.179,0.889,0,28,Rural,Industrial,0,1557.1299999999999,1616.006
C00414,1,302.85,,178.21,124.64,234.8,1.815,0.987,18,29,Semi-Urban,Residential,0,,
C01185,5,292.2,253.93,201.48,90.72,228.94,1.9,0.933,4,29,Rural,Residential,0,208.42666666666665,196.85500000000002
C00640,5,227.66,263.68,158.84,68.82,236.15,1.404,0.954,15,28,Urban,Residential,0,216.97000000000003,209.95499999999998
C00123,6,279.2,289.75,189.58,89.61,241.94,1.657,0.967,10,28,Urban,Residential,0,288.12,255.76999999999998
C00895,3,199.48,227.75,126.24,73.24,229.8,1.295,0.931,4,29,Semi-Urban,Residential,0,217.33499999999998,217.33499999999998
C01440,5,3873.47,3827.49,2625.5,1247.97,227.99,26.081,0.905,5,28,Urban,Industrial,0,3123.3333333333335,3003.665
C00887,2,319.12,633.16,217.02,102.1,217.28,2.252,0.906,7,30,Urban,Commercial,0,633.16,633.16
C00303,6,1279.09,1208.79,735.03,544.07,232.93,8.94,0.853,16,30,Rural,Commercial,0,1139.9033333333334,1094.202
C00733,3,188.46,136.17,140.75,47.71,222.28,1.231,0.956,9,29,Urban,Residential,0,146.25,146.25
C00091,4,5485.32,4486.38,4028.9,1456.43,222.98,34.512,0.99,13,28,Rural,Industrial,0,4195.92,4195.92
C01463,3,325.79,262.95,222.36,103.44,234.62,2.217,0.87,7,29,Rural,Residential,0,258.03,258.03
C01276,5,1277.58,1157.3,724.7,552.88,232.58,8.214,0.929,5,30,Semi-Urban,Commercial,0,1004.4899999999999,977.39
C01342,1,622.41,,402.63,219.78,226.26,4.398,0.869,10,30,Urban,Commercial,0,,
C00574,4,164.68,168.82,123.47,41.2,233.42,1.076,0.91,0,30,Urban,Residential,0,150.9,150.9
C00986,3,198.95,155.94,144.66,54.29,234.69,1.291,0.912,16,30,Rural,Residential,0,171.015,171.015
C00771,4,360.45,299.49,244.65,115.8,231.44,2.353,0.919,3,28,Urban,Residential,0,299.82666666666665,299.82666666666665
C00307,4,175.05,160.52,112.68,62.37,227.86,1.15,0.927,18,30,Urban,Residential,0,150.98,150.98
C00399,1,958.65,,603.81,354.85,233.04,6.305,0.906,7,29,Urban,Commercial,0,,
C00518,6,159.27,205.04,89.1,70.17,238.74,0.983,0.942,8,28,Urban,Residential,0,204.42666666666665,184.204
C00723,3,905.26,818.24,668.61,236.65,236.54,5.639,0.943,6,30,Semi-Urban,Commercial,0,878.595,878.595
C00615,3,214.57,179.98,147.49,67.08,228.28,1.349,0.968,16,29,Rural,Residential,0,168.32999999999998,168.32999999999998
C01197,1,3845.96,,2727.61,1118.35,227.77,23.961,0.979,0,30,Urban,Industrial,0,,
C00500,4,370.97,350.36,262.41,108.55,233.13,2.319,0.953,5,30,Semi-Urban,Residential,0,305.12,305.12
C00134,3,757.17,876.7,428.57,328.6,226.75,4.911,,11,29,Semi-Urban,Commercial,0,850.13,850.13
C01379,2,117.17,282.6,80.74,36.43,231.48,0.791,0.889,0,30,Rural,Residential,0,282.6,282.6
C00235,2,230.77,215.41,134.96,95.81,223.85,1.677,0.854,0,29,Urban,Residential,0,215.41,215.41
C00010,3,164.51,126.3,106.33,58.18,236.63,1.095,0.882,9,29,Urban,Residential,0,137.38,137.38
C01064,2,613.03,619.52,456.76,156.27,224.6,4.218,0.899,1,29,Urban,Commercial,0,619.52,619.52
C00012,4,459.2,724.82,264.87,194.33,228.76,2.908,0.959,2,28,Rural,Commercial,0,682.3666666666667,682.3666666666667
C00942,1,1972.0,,1365.21,606.79,217.99,12.892,0.975,7,29,Semi-Urban,Industrial,0,,
C00119,4,211.1,172.91,117.29,93.81,234.36,1.419,0.881,15,29,Urban,Residential,0,158.6966666666667,158.6966666666667
C01365,4,137.51,152.19,86.81,50.7,219.77,0.987,0.88,0,30,Semi-Urban,Residential,0,134.62666666666667,134.62666666666667
C00045,2,210.55,236.05,129.03,81.52,231.38,1.331,0.949,12,29,Rural,Residential,0,236.05,236.05
C00265,3,2211.7,1907.94,1618.39,593.31,227.82,14.677,0.919,19,30,Urban,Industrial,0,1778.755,1778.755
C00990,2,135.63,145.86,90.86,44.77,224.14,0.97,0.866,7,30,Urban,Residential,0,145.86,145.86
C01190,4,229.54,214.08,153.67,75.87,228.29,1.614,0.865,1,30,Semi-Urban,Residential,0,195.92999999999998,195.92999999999998
C00944,5,981.78,993.86,698.88,282.9,225.83,6.357,0.95,19,30,Rural,Commercial,0,825.2833333333333,824.1524999999999
C00180,1,156.72,,112.27,44.44,232.99,1.045,0.894,2,29,Semi-Urban,Residential,0,,
C00339,2,182.2,237.97,135.99,46.21,227.68,1.193,0.932,1,30,Urban,Residential,0,237.97,237.97
C00682,6,488.4,491.99,345.77,142.63,235.69,2.983,0.965,16,28,Semi-Urban,Residential,0,433.3566666666666,382.642
C01231,1,348.08,,217.26,130.82,235.39,2.213,0.928,11,29,Rural,Commercial,0,,
C00836,6,398.27,422.19,280.93,117.34,229.04,2.609,0.926,11,30,Urban,Residential,0,367.93,336.884
C00971,6,904.62,640.76,374.15,530.47,222.17,11.227,0.504,1,30,Urban,Commercial,1,570.27,698.6220000000001
C01365,3,152.19,134.8,85.45,66.74,232.09,0.971,0.938,0,30,Semi-Urban,Residential,0,125.845,125.845
C00773,4,1298.05,1226.62,926.59,371.46,236.19,7.71,0.99,9,29,Urban,Commercial,0,1056.31,1056.31
C00830,4,386.67,310.89,244.33,142.33,236.25,2.445,0.93,3,28,Semi-Urban,Residential,0,288.93666666666667,288.93666666666667
C00893,5,267.05,283.04,174.3,92.75,238.26,1.66,0.938,13,30,Urban,Residential,0,197.66666666666666,194.2425
C01487,5,161.85,155.29,101.39,60.46,226.71,1.103,0.899,2,30,Urban,Residential,0,146.12666666666667,144.3225
C00987,1,130.42,,77.93,52.49,228.95,0.887,0.892,4,29,Urban,Residential,0,,
C01463,1,253.11,,181.38,71.73,223.22,1.733,0.909,7,29,Rural,Residential,0,,
C01295,2,359.73,314.45,222.67,137.06,230.68,2.393,0.905,1,29,Semi-Urban,Residential,0,314.45,314.45
C01194,2,120.25,117.75,85.71,34.55,232.05,0.774,0.93,18,29,Semi-Urban,Residential,0,117.75,117.75
C00717,6,743.4,1197.87,429.92,313.48,221.42,5.031,0.927,18,28,Urban,Commercial,0,666.8433333333332,631.9559999999999
C00767,6,203.91,211.8,120.72,83.18,231.4,1.329,0.921,4,30,Urban,Residential,0,187.85,182.68200000000002
C00759,3,1541.26,1283.12,1144.86,396.4,,9.896,0.931,1,29,Urban,Industrial,0,1321.6,1321.6
C00970,1,179.93,,107.75,72.17,230.3,1.198,0.906,3,30,Rural,Residential,0,,
C00390,4,351.94,299.89,236.34,115.6,233.49,2.327,0.9,9,30,Semi-Urban,Residential,0,284.3533333333333,284.3533333333333
C01491,5,3228.81,3401.08,2240.05,988.76,233.24,20.71,0.928,3,30,Rural,Industrial,0,2915.0633333333335,2890.57
C00114,1,340.18,,216.44,123.74,218.65,2.447,0.883,14,30,Semi-Urban,Residential,0,,
C00080,4,270.6,256.64,199.4,71.21,231.77,1.782,0.91,19,30,Semi-Urban,Residential,0,235.98333333333332,235.98333333333332
C00222,4,161.32,140.13,115.08,46.24,226.38,1.0,0.99,2,28,Urban,Residential,0,142.11,142.11
C01375,2,235.35,205.0,145.0,90.34,235.36,1.498,0.927,7,28,Rural,Residential,0,205.0,205.0
C00281,5,348.37,321.77,259.72,88.65,234.44,2.33,0.886,15,30,Urban,Residential,0,295.32,284.2025
C01455,6,135.32,171.68,81.46,53.86,229.47,0.897,0.913,7,30,Rural,Residential,0,168.14666666666668,155.836
C01452,6,168.61,192.73,123.1,45.52,232.73,1.126,0.893,17,29,Urban,Residential,0,174.02333333333334,155.544
C00297,2,299.88,250.05,215.96,83.92,231.75,1.997,0.9,14,29,Urban,Residential,0,250.05,250.05
C00636,4,896.71,799.03,602.6,294.11,223.41,6.117,0.911,10,30,Urban,Commercial,0,820.8699999999999,820.8699999999999
C00126,2,292.21,296.39,180.51,111.7,237.14,1.895,0.903,15,30,Semi-Urban,Residential,0,296.39,296.39
C00362,1,2600.14,,1508.97,1091.17,235.21,16.613,0.924,17,30,Urban,Industrial,0,,
C01352,3,482.31,388.11,316.14,166.18,230.05,3.358,0.867,0,30,Semi-Urban,Commercial,0,418.56,418.56
C00633,3,350.18,302.36,233.52,116.66,228.13,2.209,0.965,6,30,Urban,Residential,0,288.18,288.18
C01012,5,585.28,660.76,393.35,191.93,226.07,3.829,0.939,19,30,Urban,Commercial,0,494.3999999999999,493.6575
C00080,3,256.64,195.23,186.28,70.35,224.0,1.752,0.908,19,30,Semi-Urban,Residential,0,225.65499999999997,225.65499999999997
C00726,1,246.96,,160.8,86.15,238.76,1.5,0.958,9,30,Urban,Residential,0,,
C01280,2,313.34,344.96,225.8,87.54,224.87,2.004,0.966,4,30,Semi-Urban,Residential,0,344.96,344.96
C01334,4,324.71,236.62,205.95,118.76,222.45,2.34,0.867,4,30,Rural,Residential,0,236.0233333333333,236.0233333333333
C00036,2,182.43,126.34,108.39,74.04,226.33,1.257,0.89,10,28,Urban,Residential,0,126.34,126.34
C00079,1,308.11,,182.91,125.2,230.12,2.063,0.901,8,30,Urban,Residential,0,,
C00258,4,818.95,790.65,458.88,360.06,230.87,5.561,0.886,17,29,Rural,Commercial,0,673.2166666666667,673.2166666666667
C00855,2,154.98,162.67,108.49,46.49,223.27,0.989,0.975,10,29,Rural,Residential,0,162.67,162.67
C00553,5,347.94,432.31,257.88,90.07,236.67,2.067,0.988,2,30,Urban,Residential,0,371.43666666666667,356.5375
C01449,3,208.31,175.8,153.73,54.57,234.66,1.34,0.92,0,28,Urban,Residential,0,176.66500000000002,176.66500000000002
C00973,1,234.23,,155.16,79.07,225.47,1.631,0.885,4,28,Semi-Urban,Residential,0,,
C01298,4,1058.49,1012.16,756.87,301.61,230.34,6.971,0.916,7,29,Urban,Commercial,0,891.5066666666667,891.5066666666667
C00887,3,604.37,319.12,381.38,222.99,220.26,4.046,0.942,7,30,Urban,Commercial,0,476.14,476.14
C00171,6,250.88,252.85,188.15,62.74,240.87,1.748,0.828,2,30,Urban,Residential,0,236.90333333333334,217.92
C00552,2,197.32,216.94,123.73,73.59,224.42,1.326,0.921,18,28,Rural,Residential,0,216.94,216.94
C01054,5,242.34,210.44,141.05,101.29,222.46,1.644,0.92,6,29,Rural,Residential,0,204.21,196.365
C01213,5,246.84,219.28,156.16,90.68,228.51,1.579,0.95,3,30,Semi-Urban,Residential,0,207.66,200.325
C01259,1,170.68,,107.17,63.51,234.22,1.076,0.941,2,29,Semi-Urban,Residential,0,,
C00246,1,360.54,,243.54,117.0,229.0,2.419,0.904,19,30,Urban,Residential,0,,
C01254,4,339.38,88.81,217.1,122.28,229.36,2.313,0.888,18,30,Semi-Urban,Residential,0,236.08333333333334,236.08333333333334
C01190,1,172.0,,107.75,64.25,232.59,,0.879,1,29,Semi-Urban,Residential,0,,
C01299,6,370.53,420.57,222.95,147.57,230.71,2.603,0.857,16,30,Urban,Residential,0,400.13000000000005,374.142
C00733,1,156.33,,88.08,68.26,221.52,1.089,0.9,9,29,Urban,Residential,0,,
C00129,6,243.94,250.0,161.62,82.32,232.44,1.616,0.902,6,30,Urban,Residential,0,247.33666666666667,225.594
C00337,3,263.0,236.2,171.5,91.5,231.42,1.709,0.924,7,30,Rural,Residential,0,243.515,243.515
C00588,1,115.11,,69.27,45.84,231.42,0.827,0.835,13,30,Rural,Residential,0,,
C00525,3,4836.21,3681.71,2753.76,2082.46,,30.203,0.98,11,30,Semi-Urban,Industrial,0,3702.5950000000003,3702.5950000000003
C00875,1,229.15,,168.16,60.99,225.08,1.703,0.83,3,30,Semi-Urban,Residential,0,,
C00107,6,522.16,511.13,321.88,200.28,229.43,3.403,0.929,8,30,Urban,Commercial,0,458.01666666666665,436.62
C00894,5,5211.16,4348.0,3261.23,1949.93,235.88,36.741,0.835,12,30,Urban,Industrial,0,3887.36,3708.6475
C00033,5,307.23,287.08,190.09,117.14,221.56,2.214,0.87,17,30,Semi-Urban,Residential,0,225.92,223.98
C00984,2,266.0,224.64,171.98,94.02,,1.865,0.88,16,30,Urban,Residential,0,224.64,224.64
C00193,4,379.23,260.67,210.29,168.94,225.52,2.924,0.799,9,30,Rural,Residential,0,256.93,256.93
C00191,5,726.44,905.25,480.22,246.23,225.5,4.581,0.977,16,28,Rural,Commercial,1,1013.6733333333335,951.9300000000001
C01206,1,126.43,,93.44,32.99,236.3,0.842,0.883,11,29,Rural,Residential,0,,
C00185,5,270.55,270.75,193.89,76.66,225.48,1.708,0.976,3,29,Semi-Urban,Residential,0,248.23333333333335,244.2475
C01132,1,123.18,,79.78,43.39,225.63,0.867,0.874,2,30,Semi-Urban,Residential,0,,
C00751,6,529.94,537.05,364.02,165.92,233.44,3.228,0.977,11,30,Rural,Commercial,0,534.8333333333334,498.562
C00237,5,1093.39,919.13,702.85,390.54,221.26,7.568,0.907,12,29,Semi-Urban,Commercial,0,798.2766666666666,789.715
C00706,4,201.97,233.84,124.81,77.16,231.2,1.368,0.887,1,30,Semi-Urban,Residential,0,204.14666666666668,204.14666666666668
C00777,4,933.61,892.68,641.03,292.58,235.01,6.049,0.912,15,30,Urban,Commercial,0,895.0666666666666,895.0666666666666
C00978,5,878.32,754.51,501.4,376.93,233.87,5.508,0.947,3,28,Urban,Commercial,0,770.5600000000001,738.415
C00503,6,1074.19,1132.12,710.4,363.79,229.19,7.097,0.917,0,30,Semi-Urban,Commercial,0,1060.28,969.302
C00947,1,269.35,,163.18,106.17,226.72,1.885,0.875,5,30,Rural,Residential,0,,
C00653,5,151.41,144.66,110.28,41.14,222.08,1.055,0.897,8,30,Semi-Urban,Residential,0,122.54666666666667,119.03999999999999
C00294,1,118.43,,86.42,32.01,223.21,0.767,0.96,6,30,Rural,Residential,0,,
C00160,4,144.5,140.62,85.81,58.69,236.64,0.857,0.99,10,29,Semi-Urban,Residential,0,130.47666666666666,130.47666666666666
C01057,1,269.71,,190.18,79.52,225.29,1.698,0.979,19,30,Semi-Urban,Residential,0,,
C00281,1,250.85,,162.47,88.38,233.54,1.652,0.903,15,28,Urban,Residential,0,,
C00910,5,263.89,314.28,164.15,99.74,232.03,1.659,0.952,4,30,Semi-Urban,Residential,0,260.9633333333333,255.8475
C00106,4,242.26,227.5,141.22,101.04,230.92,1.676,0.869,17,28,Urban,Residential,0,211.89333333333332,211.89333333333332
C00625,2,269.52,223.27,184.72,84.81,238.67,1.669,0.94,5,28,Urban,Residential,0,223.27,223.27
C00489,5,146.25,182.78,104.29,41.96,221.68,0.941,0.974,14,29,Urban,Residential,0,147.44000000000003,138.88
C00369,3,678.84,654.29,503.31,175.53,234.64,4.565,0.88,18,30,Semi-Urban,Commercial,0,605.005,605.005
C00211,2,146.94,196.53,80.92,66.02,231.06,0.978,0.903,11,28,Urban,Residential,0,196.53,196.53
C00020,5,1434.19,1384.93,802.28,631.92,231.92,10.408,0.825,11,28,Urban,Commercial,0,1250.0666666666666,1216.605
C01103,4,245.55,254.44,180.35,65.2,236.53,1.648,0.875,8,30,Urban,Residential,0,223.91333333333333,223.91333333333333
C00916,4,326.38,273.79,242.45,83.93,229.66,2.069,0.954,3,30,Urban,Residential,0,268.00666666666666,268.00666666666666
C00714,3,376.86,375.89,278.29,98.56,225.17,2.457,0.946,18,28,Semi-Urban,Commercial,0,391.56,391.56
C01489,1,284.89,,184.05,100.84,229.36,1.981,0.871,9,29,Semi-Urban,Residential,0,,
C00450,5,328.31,258.99,221.94,106.37,237.25,2.099,0.915,16,29,Rural,Residential,0,249.39333333333335,241.8125
C00548,2,289.88,257.89,190.91,98.98,225.09,1.807,0.99,10,30,Urban,Residential,0,257.89,257.89
C01169,4,373.06,307.39,275.42,97.64,236.0,2.393,0.918,10,30,Urban,Residential,0,293.63666666666666,293.63666666666666
C00846,2,162.18,166.6,106.97,55.21,223.16,1.051,0.96,18,30,Semi-Urban,Residential,0,166.6,166.6
C01199,2,259.75,256.81,145.88,113.87,239.9,1.571,0.957,9,28,Semi-Urban,Residential,0,256.81,256.81
C01255,6,368.24,365.12,248.89,119.35,233.07,2.432,0.902,9,29,Rural,Residential,0,378.1933333333333,346.90999999999997
C01209,3,167.92,188.94,94.73,73.19,235.38,1.074,0.923,16,30,Urban,Residential,0,185.45999999999998,185.45999999999998
C00384,5,1155.95,1233.28,814.24,341.72,230.37,7.214,0.966,12,28,Urban,Commercial,0,966.5833333333334,942.0899999999999
C00904,1,286.68,,185.92,100.76,224.56,2.064,0.859,3,28,Semi-Urban,Residential,0,,
C00679,4,250.0,224.81,160.58,89.42,222.72,1.686,0.925,4,28,Semi-Urban,Residential,0,215.3033333333333,215.3033333333333
C00196,3,245.94,200.54,164.91,81.04,238.17,1.494,0.96,10,28,Semi-Urban,Residential,0,206.52499999999998,206.52499999999998
C00643,6,234.25,202.04,148.13,86.12,234.84,1.573,0.881,10,30,Urban,Residential,0,204.80333333333337,194.738
C01131,1,103.5,,67.66,35.84,233.81,0.695,0.885,9,28,Rural,Residential,0,,
C01189,5,226.68,241.48,139.65,87.03,241.78,1.316,0.989,12,30,Semi-Urban,Residential,0,202.87333333333333,192.125
C00817,5,294.17,285.47,168.14,126.03,234.79,2.015,0.863,10,30,Semi-Urban,Residential,0,225.0333333333334,227.315
C00550,5,3456.1,4225.68,2147.59,1308.51,224.47,22.625,0.945,4,30,Urban,Industrial,0,3833.8633333333332,3668.61
C00356,4,345.96,334.12,216.55,129.42,231.36,2.263,0.918,0,30,Urban,Residential,0,294.6133333333333,294.6133333333333
C00591,4,403.87,303.58,245.02,158.84,221.7,2.909,0.87,7,28,Rural,Residential,0,299.9533333333333,299.9533333333333
C01055,6,221.28,188.39,150.54,70.74,240.09,1.315,0.974,18,30,Rural,Residential,0,199.73000000000002,199.82
C01017,6,243.2,238.76,139.87,103.33,233.01,1.625,0.892,10,29,Semi-Urban,Residential,0,217.51999999999998,207.452
C00803,5,188.25,197.42,106.31,81.95,218.95,1.251,0.955,2,29,Urban,Residential,0,178.9,173.3125
C00425,5,263.6,284.51,153.53,110.07,230.2,1.61,0.988,3,30,Urban,Residential,0,248.4766666666667,240.52249999999998
C01309,3,117.59,112.15,85.42,32.18,231.64,0.746,0.946,17,30,Rural,Residential,0,106.36,106.36
C00136,6,156.35,190.03,91.36,64.99,236.6,0.99,0.927,16,30,Urban,Residential,1,143.41,143.5
C01182,1,202.94,,147.46,55.48,231.3,1.392,0.875,15,29,Semi-Urban,Residential,0,,
C01192,5,178.91,206.75,108.19,70.72,235.27,1.108,0.953,13,28,Urban,Residential,0,198.2266666666667,187.83499999999998
C00559,2,214.09,182.1,143.16,70.93,224.6,1.468,0.902,0,30,Semi-Urban,Residential,0,182.1,182.1
C00789,4,511.69,748.72,305.69,206.0,236.58,,0.484,12,28,Urban,Commercial,1,813.7366666666667,813.7366666666667
C01120,3,804.63,924.38,565.78,238.85,226.15,5.332,0.927,8,30,Rural,Commercial,0,926.505,926.505
C00522,6,354.28,324.67,240.48,113.79,228.15,2.394,0.901,8,30,Urban,Residential,0,325.4433333333333,300.476
C00030,6,208.14,202.91,146.33,61.81,231.51,1.405,0.889,15,30,Urban,Residential,0,208.65,190.024
C01393,6,305.06,363.26,198.82,106.23,226.32,2.081,0.9,5,30,Urban,Residential,0,371.6433333333334,335.1
C00549,3,345.4,275.13,192.76,152.63,236.67,2.161,0.938,18,30,Urban,Residential,0,284.205,284.205
C01250,6,193.09,246.78,110.34,82.75,234.67,1.243,,7,29,Semi-Urban,Residential,0,225.28,206.286
C00668,6,1086.96,1220.85,612.85,474.12,238.08,6.72,0.944,12,30,Urban,Commercial,0,1187.45,1106.982
C00193,6,334.78,308.99,229.05,105.72,223.86,2.255,0.921,9,30,Rural,Residential,0,316.2966666666667,291.802
C01090,6,727.43,800.85,493.79,233.64,222.98,4.725,0.959,18,30,Urban,Commercial,0,716.7800000000001,634.8100000000001
C00256,3,295.92,231.65,172.33,123.59,230.19,2.123,0.841,10,29,Semi-Urban,Residential,0,223.41,223.41
C01372,3,165.79,145.38,98.8,66.99,235.57,1.108,,4,30,Rural,Residential,0,140.79,140.79
C00256,6,244.12,266.74,158.45,85.68,231.14,1.648,0.89,10,29,Semi-Urban,Residential,0,274.3633333333333,253.98200000000003
C01023,6,4516.19,5272.76,3070.16,1446.03,233.56,30.098,0.892,15,29,Rural,Industrial,0,4576.743333333333,4335.9839999999995
C01041,1,141.42,,86.19,55.23,234.54,0.864,0.97,10,29,Urban,Residential,0,,
C00404,3,116.9,181.21,73.12,43.78,235.54,1.093,0.631,3,29,Semi-Urban,Residential,1,178.585,178.585
C01178,5,1517.03,1476.86,852.52,664.52,223.65,9.717,0.97,3,29,Semi-Urban,Commercial,0,1308.9199999999998,1275.9775
C01178,1,1177.15,,688.4,488.75,233.31,7.248,0.967,3,30,Semi-Urban,Commercial,0,,
C00386,3,180.55,168.08,133.52,47.02,229.47,1.213,0.901,11,29,Urban,Residential,0,164.35000000000002,164.35000000000002
C00247,5,232.69,229.85,145.52,87.17,232.29,1.435,0.97,2,28,Rural,Residential,0,199.58333333333334,191.495
C00630,1,808.98,,448.69,360.28,226.57,5.327,0.931,19,30,Semi-Urban,Commercial,0,,
C01474,6,242.21,182.59,163.94,78.27,228.45,1.564,0.942,8,29,Semi-Urban,Residential,0,191.09333333333333,179.018
C01498,3,1176.91,1038.2,699.48,477.44,233.1,7.083,0.99,18,30,Urban,Commercial,0,1067.8899999999999,1067.8899999999999
C00887,6,793.03,821.75,467.83,325.2,232.41,5.231,0.906,7,30,Urban,Commercial,0,708.93,615.814
C00326,3,150.48,142.69,91.59,58.9,233.76,0.979,0.913,17,29,Urban,Residential,0,144.3,144.3
C01246,4,3464.13,2784.43,2153.74,1310.39,229.54,,0.903,19,29,Semi-Urban,Industrial,0,2803.1,2803.1
C01192,4,206.75,208.79,129.27,77.48,235.44,1.238,0.985,13,30,Urban,Residential,0,181.52999999999997,181.52999999999997
C00194,6,164.1,161.87,104.91,59.19,226.83,1.015,0.99,2,29,Urban,Residential,0,146.46666666666667,135.978
C01121,5,209.27,216.51,124.47,84.8,225.22,1.328,0.971,0,30,Urban,Residential,0,176.3033333333333,169.73
C00834,2,245.97,282.35,172.92,73.05,226.12,1.558,0.97,17,30,Rural,Residential,0,282.35,282.35
C01197,6,5437.52,4669.3,3153.45,2284.07,229.76,36.394,0.903,0,30,Urban,Industrial,0,4656.8566666666675,4262.952
C00618,6,4869.96,5574.92,2885.37,1984.59,221.18,34.612,0.884,17,30,Urban,Industrial,0,5023.246666666667,4763.904
C00709,5,381.37,394.24,223.53,157.85,216.06,2.558,0.959,6,29,Urban,Residential,0,352.5566666666667,332.425
C00578,6,426.31,386.78,305.97,120.34,225.59,2.779,0.945,1,29,Rural,Residential,0,408.93,367.56399999999996
C00267,3,276.84,305.23,163.38,113.45,226.74,1.924,0.881,17,30,Rural,Residential,0,322.02,322.02
C00972,3,251.2,198.9,164.57,86.63,226.09,1.733,0.891,16,30,Urban,Residential,0,216.62,216.62
C00051,1,239.71,,157.8,81.91,222.15,1.713,0.875,8,28,Rural,Residential,0,,
C00494,3,172.97,190.88,110.85,62.12,226.07,1.182,0.899,2,29,Urban,Residential,0,182.39999999999998,182.39999999999998
C00421,3,180.79,203.0,135.18,45.61,225.67,1.144,0.973,17,30,Urban,Residential,0,178.08499999999998,178.08499999999998
C01257,2,3601.74,2718.35,2086.74,1515.0,226.34,23.902,0.925,11,30,Rural,Industrial,0,2718.35,2718.35
C01206,3,137.69,115.64,99.85,37.84,231.5,,0.925,11,30,Rural,Residential,0,121.035,121.035
C00369,6,930.14,948.05,675.59,254.55,232.9,5.603,0.99,18,29,Semi-Urban,Commercial,0,839.4133333333333,745.65
C00227,4,303.63,289.89,224.68,78.95,233.3,1.977,0.914,12,28,Urban,Residential,0,251.00666666666666,251.00666666666666
C00453,4,343.28,311.94,216.95,126.32,233.81,2.256,0.904,16,28,Rural,Residential,0,294.94,294.94
C00432,1,251.11,,175.22,75.89,223.47,1.663,0.939,12,29,Rural,Residential,0,,
C00791,6,951.08,940.55,608.26,342.82,230.16,6.124,0.937,1,30,Urban,Commercial,0,1021.8466666666667,931.226
C00082,1,452.13,,249.7,202.44,230.36,,0.904,1,30,Rural,Commercial,0,,
C00416,3,193.24,140.9,122.36,70.87,236.76,1.32,0.859,8,30,Rural,Residential,0,168.625,168.625
C00928,1,196.76,,124.66,72.1,232.2,1.38,0.853,1,30,Urban,Residential,0,,
C00193,1,263.58,,160.67,102.9,234.92,1.711,0.911,9,28,Rural,Residential,0,,
C00676,4,314.71,253.79,200.4,114.31,227.09,2.145,0.897,11,29,Urban,Residential,0,230.13666666666666,230.13666666666666
C00740,1,1871.93,,1386.95,484.98,231.9,11.402,0.983,2,29,Rural,Industrial,0,,
C01063,2,168.29,134.04,99.06,69.22,231.94,1.067,0.944,3,30,Semi-Urban,Residential,0,134.04,134.04
C01463,2,262.95,253.11,188.5,74.45,236.84,1.69,0.913,7,29,Rural,Residential,0,253.11,253.11
C01128,2,732.14,754.12,443.16,288.98,232.02,4.695,0.933,10,29,Urban,Commercial,0,754.12,754.12
C00798,1,335.1,,229.88,105.22,231.79,2.163,0.928,9,29,Semi-Urban,Residential,0,,
C00111,6,579.32,521.08,358.26,221.06,231.78,3.562,0.975,19,30,Urban,Commercial,0,560.3666666666667,499.384
C01211,1,1122.2,,630.5,491.7,234.77,7.53,0.882,0,30,Urban,Commercial,0,,
C00986,1,186.09,,127.23,58.85,229.35,1.186,0.951,16,30,Rural,Residential,0,,
C00108,1,436.18,,325.1,111.08,236.76,2.678,0.955,14,29,Rural,Commercial,0,,
C00030,3,195.15,161.93,138.38,56.77,227.99,1.277,0.931,15,30,Urban,Residential,0,162.085,162.085
C01494,5,1308.94,1356.34,938.65,370.29,223.78,8.896,0.913,10,28,Semi-Urban,Commercial,0,1179.3133333333333,1200.8725
C00379,5,1275.98,1115.43,834.23,441.75,226.67,8.719,0.897,17,30,Urban,Commercial,0,1139.2300000000002,1117.935
C00132,1,271.51,,154.12,117.39,232.5,1.903,0.852,14,29,Semi-Urban,Residential,0,,
C00862,5,303.5,319.65,191.66,111.85,229.07,2.016,0.913,0,30,Urban,Residential,0,277.5466666666667,259.6625
C00943,1,4331.89,,2768.99,1562.89,239.36,26.491,0.949,7,30,Urban,Industrial,0,,
C00659,1,3752.65,,2158.48,1594.17,221.44,24.565,0.958,6,30,Urban,Industrial,0,,
C00016,2,288.3,275.89,185.24,103.06,219.81,2.071,0.88,4,29,Semi-Urban,Residential,0,275.89,275.89
C01015,5,383.46,352.24,214.46,169.01,221.63,2.63,0.914,1,29,Semi-Urban,Residential,0,309.87999999999994,295.335
C01135,4,229.91,222.11,150.67,79.24,234.83,1.47,0.925,15,28,Rural,Residential,0,210.29999999999998,210.29999999999998
C01207,2,272.57,272.77,181.37,91.2,235.55,1.732,0.928,19,29,Urban,Residential,0,272.77,272.77
C00329,4,915.51,907.53,632.79,282.72,229.19,,0.93,19,30,Rural,Commercial,0,785.5500000000001,785.5500000000001
C00089,3,188.05,123.08,103.92,84.14,234.2,1.231,0.906,10,29,Semi-Urban,Residential,0,124.955,124.955
C00167,1,272.7,,150.97,121.73,231.47,1.809,0.905,18,29,Rural,Residential,0,,
C00729,5,264.1,252.19,186.3,77.8,225.01,1.911,0.853,4,29,Semi-Urban,Residential,0,234.56333333333336,227.515
C00705,5,852.83,888.01,551.55,301.28,239.36,5.73,0.864,14,30,Rural,Commercial,0,782.4233333333333,735.735
C00238,6,262.07,255.03,178.39,83.68,225.53,1.667,0.968,10,29,Rural,Residential,0,203.13,202.42199999999997
C01428,4,326.27,259.68,243.39,82.88,229.43,2.072,0.953,8,28,Rural,Residential,0,248.47333333333333,248.47333333333333
C00391,5,313.13,369.0,194.4,118.73,,2.171,0.906,6,28,Urban,Residential,0,311.1066666666666,283.0625
C00798,5,441.84,411.32,278.73,163.11,238.17,2.904,0.887,9,28,Semi-Urban,Residential,0,371.3666666666666,362.3
C00482,3,340.03,315.84,227.69,112.34,226.61,2.281,0.914,8,30,Urban,Residential,0,303.62,303.62
C01057,4,102.81,304.96,72.6,30.21,226.94,0.689,0.913,19,30,Semi-Urban,Residential,0,279.17333333333335,279.17333333333335
C00710,1,635.5,,452.21,183.29,224.97,3.963,0.99,19,30,Semi-Urban,Commercial,0,,
C01267,6,327.53,274.56,209.74,117.79,232.17,2.198,0.891,8,29,Rural,Residential,0,312.5,296.358
C01249,5,212.04,211.88,155.53,56.52,230.6,1.297,0.984,9,30,Semi-Urban,Residential,0,210.33,204.235
C01084,6,272.37,210.27,203.69,68.67,228.13,1.902,0.872,1,30,Urban,Residential,0,234.35666666666668,227.398
C01358,6,2946.14,2529.13,2095.71,850.43,223.02,19.214,0.955,11,30,Semi-Urban,Industrial,0,2595.44,2425.7599999999998
C00376,2,1151.71,930.47,853.74,297.97,233.98,7.206,0.949,10,29,Urban,Commercial,0,930.47,930.47
C00634,6,1333.2,1601.88,956.4,376.8,239.43,8.272,0.935,7,30,Semi-Urban,Commercial,0,1352.0866666666668,1244.348
C00466,6,208.51,173.08,150.82,57.69,233.19,1.409,0.881,2,29,Urban,Residential,0,189.57000000000002,183.278
C00116,5,3926.5,3465.43,2687.03,1239.47,226.33,28.712,0.839,2,29,Rural,Industrial,0,3190.33,3044.8175
C01423,1,158.84,,100.83,58.01,230.37,0.998,0.959,7,29,Semi-Urban,Residential,0,,
C00290,5,247.9,269.11,166.03,81.87,234.37,1.574,0.934,16,30,Semi-Urban,Residential,0,214.85333333333332,209.475
C00028,6,253.71,293.64,147.84,105.87,235.74,1.758,0.85,14,29,Urban,Residential,0,320.92,300.652
C00662,6,851.73,835.56,618.59,233.14,224.12,5.352,0.986,15,30,Urban,Commercial,0,775.5166666666668,723.1139999999999
C01210,5,4124.6,3836.07,2441.89,1682.71,243.61,,0.922,7,30,Rural,Industrial,0,3636.7766666666666,3604.06
C01155,2,193.5,179.78,125.86,67.64,228.96,1.25,0.939,8,30,Semi-Urban,Residential,0,179.78,179.78
C00782,2,279.31,298.79,206.85,72.46,227.67,1.794,0.95,0,30,Urban,Residential,0,298.79,298.79
C00681,2,211.08,210.15,149.5,61.58,221.58,1.504,0.88,0,30,Semi-Urban,Residential,0,210.15,210.15
C00397,2,166.74,138.59,117.63,49.11,231.54,1.01,0.99,6,30,Urban,Residential,0,138.59,138.59
C00442,5,404.46,336.85,223.43,181.02,225.25,2.792,0.893,15,30,Urban,Residential,0,333.54,331.5675
C00811,3,2830.88,3241.82,1950.97,879.91,219.31,19.397,0.924,8,29,Urban,Industrial,0,2894.29,2894.29
C00952,4,138.83,122.83,76.71,62.12,229.02,0.935,0.901,6,29,Urban,Residential,0,120.33999999999999,120.33999999999999
C01081,4,53.87,162.37,40.36,13.51,237.15,0.366,0.861,2,20,Urban,Residential,1,135.10666666666665,135.10666666666665
C00496,1,282.01,,200.66,81.35,234.92,1.887,0.883,10,29,Rural,Residential,0,,
C00996,4,315.17,302.45,196.49,118.68,225.61,2.256,0.86,1,30,Rural,Residential,0,273.73333333333335,273.73333333333335
C01196,2,810.83,824.15,482.93,327.9,,5.129,0.967,16,29,Urban,Commercial,0,824.15,824.15
C00957,4,606.3,434.63,335.43,270.87,231.1,3.905,0.933,19,29,Urban,Commercial,0,419.3533333333333,419.3533333333333
C01179,5,1074.79,1021.06,653.48,421.32,226.1,7.325,0.901,5,30,Urban,Commercial,0,903.5333333333333,886.725
C00017,5,179.84,160.57,105.62,74.23,226.86,1.223,0.9,3,30,Rural,Residential,0,151.01999999999998,152.3225
C01322,3,979.46,837.22,587.85,391.6,223.33,,0.99,3,29,Rural,Commercial,0,832.56,832.56
C01105,5,3205.28,3307.39,2103.13,1102.15,231.5,20.564,0.935,18,28,Semi-Urban,Industrial,0,2464.2466666666664,2362.0025
C00603,6,846.27,732.95,583.14,263.14,227.21,,0.865,7,29,Urban,Commercial,0,766.7399999999999,718.112
C00387,6,632.3,719.93,474.21,158.09,242.18,4.184,0.867,10,30,Urban,Commercial,0,673.6999999999999,615.208
C01455,2,142.74,132.0,89.42,53.33,229.81,0.923,0.935,7,30,Rural,Residential,0,132.0,132.0
C01391,3,1001.0,989.14,616.15,384.84,230.54,6.702,0.9,7,30,Semi-Urban,Commercial,0,956.735,956.735
C00394,1,175.27,,104.14,71.13,232.21,1.111,0.944,15,29,Rural,Residential,0,,
C00245,2,128.04,111.65,95.86,32.18,237.39,0.79,0.948,10,30,Semi-Urban,Residential,0,111.65,111.65
C01437,4,158.15,139.44,104.86,53.29,238.52,0.978,0.942,0,30,Semi-Urban,Residential,0,141.83666666666667,141.83666666666667
C00291,5,266.06,317.32,172.36,93.71,227.2,1.81,0.899,3,30,Semi-Urban,Residential,0,276.18333333333334,263.4625
C01278,5,190.58,161.9,133.67,56.91,226.19,1.241,0.943,12,30,Urban,Residential,0,158.88666666666668,160.48000000000002
C00826,2,118.5,99.63,81.52,36.98,239.02,0.811,0.849,2,30,Urban,Residential,0,99.63,99.63
C01036,1,907.17,,575.27,331.9,226.83,6.172,0.9,15,28,Urban,Commercial,0,,
C00724,2,117.43,134.49,78.81,38.62,229.3,0.738,0.964,0,30,Semi-Urban,Residential,0,134.49,134.49
C00891,5,226.03,192.76,134.76,91.27,226.81,1.454,0.952,4,29,Semi-Urban,Residential,0,170.87666666666667,157.625
C01391,2,989.14,924.33,706.68,282.45,224.85,6.32,0.967,7,28,Semi-Urban,Commercial,0,924.33,924.33
C01313,5,1189.14,1225.11,708.38,480.76,233.42,7.873,0.899,13,30,Urban,Commercial,0,1105.2566666666664,1041.23
C00929,6,156.78,179.46,91.82,64.96,232.77,1.004,0.932,5,30,Urban,Residential,0,164.37,152.728
C00725,1,989.62,,584.73,404.89,246.73,5.871,0.949,13,30,Rural,Commercial,0,,
C01420,6,1183.77,1075.26,885.69,298.09,230.98,7.198,0.989,15,30,Semi-Urban,Commercial,0,1046.8100000000002,941.29
C00354,4,204.7,152.87,130.29,74.41,228.04,1.503,0.83,13,30,Urban,Residential,0,150.44333333333333,150.44333333333333
C01175,4,328.92,320.39,236.95,91.97,227.47,2.129,0.943,5,30,Urban,Residential,0,283.2033333333333,283.2033333333333
C01497,3,3466.15,3405.34,2245.08,1221.07,226.38,23.108,0.92,13,30,Urban,Industrial,0,3122.855,3122.855
C01225,3,525.16,370.47,359.55,165.62,230.08,3.597,0.881,17,30,Urban,Commercial,0,409.28,409.28
C01107,6,38.24,176.02,24.8,13.44,230.89,0.257,0.896,13,30,Urban,Residential,1,195.3166666666667,196.63400000000001
C00824,2,261.65,215.25,158.24,103.41,225.85,1.8,0.894,4,30,Urban,Residential,0,215.25,215.25
C01046,2,973.16,1047.41,550.85,422.31,228.21,6.704,0.883,12,30,Semi-Urban,Commercial,0,1047.41,1047.41
C00201,4,262.91,203.45,184.82,78.09,233.39,1.728,0.905,19,28,Rural,Residential,0,208.53666666666666,208.53666666666666
C01325,1,272.97,,160.89,112.07,223.2,1.946,0.873,18,30,Urban,Residential,0,,
C00322,1,237.49,,135.47,102.02,228.73,1.522,0.947,13,29,Urban,Residential,0,,
C00995,1,138.56,,101.96,36.6,238.05,0.881,0.918,3,30,Urban,Residential,0,,
C00696,5,1127.08,1176.6,779.01,348.07,230.8,7.415,0.915,12,30,Rural,Commercial,0,991.6466666666666,984.5675
C00462,5,1429.1,1382.73,881.88,547.21,225.28,10.09,0.873,6,30,Urban,Commercial,0,1110.8300000000002,1092.1075
C01468,5,346.17,357.64,204.66,141.51,230.63,2.13,0.979,13,29,Urban,Residential,0,325.82666666666665,323.315
C00424,6,275.08,266.97,203.74,71.33,231.9,1.947,0.846,9,29,Urban,Residential,0,276.55333333333334,261.094
C01201,1,138.97,,82.58,56.39,226.38,0.951,0.896,7,29,Urban,Residential,0,,
C00135,2,3820.83,3797.28,2843.12,977.71,234.18,23.167,0.978,5,30,Urban,Industrial,0,3797.28,3797.28
C01047,2,138.19,118.48,95.4,42.78,219.67,0.988,0.884,6,28,Semi-Urban,Residential,0,118.48,118.48
C01169,1,280.77,,194.08,86.69,226.47,1.885,0.913,10,29,Urban,Residential,0,,
C00703,4,279.85,226.21,166.52,113.33,223.0,1.838,0.948,16,28,Urban,Residential,0,238.23000000000002,238.23000000000002
C00470,3,291.75,248.36,173.0,118.75,228.88,2.094,0.846,14,29,Urban,Residential,0,238.985,238.985
C00885,6,225.99,199.11,137.6,88.39,226.64,1.409,0.983,9,30,Semi-Urban,Residential,0,209.06000000000003,196.93200000000002
C00208,1,668.83,,416.85,251.98,221.67,4.503,0.931,17,29,Rural,Commercial,0,,
C00940,6,844.22,768.77,501.08,343.14,238.24,5.011,0.982,5,30,Urban,Commercial,0,761.7433333333333,734.8340000000001
C00781,5,287.4,329.94,177.34,110.05,233.13,1.837,0.932,9,30,Urban,Residential,0,282.73333333333335,278.71
C00092,2,308.9,310.29,196.71,112.19,232.54,1.873,0.985,16,28,Rural,Residential,0,310.29,310.29
C00005,3,361.61,279.14,266.88,94.73,220.75,2.353,0.967,2,30,Rural,Residential,0,288.86,288.86
C01173,1,2055.74,,1263.04,792.71,231.68,13.342,0.924,16,30,Semi-Urban,Industrial,0,,
C00700,1,243.23,,176.21,67.02,234.79,1.48,0.972,15,28,Urban,Residential,0,,
C00541,5,230.15,276.7,163.46,66.69,228.27,1.436,0.975,15,29,Semi-Urban,Residential,0,199.65,189.01749999999998
C00218,1,696.49,,507.65,188.85,232.47,4.864,0.855,19,29,Urban,Commercial,0,,
C00882,3,311.37,303.18,171.49,139.88,237.48,2.029,0.898,3,30,Urban,Residential,0,293.15,293.15
C00819,6,328.53,314.1,238.23,90.3,228.92,2.119,0.941,2,29,Semi-Urban,Residential,0,309.71000000000004,291.322
C00204,4,5164.94,4161.95,3024.15,2140.79,233.15,31.394,0.98,12,29,Urban,Industrial,0,3990.726666666667,3990.726666666667
C01357,3,208.52,176.37,152.01,56.5,232.63,1.298,0.959,1,29,Urban,Residential,0,185.3,185.3
C00073,6,220.58,197.51,157.91,62.68,227.56,1.481,0.909,8,30,Semi-Urban,Residential,0,161.17333333333332,163.28
C00511,4,287.42,247.18,175.56,111.86,226.41,2.04,0.864,13,29,Urban,Residential,0,219.74333333333334,219.74333333333334
C01288,5,185.81,174.78,114.52,71.29,230.83,1.227,0.911,11,30,Semi-Urban,Residential,0,157.3033333333333,149.0675
C01220,4,352.88,316.98,239.54,113.34,234.87,2.268,0.92,19,28,Urban,Residential,0,299.81666666666666,299.81666666666666
C01319,2,754.8,868.81,538.74,216.06,232.37,4.81,0.938,14,30,Semi-Urban,Commercial,0,868.81,868.81
C00577,2,239.34,222.48,162.7,76.64,227.19,1.567,0.934,19,30,Urban,Residential,0,222.48,222.48
C01112,4,191.69,153.96,140.75,50.95,225.87,1.311,0.899,7,30,Rural,Residential,0,160.35333333333332,160.35333333333332
C01177,6,184.99,208.85,58.21,126.78,225.55,2.116,0.538,18,30,Semi-Urban,Residential,1,246.76000000000002,242.13600000000002
C01409,5,84.85,213.01,59.08,25.77,234.03,0.561,0.898,10,30,Semi-Urban,Residential,1,206.19999999999996,206.98749999999998
C00055,3,113.72,111.56,65.07,48.65,229.63,0.713,0.964,0,30,Urban,Residential,0,113.25,113.25
C00174,2,171.98,210.83,112.57,59.42,234.71,1.052,0.967,0,30,Semi-Urban,Residential,0,210.83,210.83
C00676,1,226.51,,161.89,64.62,231.02,1.376,0.99,11,29,Urban,Residential,0,,
C01137,2,266.73,285.01,194.74,71.99,235.54,1.671,0.941,15,30,Rural,Residential,0,285.01,285.01
C00312,5,200.21,221.4,113.16,87.05,237.72,1.341,0.873,13,30,Semi-Urban,Residential,0,198.85333333333332,191.675
C00481,3,239.91,226.24,176.58,63.33,237.48,1.533,0.915,9,30,Urban,Residential,0,215.10000000000002,215.10000000000002
C00090,1,2708.4,,1933.58,774.81,227.95,17.951,0.919,15,30,Urban,Industrial,0,,
C00668,3,1140.89,892.16,710.06,430.84,222.78,7.585,0.938,12,30,Urban,Commercial,0,986.28,986.28
C00995,6,237.37,149.9,134.18,103.19,223.56,1.549,0.952,3,15,Urban,Residential,1,172.92,161.48600000000002
C00098,4,255.57,259.3,144.71,110.86,233.94,1.758,0.863,9,29,Semi-Urban,Residential,0,218.55333333333337,218.55333333333337
C01495,3,146.39,121.69,105.8,40.59,231.13,0.924,0.952,13,30,Semi-Urban,Residential,0,127.14,127.14
C00284,6,333.56,297.84,184.98,148.57,236.33,2.06,0.952,7,30,Semi-Urban,Residential,0,298.01,276.02
C01480,4,1024.39,977.12,754.83,269.56,225.62,7.373,0.855,13,30,Rural,Commercial,0,754.46,754.46
C00755,2,145.7,151.61,91.37,54.33,222.39,0.947,0.96,12,30,Urban,Residential,0,151.61,151.61
C00082,6,495.42,540.08,324.99,170.43,224.81,3.581,0.855,1,28,Rural,Commercial,0,527.72,497.83599999999996
C00504,1,322.18,,213.92,108.26,224.56,2.167,0.919,6,29,Semi-Urban,Residential,0,,
C00508,3,132.89,276.42,79.98,52.91,231.15,0.815,0.98,13,29,Semi-Urban,Residential,0,268.21000000000004,268.21000000000004
C00823,6,321.44,342.15,228.69,92.75,225.04,2.309,0.859,4,28,Semi-Urban,Residential,0,327.7866666666667,305.39
C00419,6,876.49,1020.84,561.14,315.35,235.18,5.795,0.893,5,28,Urban,Commercial,0,912.8866666666667,801.588
C00595,4,354.53,281.39,207.25,147.27,221.89,2.358,0.941,18,29,Urban,Residential,0,273.93333333333334,273.93333333333334
C00700,3,236.15,213.93,148.08,88.07,235.55,1.493,0.932,15,30,Urban,Residential,0,228.57999999999998,228.57999999999998
C00320,3,318.24,292.17,212.37,105.86,223.47,2.064,0.958,8,30,Urban,Residential,0,266.595,266.595
C00421,4,209.76,180.79,153.36,56.4,221.84,1.383,0.949,17,29,Urban,Residential,0,178.98666666666668,178.98666666666668
C00563,6,231.64,270.2,172.86,58.77,221.16,1.655,0.879,18,30,Semi-Urban,Residential,0,223.62666666666664,208.21999999999997
C00481,5,239.77,300.09,143.38,96.39,243.19,1.472,0.93,9,30,Urban,Residential,0,255.41333333333333,242.55
C00516,5,977.85,907.83,631.23,346.63,231.73,6.352,0.923,0,30,Urban,Commercial,0,750.91,772.625
C00503,5,1132.12,1100.32,711.54,420.59,226.44,7.546,0.92,0,30,Semi-Urban,Commercial,0,941.7566666666667,928.5975
C00712,4,206.06,149.08,134.71,71.35,230.94,1.32,,6,30,Urban,Residential,0,148.90666666666667,148.90666666666667
C00067,2,247.11,227.51,146.39,100.73,225.14,1.642,0.928,1,29,Urban,Residential,0,227.51,227.51
C00220,4,176.27,150.89,104.94,71.32,238.16,1.154,0.891,16,30,Semi-Urban,Residential,0,146.65666666666667,146.65666666666667
C01065,3,276.61,286.76,162.19,114.42,234.89,1.758,0.93,19,30,Urban,Residential,0,278.81,278.81
C00021,2,195.32,151.46,123.55,71.77,223.66,1.399,0.867,2,30,Semi-Urban,Residential,0,151.46,151.46
C00871,5,804.52,657.66,543.35,261.17,229.51,5.046,0.965,9,30,Rural,Commercial,0,570.5633333333334,549.88
C00262,1,111.95,,70.54,41.41,233.13,0.718,0.929,11,28,Urban,Residential,0,,
C00331,5,694.15,648.76,513.92,180.23,230.07,4.776,0.877,8,30,Urban,Commercial,0,623.98,595.9425
C00430,6,441.13,350.4,314.81,126.32,232.7,2.917,0.903,8,29,Urban,Residential,0,363.29333333333335,344.26
C00363,2,158.4,137.04,113.68,44.71,225.28,1.089,0.897,6,30,Urban,Residential,0,137.04,137.04
C01319,4,900.2,857.72,574.2,326.0,232.07,5.859,0.92,14,30,Semi-Urban,Commercial,0,827.11,827.11
C01221,5,1271.63,1452.48,731.6,540.03,234.83,8.46,0.889,3,30,Semi-Urban,Commercial,0,1200.83,1124.8525
C00096,4,133.43,137.28,89.52,43.92,230.46,0.812,0.99,18,29,Urban,Residential,0,128.51666666666668,128.51666666666668
C00558,5,181.36,161.86,102.77,78.59,234.91,1.088,0.986,5,30,Semi-Urban,Residential,0,164.38333333333333,155.70499999999998
C01381,1,265.04,,183.86,81.18,228.42,1.638,0.984,11,30,Urban,Residential,0,,
C00605,1,1042.9,,671.85,371.04,229.8,6.437,0.979,13,28,Urban,Commercial,0,,
C00516,6,1109.36,977.85,637.27,472.09,226.71,7.135,0.953,0,29,Urban,Commercial,0,878.21,813.6700000000001
C00235,4,285.44,242.25,171.41,114.04,222.76,2.038,0.873,0,30,Urban,Residential,0,229.4766666666667,229.4766666666667
C00090,2,2841.42,2708.4,1775.21,1066.21,230.79,17.642,0.969,15,30,Urban,Industrial,0,2708.4,2708.4
C00735,1,296.66,,205.24,91.42,220.84,2.047,0.911,1,30,Urban,Residential,0,,
C00965,3,136.62,121.13,90.33,46.29,224.76,0.907,0.93,17,30,Rural,Residential,0,138.315,138.315
C00240,1,129.86,,84.61,45.25,227.63,0.915,0.866,6,30,Rural,Residential,0,,
C01111,5,349.92,379.29,247.8,102.12,227.52,2.211,0.966,17,28,Urban,Residential,0,354.9633333333333,351.28
C00312,2,174.54,170.14,121.9,52.64,238.4,1.231,0.826,13,30,Semi-Urban,Residential,0,170.14,170.14
C00243,3,279.28,241.6,197.85,81.43,224.01,1.918,0.903,10,25,Rural,Residential,1,250.58999999999997,250.58999999999997
C00518,4,221.95,186.29,153.4,68.55,,1.451,0.929,8,30,Urban,Residential,0,164.67666666666665,164.67666666666665
C01305,6,687.28,691.07,481.56,205.73,237.9,4.405,0.911,13,30,Urban,Commercial,0,562.8866666666667,509.42600000000004
C00304,3,993.26,912.63,602.1,391.16,225.6,6.842,0.894,6,30,Urban,Commercial,0,865.98,865.98
C00009,4,323.43,310.81,218.76,104.67,230.48,2.065,0.944,12,29,Urban,Residential,0,226.84333333333333,226.84333333333333
C00774,4,384.0,367.53,217.87,166.13,222.33,2.459,0.975,8,28,Semi-Urban,Residential,0,321.8,321.8
C00929,3,159.91,124.14,98.05,61.86,225.91,1.046,0.94,5,30,Urban,Residential,0,135.265,135.265
C00079,2,289.19,308.11,202.15,87.03,233.22,1.847,0.932,8,28,Urban,Residential,0,308.11,308.11
C00702,4,1239.41,897.36,876.16,363.25,234.85,8.124,0.902,10,30,Urban,Commercial,0,862.16,862.16
C01243,5,191.13,205.57,141.73,49.4,224.78,1.225,0.964,12,30,Urban,Residential,0,170.93999999999997,178.0125
C00779,5,212.29,203.61,151.12,61.16,232.97,1.279,0.99,11,29,Rural,Residential,0,184.32666666666668,185.275
C00974,2,584.3,559.67,353.95,230.35,224.11,3.876,0.934,11,28,Semi-Urban,Commercial,0,559.67,559.67
C00653,1,108.52,,61.07,47.45,231.47,0.685,0.951,8,29,Semi-Urban,Residential,0,,
C00310,5,215.11,215.29,136.98,78.12,231.78,1.302,0.99,18,28,Rural,Residential,0,187.43666666666664,189.25
C01241,4,892.8,820.09,542.44,350.35,238.79,5.738,0.905,15,30,Semi-Urban,Commercial,0,696.2199999999999,696.2199999999999
C00145,2,495.45,460.82,299.53,195.92,228.46,3.567,0.844,19,29,Rural,Commercial,0,460.82,460.82
C00976,3,212.69,198.88,143.22,69.47,230.84,1.327,0.965,16,30,Urban,Residential,0,179.92000000000002,179.92000000000002
C01344,2,265.53,275.43,169.47,96.07,233.61,1.667,0.947,15,28,Urban,Residential,0,275.43,275.43
C01007,2,191.58,244.94,130.65,60.93,224.98,1.309,0.903,11,30,Semi-Urban,Residential,0,244.94,244.94
C01368,6,576.77,773.18,349.64,227.13,233.54,3.737,0.918,1,29,Urban,Commercial,0,667.84,609.168
C01418,6,944.7,1035.33,678.28,266.42,239.69,5.726,0.956,1,29,Urban,Commercial,0,961.7199999999999,873.1700000000001
C00071,6,365.48,365.14,273.79,91.69,222.65,2.463,0.926,5,30,Semi-Urban,Residential,0,366.2333333333333,327.468
C00032,3,224.08,211.93,147.9,76.18,236.99,1.432,0.917,13,28,Semi-Urban,Residential,0,205.685,205.685
C01272,2,261.95,230.94,171.45,90.51,234.85,1.641,0.944,18,29,Rural,Residential,0,230.94,230.94
C01073,5,245.71,252.47,142.86,102.85,235.25,1.544,0.939,1,30,Urban,Residential,0,240.47000000000003,234.29500000000002
C00039,1,2297.61,,1598.44,699.17,236.07,14.783,0.914,6,30,Semi-Urban,Industrial,0,,
C00461,3,1217.23,937.76,723.93,493.3,235.81,8.008,0.895,11,30,Rural,Commercial,0,992.06,992.06
C00174,4,241.25,186.49,153.27,87.98,225.15,1.709,0.871,0,28,Semi-Urban,Residential,0,189.76666666666665,189.76666666666665
C00859,6,1416.14,1345.35,840.25,575.89,231.66,9.522,0.892,11,29,Urban,Commercial,0,1258.5433333333333,1210.462
C01167,6,164.66,171.22,94.67,69.99,236.24,1.076,0.9,13,28,Urban,Residential,0,170.38,150.398
C00640,1,188.91,,124.1,64.81,236.08,1.246,0.892,15,28,Urban,Residential,0,,
C00318,4,641.72,577.07,443.59,198.13,230.23,4.32,0.896,0,28,Urban,Commercial,0,479.48333333333335,479.48333333333335
C01308,1,112.17,,65.75,46.42,219.5,0.761,0.932,16,28,Rural,Residential,0,,
C00134,4,1033.71,757.17,730.39,303.32,228.31,6.794,0.926,11,30,Semi-Urban,Commercial,0,819.1433333333333,819.1433333333333
C00248,6,206.09,272.27,126.89,79.21,226.7,1.355,0.932,0,28,Urban,Residential,0,262.53,255.78400000000002
C00771,6,377.58,266.08,229.31,148.27,238.25,2.451,0.898,3,30,Urban,Residential,0,308.67333333333335,305.202
C00189,1,260.53,,154.03,106.51,229.66,1.626,0.969,18,30,Semi-Urban,Residential,0,,
C00686,6,937.44,1016.49,653.37,284.07,232.38,5.989,0.936,18,30,Urban,Commercial,0,955.2333333333332,902.43
C00962,1,2727.8,,1515.68,1212.12,224.04,18.059,0.936,17,29,Urban,Industrial,0,,
C00369,1,555.72,,325.53,230.18,230.65,3.527,0.949,18,30,Semi-Urban,Commercial,0,,
C01372,5,209.86,212.06,143.35,66.52,231.11,1.422,0.887,4,30,Rural,Residential,0,174.41,164.8575
C01315,2,236.82,186.75,174.63,62.19,227.05,1.568,0.924,18,29,Rural,Residential,0,186.75,186.75
C01122,4,301.94,270.74,189.71,112.24,222.26,1.988,0.949,0,29,Rural,Residential,0,264.24333333333334,264.24333333333334
C00844,1,1719.0,,983.0,736.0,233.65,11.719,0.872,6,30,Semi-Urban,Industrial,0,,
C00842,3,626.18,610.84,407.86,218.32,231.45,3.995,0.941,13,29,Urban,Commercial,0,559.3,559.3
C01447,1,2661.93,,1474.09,1187.84,229.58,18.239,0.883,15,29,Semi-Urban,Industrial,0,,
C00358,3,162.56,188.34,119.7,42.86,235.92,1.036,0.924,13,30,Rural,Residential,0,166.5,166.5
C01001,4,623.51,529.48,380.91,242.6,231.12,4.097,0.915,15,30,Semi-Urban,Commercial,0,523.12,523.12
C00273,1,173.25,,114.55,58.7,237.36,1.093,0.928,5,30,Semi-Urban,Residential,0,,
C00516,1,837.77,,595.95,241.82,229.94,5.509,0.919,0,30,Urban,Commercial,0,,
C01339,3,125.23,111.12,83.17,42.06,232.22,0.845,0.886,12,29,Semi-Urban,Residential,0,110.49000000000001,110.49000000000001
C00027,1,296.25,,170.8,125.45,229.1,2.016,0.891,0,30,Semi-Urban,Residential,0,,
C00411,5,222.97,195.78,145.25,77.72,238.4,1.459,,7,29,Rural,Residential,0,182.9466666666667,185.915
C00746,5,212.44,265.07,118.05,94.4,224.83,1.522,0.862,8,30,Rural,Residential,0,233.31000000000003,229.175
C00918,4,284.74,257.56,177.07,107.68,231.7,2.033,0.84,6,29,Semi-Urban,Residential,0,220.79666666666665,220.79666666666665
C00470,5,363.01,313.64,238.76,124.24,228.06,2.542,0.87,14,30,Urban,Residential,0,284.5833333333333,270.84000000000003
C00747,5,92.41,44.11,68.42,23.99,224.31,1.39,0.412,16,29,Urban,Residential,1,87.65333333333332,95.08
C00399,2,827.3,958.65,467.37,359.93,,5.875,0.875,7,28,Urban,Commercial,0,958.65,958.65
C01056,3,832.05,766.07,546.01,286.04,229.34,5.377,0.937,18,29,Urban,Commercial,0,750.7650000000001,750.7650000000001
C00965,4,162.4,136.62,96.96,65.44,230.97,0.99,0.987,17,30,Rural,Residential,0,137.75,137.75
C00637,5,304.33,296.61,180.87,123.47,236.07,1.926,0.929,0,30,Semi-Urban,Residential,0,246.08,237.89249999999998
C00476,6,178.83,160.26,124.95,53.88,232.64,1.257,0.849,13,30,Semi-Urban,Residential,0,161.86,152.652
C00730,6,182.13,192.13,131.0,51.13,225.3,1.225,0.917,0,30,Urban,Residential,0,167.38666666666666,152.552
C01101,6,264.11,217.28,147.36,116.76,228.89,1.775,0.903,3,28,Urban,Residential,0,252.73333333333335,238.93
C01133,6,328.54,303.74,193.11,135.43,232.38,2.235,0.879,15,28,Semi-Urban,Residential,0,325.2633333333333,270.028
C00544,3,470.87,547.27,340.23,130.64,231.81,2.892,0.976,16,30,Urban,Commercial,0,461.04999999999995,461.04999999999995
C01477,2,819.91,1047.29,478.1,341.81,225.15,5.35,0.945,9,28,Urban,Commercial,0,1047.29,1047.29
C00142,2,340.79,331.92,220.26,120.53,230.69,2.101,0.976,10,30,Urban,Residential,0,331.92,331.92
C01326,2,1852.07,2008.52,1385.41,466.66,227.83,12.213,0.924,9,30,Semi-Urban,Industrial,0,2008.52,2008.52
C01230,2,449.85,527.06,274.89,174.96,229.64,2.864,0.95,14,28,Semi-Urban,Commercial,0,527.06,527.06
C01490,4,219.02,197.22,148.44,70.58,229.01,1.525,0.871,14,30,Semi-Urban,Residential,0,181.17,181.17
C01466,2,4201.33,4608.09,2510.6,1690.72,223.79,28.994,0.899,16,29,Urban,Industrial,0,4608.09,4608.09
C00127,1,172.21,,98.57,73.63,236.99,1.053,0.959,14,30,Urban,Residential,0,,
C01235,2,314.3,255.67,175.61,138.69,224.99,2.024,0.959,5,30,Urban,Residential,0,255.67,255.67
C00879,5,244.3,257.15,169.87,74.43,230.0,1.547,0.954,6,29,Urban,Residential,0,225.36999999999998,224.045
C00477,5,5413.53,5770.09,3143.34,2270.18,231.12,35.413,0.919,5,29,Semi-Urban,Industrial,0,4925.093333333333,4904.13
C01255,4,438.2,331.26,316.83,121.37,224.25,3.077,0.882,9,30,Rural,Residential,0,310.41,310.41
C01493,6,410.23,365.59,277.95,132.28,225.46,2.658,0.951,16,29,Urban,Residential,0,398.44666666666666,346.54200000000003
C00344,4,1621.05,1076.85,1163.43,457.62,230.34,10.828,0.903,15,30,Rural,Commercial,0,1033.6333333333334,1033.6333333333334
C00092,4,362.46,253.84,213.77,148.7,,2.473,0.871,16,29,Rural,Residential,0,291.01,291.01
C00638,5,401.74,407.03,253.48,148.27,228.5,2.467,0.99,14,29,Urban,Residential,0,336.01666666666665,327.605
C01282,3,214.71,216.57,133.85,80.86,230.88,1.366,0.945,5,30,Urban,Residential,0,203.845,203.845
C01343,3,528.63,423.81,330.57,198.06,223.98,,0.925,1,30,Semi-Urban,Commercial,0,456.055,456.055
C01430,4,199.42,186.1,134.2,65.23,224.24,1.288,0.959,14,29,Rural,Residential,0,178.21333333333334,178.21333333333334
C01002,4,265.47,280.26,172.47,93.0,238.11,1.729,0.896,14,28,Rural,Residential,0,244.52999999999997,244.52999999999997
C00210,6,1016.49,1302.96,684.93,331.56,225.56,6.851,0.914,6,28,Urban,Commercial,0,1211.0533333333333,1086.326
C01346,5,213.45,216.31,154.23,59.22,227.58,1.396,0.933,7,30,Urban,Residential,0,188.29333333333332,180.785
C00853,6,4504.7,3639.12,2541.11,1963.6,229.76,29.216,0.932,15,29,Semi-Urban,Industrial,0,3947.3166666666657,3710.75
C01071,5,134.6,333.88,74.61,59.98,233.08,0.845,0.949,18,30,Urban,Residential,0,287.5566666666667,279.33
C00171,5,252.85,229.61,177.63,75.22,229.8,1.574,0.971,2,30,Urban,Residential,0,208.62666666666667,209.1875
C00126,3,311.01,292.21,192.99,118.03,231.54,2.05,0.91,15,30,Semi-Urban,Residential,0,294.29999999999995,294.29999999999995
C00436,2,231.78,283.5,140.25,91.52,232.59,1.539,0.899,18,29,Urban,Residential,0,283.5,283.5
C01321,5,364.13,358.58,258.35,105.78,236.99,2.35,0.908,10,30,Urban,Residential,0,325.8,309.87
C00326,2,142.69,145.91,85.26,57.42,234.3,0.989,0.855,17,30,Urban,Residential,0,145.91,145.91
C01016,3,216.27,220.11,124.03,92.24,225.75,1.375,0.968,0,29,Urban,Residential,0,215.34,215.34
C00059,4,232.9,90.33,144.8,88.1,232.03,1.627,0.857,9,30,Urban,Residential,0,157.78666666666666,157.78666666666666
C00252,6,902.09,782.23,574.53,327.56,230.85,5.912,0.918,3,28,Urban,Commercial,0,738.0366666666667,693.88
C01156,3,152.96,165.5,112.63,40.33,242.56,0.945,0.927,7,29,Urban,Residential,0,163.61,163.61
C01359,1,283.81,,202.05,81.76,231.91,1.889,0.9,8,30,Urban,Residential,0,,
C00739,2,275.14,306.65,166.06,109.08,233.49,1.707,0.959,15,28,Urban,Residential,0,306.65,306.65
C00117,6,341.7,336.81,190.19,151.51,229.76,2.279,0.906,15,30,Semi-Urban,Residential,0,343.8999999999999,309.106
C00895,5,257.31,238.43,145.34,111.97,228.53,1.859,0.841,4,30,Semi-Urban,Residential,0,221.88666666666668,218.14499999999998
C01137,6,350.28,425.22,247.65,102.63,228.71,2.149,0.99,15,30,Rural,Residential,0,390.5833333333333,344.698
C00094,4,414.62,415.81,231.38,183.24,233.5,2.709,0.91,8,30,Semi-Urban,Commercial,0,410.2866666666667,410.2866666666667
C00387,3,490.27,530.57,299.13,191.14,245.7,3.032,0.914,10,30,Urban,Commercial,0,527.47,527.47
C01431,2,2202.93,2134.67,1411.65,791.28,224.02,14.653,0.932,17,30,Urban,Industrial,0,2134.67,2134.67
C00611,2,179.85,175.58,107.66,72.19,227.92,1.202,0.912,9,30,Rural,Residential,0,175.58,175.58
C01433,6,203.87,222.79,140.09,63.78,233.51,1.317,0.921,9,28,Rural,Residential,0,206.14666666666668,186.546
C01034,3,1342.47,905.31,967.84,374.63,227.63,8.929,0.917,9,28,Urban,Commercial,0,937.44,937.44
C00867,2,231.87,227.76,159.91,71.96,232.04,1.515,0.916,16,30,Rural,Residential,0,227.76,227.76
C00175,4,276.17,253.4,196.32,79.85,,1.684,0.954,2,30,Urban,Residential,0,211.70666666666668,211.70666666666668
C01467,3,215.02,193.63,147.84,67.18,224.93,1.442,0.921,3,30,Semi-Urban,Residential,0,208.695,208.695
C00070,1,781.83,,513.39,268.44,237.76,5.481,0.833,1,30,Semi-Urban,Commercial,0,,
C01482,2,248.58,272.99,144.04,104.54,223.6,1.705,0.906,5,29,Urban,Residential,0,272.99,272.99
C00459,1,1140.86,,817.66,323.2,239.78,7.385,0.895,6,29,Semi-Urban,Commercial,0,,
C01206,4,226.82,137.69,159.27,67.55,231.8,1.38,0.985,11,30,Rural,Residential,0,126.58666666666666,126.58666666666666
C00824,1,215.25,,142.21,73.03,237.56,1.361,0.925,4,28,Urban,Residential,0,,
C00996,1,271.51,,155.75,115.76,230.16,1.757,0.932,1,29,Rural,Residential,0,,
C00245,6,127.92,133.87,72.1,55.82,,0.833,0.923,10,29,Semi-Urban,Residential,0,128.84666666666666,125.24600000000001
C00961,4,1227.46,1025.64,884.62,342.85,234.38,7.849,0.927,12,30,Rural,Commercial,0,911.7133333333335,911.7133333333335
C01472,1,109.93,,71.41,38.53,221.72,0.739,0.932,18,29,Rural,Residential,0,,
C01269,2,273.88,316.07,168.82,105.06,234.25,1.824,0.89,12,30,Semi-Urban,Residential,0,316.07,316.07
C00379,4,1115.43,1182.81,716.27,399.16,228.96,7.529,0.899,17,30,Urban,Commercial,0,1118.77,1118.77
C00264,6,321.83,453.92,211.36,110.47,232.55,1.949,0.986,14,29,Semi-Urban,Residential,0,387.8433333333333,347.604
C00236,3,133.94,121.08,76.35,57.59,229.99,0.886,0.913,3,30,Semi-Urban,Residential,0,116.91499999999999,116.91499999999999
C01035,2,125.96,119.42,78.04,47.92,223.95,0.896,0.871,3,28,Semi-Urban,Residential,0,119.42,119.42
C00471,1,944.9,,584.88,360.02,226.83,6.228,0.929,18,30,Rural,Commercial,0,,
C00288,1,579.91,,384.22,195.69,226.49,3.708,0.959,1,29,Rural,Commercial,0,,
C01315,4,267.13,238.72,185.82,81.31,227.61,1.828,,18,30,Rural,Residential,0,220.76333333333332,220.76333333333332
C01347,5,323.53,269.7,186.73,136.8,233.49,2.096,0.918,5,30,Urban,Residential,0,265.89,261.4525
C00252,2,506.48,748.81,324.28,182.2,233.27,3.389,0.89,3,30,Urban,Commercial,0,748.81,748.81
C01435,6,645.88,745.88,358.64,287.25,223.8,4.3,0.932,1,30,Urban,Commercial,0,689.1366666666667,676.436
C01375,1,205.0,,125.42,79.58,236.12,1.35,0.893,7,30,Rural,Residential,0,,
C00221,2,494.24,575.98,306.3,187.94,225.01,3.587,0.851,1,30,Semi-Urban,Commercial,0,575.98,575.98
C00141,3,347.16,234.9,254.09,93.07,222.94,2.271,0.952,7,30,Urban,Residential,0,278.525,278.525
C00192,1,315.05,,206.68,108.37,233.87,2.055,0.911,5,28,Urban,Residential,0,,
C00474,3,251.39,211.9,163.65,87.74,226.73,1.788,0.861,17,30,Semi-Urban,Residential,0,209.36,209.36
C01340,6,4284.12,5100.41,2869.29,1414.83,229.69,28.139,0.921,9,30,Rural,Industrial,0,5037.996666666667,4757.094
C00078,2,1168.32,947.41,712.66,455.66,229.69,8.351,0.846,15,30,Rural,Commercial,0,947.41,947.41
C00667,6,1285.72,1228.19,780.67,505.05,234.31,8.495,0.897,11,30,Urban,Commercial,0,1220.42,1122.452
C00974,4,568.97,721.07,411.8,157.17,224.87,3.617,0.972,11,30,Semi-Urban,Commercial,0,621.68,621.68
C00564,6,6155.51,5200.45,4053.44,2102.07,227.33,39.845,0.944,15,29,Urban,Industrial,0,5028.703333333334,4925.564
C01425,6,126.06,170.9,91.35,34.71,235.38,0.794,0.937,13,30,Rural,Residential,0,152.0066666666667,141.41400000000002
C00518,5,205.04,221.95,117.02,88.02,228.13,1.392,0.897,8,30,Urban,Residential,0,192.19333333333336,178.995
C01483,1,222.86,,131.18,91.68,231.51,1.417,0.944,16,30,Urban,Residential,0,,
C00675,3,684.52,551.02,452.78,231.74,230.95,4.497,0.915,8,30,Rural,Commercial,0,569.06,569.06
C00064,1,161.24,,110.61,50.63,238.32,0.99,0.949,1,29,Semi-Urban,Residential,0,,
C01113,2,172.52,181.86,99.69,72.83,220.33,1.165,0.933,6,28,Semi-Urban,Residential,0,181.86,181.86
C00223,4,244.19,225.8,164.06,80.13,229.94,1.674,0.881,19,29,Semi-Urban,Residential,0,196.64666666666668,196.64666666666668
C00204,6,4618.21,4296.66,3154.36,1463.85,231.06,31.552,0.88,12,29,Urban,Industrial,0,4541.183333333333,4286.755999999999
C01344,6,347.09,331.91,201.1,145.99,225.71,2.336,0.914,15,29,Urban,Residential,0,326.12666666666667,303.86800000000005
C00579,6,242.72,249.19,158.42,84.3,231.16,1.641,0.889,9,28,Rural,Residential,0,234.09333333333333,232.07
C00226,1,227.3,,157.43,69.87,225.61,1.433,0.977,11,28,Semi-Urban,Residential,0,,
C01278,3,159.49,155.27,118.45,41.04,232.19,,0.919,12,29,Urban,Residential,0,160.265,160.265
C00302,6,250.44,279.11,148.72,101.73,235.06,1.668,0.887,13,29,Rural,Residential,0,252.42999999999998,234.796
C00831,2,267.61,293.07,159.67,107.94,224.82,1.763,0.938,1,30,Urban,Residential,0,293.07,293.07
C00668,2,892.16,1080.4,647.32,244.84,227.95,5.734,0.948,12,28,Urban,Commercial,0,1080.4,1080.4
C00590,1,143.92,,106.38,37.53,220.91,1.014,0.892,10,29,Urban,Residential,0,,
C00316,5,220.9,218.53,159.8,61.1,237.17,1.388,0.932,9,15,Rural,Residential,1,263.93666666666667,279.1075
C01132,2,120.94,123.18,84.44,36.5,225.19,0.78,0.956,2,30,Semi-Urban,Residential,0,123.18,123.18
C01034,2,905.31,969.57,608.76,296.55,228.48,6.185,0.89,9,28,Urban,Commercial,0,969.57,969.57
C00528,5,172.25,226.57,125.68,46.58,232.84,1.128,0.911,5,30,Urban,Residential,0,199.35,184.0575
C00868,5,1760.97,2018.48,1150.93,610.04,238.81,11.275,0.908,5,28,Rural,Industrial,0,1686.63,1576.135
C01019,5,241.9,264.83,166.52,75.39,219.13,1.669,0.918,19,28,Rural,Residential,0,232.5,232.8825
C00844,3,2213.02,1737.22,1352.06,860.96,221.26,15.443,0.9,6,30,Semi-Urban,Industrial,0,1728.1100000000001,1728.1100000000001
C00199,2,181.14,177.14,113.87,67.26,229.68,1.166,0.939,12,30,Semi-Urban,Residential,0,177.14,177.14
C01380,6,847.23,896.17,573.84,273.39,226.64,5.796,0.896,10,30,Urban,Commercial,0,832.9699999999999,771.488
C00150,5,363.25,386.86,217.66,145.59,233.13,2.36,0.917,4,30,Urban,Residential,0,323.65333333333336,310.1175
C01147,5,2525.09,3126.34,1865.21,659.88,227.75,16.74,0.92,12,30,Semi-Urban,Industrial,0,2791.0699999999997,2739.745
C01399,6,229.25,239.75,162.13,67.12,234.26,1.54,0.882,0,28,Urban,Residential,0,236.90666666666667,223.158
C00489,6,160.62,146.25,107.83,52.79,227.53,1.129,0.869,14,30,Urban,Residential,0,159.36333333333334,140.35399999999998
C00756,6,328.1,251.62,232.78,95.32,218.25,2.236,0.934,4,29,Rural,Residential,0,241.03333333333333,228.554
C00918,2,199.94,204.89,149.72,50.22,241.98,1.184,0.969,6,28,Semi-Urban,Residential,0,204.89,204.89
C01336,5,644.7,575.96,379.3,265.41,230.63,,0.93,18,28,Semi-Urban,Commercial,0,539.7333333333333,555.665
C01035,4,123.46,114.02,77.39,46.07,222.12,0.804,0.96,3,30,Semi-Urban,Residential,0,119.8,119.8
C01337,6,252.54,220.97,143.99,108.54,231.72,1.664,0.91,5,30,Urban,Residential,0,221.89333333333335,209.17399999999998
C00917,6,317.01,327.86,213.96,103.05,233.32,2.052,0.92,16,29,Urban,Residential,0,331.74666666666667,307.916
C01000,6,711.36,962.76,514.74,196.63,227.5,4.487,0.968,2,29,Urban,Commercial,0,814.9133333333334,748.442
C00172,5,333.1,273.38,213.18,119.92,233.62,2.009,0.986,3,30,Urban,Residential,0,246.00333333333333,251.8075
C00854,2,211.15,179.11,134.07,77.08,229.02,1.416,0.904,8,30,Urban,Residential,0,179.11,179.11
C00709,1,272.03,,195.87,76.16,223.5,1.799,0.939,6,30,Urban,Residential,0,,
C00833,3,1053.75,890.62,637.86,415.89,227.61,6.536,0.984,15,29,Semi-Urban,Commercial,0,979.2550000000001,979.2550000000001
C01293,1,257.71,,157.83,99.88,229.45,1.805,0.864,12,30,Semi-Urban,Residential,0,,
C00293,4,287.7,251.71,211.42,76.29,230.71,1.76,0.984,14,30,Urban,Residential,0,206.36,206.36
C00463,6,223.82,217.64,167.22,56.61,231.43,1.44,0.933,10,30,Semi-Urban,Residential,0,205.11333333333332,199.51799999999997
C00039,4,3242.56,2579.07,2113.08,1129.47,241.5,19.364,0.963,6,29,Semi-Urban,Industrial,0,2392.83,2392.83
C01032,2,853.57,994.38,523.24,330.33,228.67,6.043,0.858,5,30,Urban,Commercial,0,994.38,994.38
C01492,2,165.24,162.58,120.04,45.2,221.85,1.075,0.962,3,28,Urban,Residential,0,162.58,162.58
C01097,2,250.09,247.14,184.89,65.2,226.34,1.688,0.909,8,28,Urban,Residential,0,247.14,247.14
C01127,1,267.73,,153.29,114.44,232.52,1.88,0.851,16,29,Urban,Residential,0,,
C01370,6,306.27,272.97,221.75,84.52,224.27,2.288,0.829,17,28,Urban,Residential,0,245.88000000000002,234.65
C00416,6,231.91,177.59,170.03,61.88,223.06,1.549,0.932,8,30,Rural,Residential,0,205.1833333333333,190.56
C00387,2,530.57,524.37,328.97,201.6,232.55,3.33,0.952,10,30,Urban,Commercial,0,524.37,524.37
C00684,3,376.84,261.86,245.24,131.6,228.53,2.564,0.893,17,30,Urban,Residential,0,288.92,288.92
C00253,4,275.97,290.03,183.11,92.86,229.2,1.71,0.978,4,30,Semi-Urban,Residential,0,293.18333333333334,293.18333333333334
C00037,1,172.07,,111.02,61.05,235.84,1.144,0.885,16,29,Urban,Residential,0,,
C01362,3,208.4,172.46,116.93,91.47,232.04,1.488,0.838,6,29,Urban,Residential,0,176.38,176.38
C00378,2,562.07,546.33,323.54,238.52,229.68,4.32,0.787,12,30,Urban,Commercial,0,546.33,546.33
C00546,5,333.04,325.0,186.03,147.01,231.45,2.22,0.9,9,30,Rural,Residential,0,292.1933333333333,286.5475
C01403,6,244.94,240.32,138.77,106.17,235.88,1.698,0.85,4,30,Urban,Residential,0,228.87333333333333,220.968
C00552,4,314.23,241.97,183.31,130.92,235.7,2.02,0.917,18,29,Rural,Residential,0,218.74333333333334,218.74333333333334
C00149,6,2089.39,2054.95,1563.95,525.44,237.54,13.509,0.904,13,30,Rural,Industrial,0,2061.0733333333333,1972.1439999999998
C00493,6,386.25,426.43,281.5,104.75,231.17,2.42,0.959,1,28,Urban,Residential,0,366.53999999999996,335.02799999999996
C00309,3,274.69,534.97,202.38,72.31,221.69,1.945,0.885,4,30,Urban,Commercial,0,496.045,496.045
C00970,4,72.46,211.75,40.36,32.1,233.26,0.487,0.887,3,28,Rural,Residential,0,186.20000000000002,186.20000000000002
C01154,6,357.44,330.0,260.04,97.4,240.38,2.144,0.963,6,30,Rural,Residential,0,298.78000000000003,276.598
C00055,1,114.94,,67.42,47.52,232.75,0.757,0.906,0,29,Urban,Residential,0,,
C00203,4,308.4,345.82,188.41,119.99,233.73,2.013,0.91,13,30,Urban,Residential,0,302.2633333333333,302.2633333333333
C00932,4,343.78,357.69,221.47,122.31,236.91,2.232,0.903,17,30,Semi-Urban,Residential,0,325.4266666666667,325.4266666666667
C00836,2,292.66,287.97,163.17,129.49,233.87,1.882,0.924,11,29,Urban,Residential,0,287.97,287.97
C00189,2,242.68,260.53,176.03,66.65,216.8,1.677,0.927,18,28,Semi-Urban,Residential,0,260.53,260.53
C00888,3,241.19,190.68,149.25,91.93,222.34,1.816,0.83,19,29,Urban,Residential,0,186.72,186.72
C00495,5,204.29,205.4,152.08,52.2,230.84,1.323,0.929,13,30,Rural,Residential,0,185.4466666666667,177.665
C00650,5,423.14,343.21,264.02,159.12,225.82,2.922,0.891,10,28,Rural,Residential,0,291.56,281.88
C00035,5,377.3,400.4,252.36,124.94,227.94,2.467,0.932,10,30,Semi-Urban,Residential,0,360.50333333333333,330.315
C01048,1,504.6,,291.06,213.54,223.66,3.33,0.941,5,30,Semi-Urban,Commercial,0,,
C00134,1,823.56,,516.14,307.42,233.23,5.334,0.92,11,29,Semi-Urban,Commercial,0,,
C01371,4,927.02,814.65,627.4,299.62,230.88,5.751,0.97,4,30,Urban,Commercial,0,757.0099999999999,757.0099999999999
C00123,3,274.19,221.62,167.74,106.44,230.63,1.832,0.901,10,29,Urban,Residential,0,207.245,207.245
C01145,2,448.28,401.35,319.49,128.79,235.1,2.822,0.938,14,30,Semi-Urban,Commercial,0,401.35,401.35
C01051,2,368.32,886.12,211.84,156.47,227.81,2.368,0.948,11,29,Semi-Urban,Commercial,0,886.12,886.12
C00196,5,292.73,297.99,215.6,77.13,223.66,2.073,0.877,10,29,Semi-Urban,Residential,0,248.15666666666667,239.245
C00841,2,618.55,620.56,407.01,211.54,235.33,3.866,0.944,19,29,Rural,Commercial,0,620.56,620.56
C00998,1,172.49,,126.64,45.85,225.43,1.222,0.869,0,28,Urban,Residential,0,,
C00306,2,585.81,588.46,346.24,239.57,238.35,3.448,0.99,11,30,Semi-Urban,Commercial,0,588.46,588.46
C01081,2,122.52,120.43,71.13,51.38,238.93,,0.877,2,30,Urban,Residential,0,120.43,120.43
C00527,6,334.7,299.72,200.78,133.91,231.55,2.229,0.901,7,28,Semi-Urban,Residential,0,321.58666666666664,292.448
C01499,6,274.46,338.93,171.04,103.43,223.8,1.853,0.919,16,30,Semi-Urban,Residential,0,347.07,308.636
C00793,4,1275.62,1023.36,837.79,437.83,238.47,7.608,0.977,9,30,Urban,Commercial,0,949.61,949.61
C00034,1,186.99,,105.09,81.9,228.7,,0.989,2,30,Semi-Urban,Residential,0,,
C00658,4,637.02,577.0,472.02,165.0,218.01,4.269,0.951,14,30,Rural,Commercial,0,543.6133333333333,543.6133333333333
C00771,3,299.49,275.84,177.23,122.26,221.21,2.214,0.849,3,30,Urban,Residential,0,299.995,299.995
C00183,6,322.26,457.08,237.13,85.12,235.02,2.098,0.908,1,29,Urban,Residential,0,450.73,403.95
C00092,3,253.84,308.9,175.19,78.65,235.37,1.696,0.883,16,30,Rural,Residential,0,309.595,309.595
C01200,2,159.91,130.38,110.1,49.81,237.92,1.013,0.922,18,30,Semi-Urban,Residential,0,130.38,130.38
C01266,2,285.57,311.86,182.16,103.41,235.96,1.794,0.937,18,30,Semi-Urban,Residential,0,311.86,311.86
C00555,5,198.76,202.6,119.56,79.2,227.87,1.299,0.932,11,30,Urban,Residential,0,198.01,188.515
C00447,3,1391.42,1644.98,985.59,405.83,233.31,8.645,0.958,9,30,Rural,Industrial,0,1399.24,1399.24
C00386,5,178.51,214.55,103.91,74.59,236.51,1.166,0.899,11,30,Urban,Residential,0,187.7266666666667,180.95000000000002
C01152,4,160.94,146.42,99.86,61.08,234.79,1.068,0.892,8,28,Rural,Residential,0,133.54333333333332,133.54333333333332
C00933,2,326.82,283.74,204.66,122.17,221.68,2.214,0.925,11,29,Semi-Urban,Residential,0,283.74,283.74
C00804,1,223.23,,161.14,62.09,237.56,1.384,0.943,18,29,Urban,Residential,0,,
C00426,5,386.44,410.68,250.01,136.42,229.92,2.662,0.877,10,29,Rural,Residential,0,337.1,320.2125
C01111,2,337.33,340.23,242.19,95.14,230.06,2.278,0.894,17,30,Urban,Residential,0,340.23,340.23
C01064,4,754.11,718.39,416.11,338.01,231.3,4.869,0.93,1,29,Urban,Commercial,0,650.3133333333334,650.3133333333334
C00103,5,201.67,185.53,123.4,78.27,228.74,1.271,0.964,8,30,Semi-Urban,Residential,0,171.92666666666665,172.0125
C00187,3,443.77,345.21,294.0,149.77,230.6,2.962,0.902,17,29,Rural,Commercial,0,375.17499999999995,375.17499999999995
C00157,2,749.12,732.04,524.49,224.64,234.53,4.851,0.915,15,29,Rural,Commercial,0,732.04,732.04
C00104,5,183.78,179.48,122.5,61.29,232.83,1.176,0.932,10,28,Semi-Urban,Residential,0,163.3733333333333,160.4275
C01131,5,118.43,143.12,71.28,47.14,219.23,0.808,0.929,9,29,Rural,Residential,0,134.69333333333336,126.89500000000001
C00726,3,315.96,266.28,190.26,125.7,223.84,1.98,0.99,9,30,Urban,Residential,0,256.62,256.62
C01327,2,119.35,103.94,79.76,39.6,222.57,0.807,0.923,8,30,Urban,Residential,0,103.94,103.94
C00676,6,291.51,280.01,167.95,123.56,232.1,1.775,0.983,11,29,Urban,Residential,0,282.83666666666664,257.026
C00576,6,1002.04,1128.67,646.79,355.25,,7.156,0.869,9,30,Urban,Commercial,0,1072.96,972.85
C01405,6,213.76,208.41,145.01,68.75,231.33,1.405,0.914,18,29,Semi-Urban,Residential,0,206.62333333333333,188.498
C00983,3,1407.6,1357.64,1039.7,367.9,230.31,9.302,0.913,7,28,Semi-Urban,Industrial,0,1398.0100000000002,1398.0100000000002
C00805,2,156.64,139.01,111.13,45.5,239.23,0.955,0.952,2,30,Urban,Residential,0,139.01,139.01
C00772,4,221.78,168.57,141.25,80.54,223.34,1.533,0.9,7,29,Rural,Residential,0,160.92666666666665,160.92666666666665
C00367,6,1069.47,1138.97,800.2,269.27,234.38,6.707,0.945,12,28,Semi-Urban,Commercial,0,839.43,789.0780000000001
C00194,3,122.69,127.24,69.18,53.5,237.5,0.808,0.888,2,30,Urban,Residential,0,120.245,120.245
C01208,1,253.95,,173.52,80.43,221.53,1.695,0.939,14,29,Rural,Residential,0,,
C01461,4,183.08,189.24,124.59,58.49,229.06,1.185,0.937,12,29,Rural,Residential,0,155.30666666666667,155.30666666666667
C01434,5,179.58,211.27,98.89,80.69,233.23,,0.933,3,29,Semi-Urban,Residential,0,160.66333333333333,159.625
C01418,5,1035.33,942.95,680.96,354.37,228.45,6.744,0.933,1,30,Urban,Commercial,0,838.3433333333334,832.63
C00080,5,365.39,270.6,239.79,125.6,237.32,2.383,0.898,19,30,Semi-Urban,Residential,0,240.82333333333335,244.6375
C00226,3,220.7,173.29,125.31,95.39,,1.37,0.953,11,30,Semi-Urban,Residential,0,200.29500000000002,200.29500000000002
C00488,5,368.92,324.3,219.53,149.39,226.07,2.561,0.885,8,30,Urban,Residential,0,292.82666666666665,280.3725
C01025,6,2766.96,2580.64,1995.66,771.29,229.59,18.244,0.917,0,28,Urban,Industrial,0,2421.9166666666665,2297.376
C01184,3,469.86,502.02,279.89,189.96,230.94,3.207,0.881,9,30,Urban,Commercial,0,425.9,425.9
C01158,6,219.13,184.61,138.83,80.3,228.04,1.484,0.9,15,30,Semi-Urban,Residential,0,189.78,174.83800000000002
C00694,5,356.67,364.0,233.85,122.81,229.7,2.29,0.942,11,29,Semi-Urban,Residential,0,324.65000000000003,317.205
C00173,2,141.75,146.73,105.91,35.84,226.47,0.96,0.906,11,29,Urban,Residential,0,146.73,146.73
C00896,2,248.76,228.98,185.09,63.68,237.92,1.594,0.911,18,28,Urban,Residential,0,228.98,228.98
C00672,6,187.36,140.3,124.03,63.33,222.62,1.291,0.906,17,30,Semi-Urban,Residential,0,105.60333333333334,127.65799999999999
C01225,4,492.38,525.16,344.76,147.61,224.93,3.608,0.843,17,28,Urban,Commercial,0,447.9066666666667,447.9066666666667
C00572,4,397.76,301.66,260.23,137.53,234.35,2.518,0.936,1,30,Semi-Urban,Residential,0,316.65000000000003,316.65000000000003
C00531,3,1186.5,989.21,715.28,471.22,230.11,7.859,0.911,12,29,Urban,Commercial,0,969.1,969.1
C01305,1,408.9,,240.0,168.9,227.6,2.797,0.892,13,28,Urban,Commercial,0,,
C00757,2,201.37,217.69,150.53,50.84,225.95,1.362,0.909,4,28,Urban,Residential,0,217.69,217.69
C00554,3,671.27,586.58,459.15,212.12,233.83,4.339,0.919,4,30,Urban,Commercial,0,627.71,627.71
C00586,5,319.15,307.0,206.21,112.94,230.75,1.966,0.977,4,30,Rural,Residential,0,271.9766666666667,262.1825
C00238,4,93.3,261.06,62.82,30.47,226.49,0.651,0.879,10,30,Rural,Residential,0,221.26,221.26
C00653,3,132.82,90.16,78.99,53.84,225.37,0.876,0.935,8,30,Semi-Urban,Residential,0,99.34,99.34
C00312,6,217.15,200.21,144.89,72.26,233.8,1.452,0.888,13,30,Semi-Urban,Residential,0,207.41,193.382
C00669,3,163.52,195.91,120.22,43.3,228.56,1.026,0.969,11,30,Urban,Residential,0,175.235,175.235
C01447,3,3354.78,2314.25,1992.98,1361.8,231.34,22.194,0.907,15,29,Semi-Urban,Industrial,0,2488.09,2488.09
C00906,2,160.91,158.77,89.67,71.25,223.9,1.032,0.967,11,28,Urban,Residential,0,158.77,158.77
C00088,6,163.44,136.22,107.01,56.43,236.87,1.117,0.858,16,29,Urban,Residential,0,137.98666666666665,132.3
C01337,3,196.83,176.76,131.48,65.35,235.34,1.232,0.943,5,30,Urban,Residential,0,190.095,190.095
C00694,2,300.03,294.87,207.74,92.29,235.37,2.029,0.873,11,30,Semi-Urban,Residential,0,294.87,294.87
C00551,6,438.43,410.33,248.23,190.2,235.35,2.9,0.892,8,28,Rural,Residential,0,371.46999999999997,329.492
C00037,5,232.75,252.68,162.34,70.41,224.04,1.564,0.923,16,30,Urban,Residential,0,198.07666666666668,191.575
C01383,6,142.55,180.16,82.75,59.8,229.87,0.908,0.948,2,29,Urban,Residential,0,156.21333333333334,145.83599999999998
C01065,6,368.66,357.39,265.0,103.65,227.14,2.422,0.931,19,28,Urban,Residential,0,330.07666666666665,309.57
C00622,3,274.49,301.48,162.29,112.2,238.09,2.034,0.787,10,30,Urban,Residential,0,299.4,299.4
C00442,2,336.94,325.65,204.42,132.52,239.18,2.045,0.957,15,30,Urban,Residential,0,325.65,325.65
C00483,3,3237.48,3078.67,2000.77,1236.71,239.46,20.147,0.932,2,28,Urban,Industrial,0,2731.16,2731.16
C00453,5,413.21,343.28,276.01,137.19,228.42,2.844,0.883,16,30,Rural,Residential,0,310.1366666666666,307.025
C01407,4,1220.43,1012.74,789.2,431.23,226.57,8.389,0.892,4,30,Semi-Urban,Commercial,0,937.06,937.06
C00831,4,350.76,307.82,196.7,154.07,225.24,2.319,0.933,1,29,Urban,Residential,0,289.5,289.5
C00677,1,182.12,,130.69,51.43,229.24,1.202,0.918,7,30,Urban,Residential,0,,
C00953,1,196.59,,108.84,87.75,227.64,1.326,0.905,13,29,Urban,Residential,0,,
C00908,6,306.88,261.09,173.52,133.36,230.35,2.104,0.879,7,28,Semi-Urban,Residential,0,295.02,276.692
C00399,4,1009.87,1028.57,604.37,405.5,225.68,7.28,0.854,7,30,Urban,Commercial,0,938.1733333333333,938.1733333333333
C01071,4,333.88,276.19,196.65,137.23,241.01,1.981,0.971,18,30,Urban,Residential,0,261.1466666666667,261.1466666666667
C01021,6,1335.34,1168.3,820.01,515.34,232.17,8.882,0.899,6,30,Urban,Commercial,0,1117.0,1039.788
C00331,4,648.76,642.72,427.58,221.19,237.72,4.443,0.853,8,29,Urban,Commercial,0,578.3366666666667,578.3366666666667
C01122,5,345.99,301.94,223.75,122.24,231.84,2.193,0.945,0,30,Rural,Residential,0,275.55333333333334,273.6675
C00260,1,226.88,,155.03,71.86,230.7,1.469,0.93,8,30,Semi-Urban,Residential,0,,
C01369,6,261.79,274.59,160.38,101.41,225.05,1.67,0.967,9,30,Semi-Urban,Residential,0,261.51666666666665,245.498
C00517,3,1292.07,3027.92,786.35,505.72,233.4,7.766,0.99,9,29,Semi-Urban,Industrial,0,3004.25,3004.25
C00686,4,1056.87,792.34,635.35,421.52,230.08,7.057,0.904,18,28,Urban,Commercial,0,812.93,812.93
C01292,4,147.45,140.94,101.8,45.65,233.3,0.928,0.946,13,30,Urban,Residential,0,117.33,117.33
C01139,3,3040.86,2738.85,1677.95,1362.91,227.59,22.866,0.812,15,28,Semi-Urban,Industrial,0,3037.185,3037.185
C00280,4,437.75,350.03,317.03,120.72,228.21,2.853,0.934,14,29,Rural,Residential,0,326.33666666666664,326.33666666666664
C01025,1,1975.58,,1307.23,668.35,234.41,,0.909,0,30,Urban,Industrial,0,,
C01221,3,1131.0,1019.01,702.19,428.8,227.21,7.528,0.918,3,29,Semi-Urban,Commercial,0,957.9649999999999,957.9649999999999
C00151,2,356.18,325.67,241.9,114.28,231.51,2.182,0.979,13,28,Rural,Residential,0,325.67,325.67
C00966,1,120.3,,70.78,49.52,234.88,0.776,0.917,11,29,Urban,Residential,0,,
C00383,5,345.07,349.87,251.31,93.75,226.2,,0.955,1,28,Semi-Urban,Residential,0,321.5866666666667,311.71000000000004
C00895,2,227.75,206.92,126.3,101.45,228.44,1.615,0.858,4,30,Semi-Urban,Residential,0,206.92,206.92
C00050,3,1060.55,932.11,711.79,348.76,235.55,7.166,0.873,7,29,Rural,Commercial,0,1055.575,1055.575
C01282,6,248.18,229.66,148.24,99.93,226.9,1.55,0.98,5,30,Urban,Residential,0,233.1966666666667,221.456
C00010,4,179.21,164.51,107.66,71.55,226.38,1.301,0.845,9,29,Urban,Residential,0,146.42333333333332,146.42333333333332
C01441,4,360.6,261.12,251.22,109.38,232.98,2.297,0.936,6,29,Urban,Residential,0,272.06666666666666,272.06666666666666
C00515,2,152.07,193.57,112.49,39.57,236.07,0.968,0.924,8,30,Semi-Urban,Residential,0,193.57,193.57
C01401,4,178.71,159.85,103.16,75.55,226.1,1.157,0.949,17,28,Semi-Urban,Residential,0,142.45,142.45
C01204,3,237.17,210.69,164.74,72.43,233.8,1.454,0.969,16,28,Urban,Residential,0,226.74,226.74
C00692,2,148.74,120.16,90.53,58.21,236.4,1.126,0.776,9,30,Semi-Urban,Residential,0,120.16,120.16
C00908,5,261.09,376.56,189.18,71.91,227.06,1.716,0.931,7,28,Semi-Urban,Residential,0,280.27,280.5925
C00442,3,326.83,336.94,225.19,101.64,239.28,2.034,0.933,15,29,Urban,Residential,0,331.29499999999996,331.29499999999996
C01036,6,1415.04,625.99,930.53,484.5,229.08,9.27,0.926,15,30,Urban,Commercial,0,1096.03,1061.014
C00050,2,932.11,1179.04,631.39,300.72,230.25,6.155,0.914,7,29,Rural,Commercial,0,1179.04,1179.04
C00431,1,273.27,,156.48,116.79,236.39,1.845,0.87,14,30,Urban,Residential,0,,
C00803,3,180.2,159.08,133.02,47.18,244.74,1.187,0.861,2,29,Urban,Residential,0,157.815,157.815
C00855,6,215.3,232.47,133.05,82.24,232.6,1.609,0.799,10,29,Rural,Residential,0,220.90666666666667,196.074
C00109,1,261.99,,167.34,94.65,238.93,1.634,0.932,18,30,Urban,Residential,0,,
C00229,3,216.29,227.13,121.42,94.87,227.43,1.385,0.953,8,28,Urban,Residential,0,218.19,218.19
C00947,4,338.02,275.23,240.76,97.26,239.2,2.262,0.868,5,29,Rural,Residential,0,272.2,272.2
C01300,1,1064.13,,643.32,420.81,235.71,6.741,0.93,19,29,Urban,Commercial,0,,
C00943,3,5228.21,4437.28,3102.6,2125.61,229.54,33.379,0.948,7,30,Urban,Industrial,0,4384.585,4384.585
C01134,5,293.96,306.69,209.79,84.17,231.06,1.935,0.913,18,29,Semi-Urban,Residential,0,277.5133333333333,267.53499999999997
C00687,4,347.83,352.31,220.28,127.55,231.81,2.328,0.895,17,30,Urban,Residential,0,273.0566666666667,273.0566666666667
C00114,4,322.12,285.02,206.48,115.63,220.98,2.155,0.939,14,28,Semi-Urban,Residential,0,307.26666666666665,307.26666666666665
C00073,3,86.39,134.96,48.47,37.92,229.52,0.601,0.869,8,30,Semi-Urban,Residential,0,166.44,166.44
C01044,3,1034.39,1020.44,589.74,444.66,236.06,6.629,0.918,1,30,Urban,Commercial,0,973.96,973.96
C00825,6,4438.89,4538.03,3019.31,1419.58,233.51,27.61,0.956,15,30,Rural,Industrial,0,4528.373333333333,4100.18
C00249,2,199.69,185.61,134.56,65.13,230.46,1.332,0.904,2,30,Urban,Residential,0,185.61,185.61
C00136,3,121.08,137.88,69.44,51.64,225.77,0.778,0.957,16,29,Urban,Residential,1,143.635,143.635
C00314,5,1262.82,1179.72,784.52,478.3,230.65,8.765,0.868,3,28,Semi-Urban,Commercial,0,1036.7566666666667,1027.8975
C00442,6,366.13,404.46,223.13,143.0,233.76,2.249,0.967,15,28,Urban,Residential,0,356.0466666666667,346.146
C00737,5,313.43,279.51,184.86,128.57,227.77,2.151,0.888,11,30,Rural,Residential,0,242.67333333333332,234.4675
C00324,3,250.61,172.38,155.31,95.3,224.94,1.758,0.88,9,29,Urban,Residential,0,187.885,187.885
C00965,2,121.13,155.5,79.48,41.65,228.91,0.766,0.959,17,30,Rural,Residential,0,155.5,155.5
C00566,6,355.73,337.4,222.32,133.41,228.3,2.257,0.959,11,30,Urban,Residential,0,328.43333333333334,320.86199999999997
C01145,3,473.91,448.28,324.56,149.35,234.48,2.972,0.944,14,28,Semi-Urban,Commercial,0,424.815,424.815
C00197,6,205.12,61.73,89.77,115.34,228.83,3.055,0.408,11,25,Urban,Residential,1,184.76999999999998,208.8
C00230,2,224.73,254.04,167.24,57.49,235.33,1.558,0.852,2,30,Urban,Residential,0,254.04,254.04
C01159,4,283.38,200.29,173.68,109.7,236.85,1.786,0.93,7,30,Urban,Residential,0,207.92333333333332,207.92333333333332
C00557,2,215.18,286.5,129.84,85.34,223.74,1.388,0.962,10,30,Semi-Urban,Residential,0,286.5,286.5
C00105,3,205.22,147.19,152.78,52.43,225.68,1.375,0.919,3,30,Urban,Residential,0,159.70999999999998,159.70999999999998
C00523,2,144.46,137.29,96.28,48.18,,0.976,0.91,5,30,Urban,Residential,0,137.29,137.29
C00279,2,901.61,740.17,505.97,395.63,231.55,6.129,0.882,13,30,Urban,Commercial,0,740.17,740.17
C00353,1,729.94,,507.85,222.09,239.08,4.354,0.974,9,30,Urban,Commercial,0,,
C00960,3,129.95,127.63,95.59,34.36,229.15,0.852,0.924,7,29,Rural,Residential,0,125.945,125.945
C00528,4,226.57,200.51,155.15,71.42,237.18,1.498,0.886,5,30,Urban,Residential,0,169.88666666666666,169.88666666666666
C00886,4,826.83,751.46,506.0,320.83,230.68,5.029,0.99,10,30,Urban,Commercial,0,719.1033333333334,719.1033333333334
C00015,1,134.95,,93.73,41.22,229.96,0.869,0.938,18,30,Rural,Residential,0,,
C00946,4,151.18,145.1,102.82,48.36,223.34,1.079,0.872,0,29,Semi-Urban,Residential,0,130.31666666666666,130.31666666666666
C01151,3,48.16,128.66,33.59,14.58,221.12,0.318,0.951,14,28,Urban,Residential,0,132.75,132.75
C00381,4,1025.99,1115.46,701.85,324.14,237.8,,0.937,18,29,Urban,Commercial,0,957.3833333333333,957.3833333333333
C00975,5,241.82,285.65,162.02,79.8,221.05,1.619,0.938,6,29,Rural,Residential,0,236.85666666666665,225.85999999999999
C01384,1,167.81,,117.46,50.35,239.8,1.168,0.832,9,29,Semi-Urban,Residential,0,,
C00070,5,996.34,1070.18,718.98,277.36,232.23,6.178,0.964,1,30,Semi-Urban,Commercial,0,921.9633333333335,886.9300000000001
C01340,1,4044.06,,2507.48,1536.58,230.42,28.253,0.863,9,28,Rural,Industrial,0,,
C00680,4,1054.39,1083.57,750.72,303.67,224.55,6.893,0.946,12,29,Semi-Urban,Commercial,0,941.4233333333333,941.4233333333333
C00393,6,153.7,129.72,92.21,61.5,233.77,0.939,0.972,3,30,Rural,Residential,0,142.04333333333332,132.398
C01022,1,257.37,,159.01,98.36,230.39,1.722,0.901,7,29,Urban,Residential,0,,
C00228,5,2849.34,2904.66,1726.73,1122.61,221.33,18.422,0.971,1,29,Rural,Industrial,0,2810.7333333333336,2758.4224999999997
C00049,6,1064.12,525.23,680.27,383.84,235.0,7.041,0.893,12,30,Urban,Commercial,0,779.9933333333333,800.012
C01171,1,225.73,,157.22,68.51,235.42,1.445,0.921,12,28,Urban,Residential,0,,
C01425,4,146.87,138.25,98.16,48.71,227.27,0.928,0.967,13,30,Rural,Residential,0,129.76666666666668,129.76666666666668
C00252,1,748.81,,497.83,250.98,228.52,4.814,0.945,3,30,Urban,Commercial,0,,
C01417,1,158.09,,101.39,56.7,231.02,,0.942,3,30,Rural,Residential,0,,
C00999,4,1476.68,1610.08,1044.99,431.68,231.34,9.324,0.951,11,29,Urban,Commercial,0,1206.8533333333332,1206.8533333333332
C00273,3,109.34,140.35,76.18,33.16,235.04,0.988,0.654,5,29,Semi-Urban,Residential,1,156.8,156.8
C01095,3,199.32,236.04,145.2,54.13,233.57,1.313,0.902,11,29,Rural,Residential,1,254.25,254.25
C00674,5,201.04,187.04,143.66,57.38,236.62,1.255,,2,28,Urban,Residential,0,166.88333333333333,164.9725
C00480,1,658.33,,480.61,177.72,229.31,4.368,0.913,9,29,Urban,Commercial,0,,
C01418,1,815.49,,452.95,362.54,230.22,5.261,0.935,1,29,Urban,Commercial,0,,
C00261,4,334.44,289.57,187.65,146.79,221.81,2.204,0.95,14,28,Rural,Residential,0,243.14000000000001,243.14000000000001
C01245,4,134.97,106.74,87.66,47.31,232.91,0.84,0.958,5,30,Urban,Residential,0,106.22333333333331,106.22333333333331
C01164,5,200.79,235.05,129.13,71.65,232.44,1.256,0.956,17,28,Urban,Residential,0,186.95000000000002,182.6825
C00330,6,219.34,244.94,127.54,91.79,240.69,1.482,0.854,2,30,Rural,Residential,0,218.47666666666666,218.192
C00314,6,1166.79,1262.82,735.18,431.61,228.15,7.763,0.915,3,28,Semi-Urban,Commercial,0,1148.9433333333334,1074.882
C00074,1,202.56,,130.03,72.53,225.77,1.356,0.919,9,29,Urban,Residential,0,,
C00579,2,248.71,209.36,186.0,62.71,228.58,1.664,0.908,9,29,Rural,Residential,0,209.36,209.36
C01392,3,149.9,138.55,95.79,54.11,236.63,0.916,0.961,19,29,Semi-Urban,Residential,0,115.32000000000001,115.32000000000001
C01060,5,411.6,333.03,296.22,115.39,233.33,2.537,0.966,18,30,Urban,Residential,0,304.6166666666666,298.53999999999996
C01267,4,357.36,305.58,243.64,113.71,229.77,2.392,0.903,8,29,Rural,Residential,0,283.29,283.29
C00381,1,885.9,,584.31,301.6,235.26,5.915,0.884,18,29,Urban,Commercial,0,,
C01392,6,153.21,155.23,107.13,46.08,230.65,0.95,0.971,19,30,Semi-Urban,Residential,0,144.80666666666664,133.012
C00461,1,1046.36,,714.87,331.49,236.54,7.148,0.86,11,30,Rural,Commercial,0,,
C01283,1,149.03,,99.91,49.12,232.34,0.908,0.982,11,30,Urban,Residential,0,,
C00063,2,120.12,136.45,79.41,40.71,231.94,0.781,0.922,14,28,Semi-Urban,Residential,0,136.45,136.45
C00772,1,170.82,,104.91,65.9,231.55,1.161,0.882,7,30,Rural,Residential,0,,
C00431,6,294.68,370.98,211.38,83.3,222.63,1.944,0.945,14,28,Urban,Residential,0,331.30333333333334,308.412
C01348,3,187.48,178.41,119.6,67.89,234.14,1.18,0.943,8,30,Rural,Residential,0,168.95499999999998,168.95499999999998
C00988,6,853.21,884.16,637.79,215.42,238.43,6.125,0.811,14,30,Semi-Urban,Commercial,0,799.59,774.508
C00934,6,226.93,254.27,168.1,58.83,225.47,1.52,0.92,0,30,Rural,Residential,0,236.66666666666666,214.288
C00722,6,214.31,234.4,119.83,94.48,225.5,1.394,0.947,17,30,Urban,Residential,0,222.60666666666668,202.978
C00298,3,229.73,228.56,158.91,70.82,231.22,1.394,0.99,3,29,Urban,Residential,0,203.765,203.765
C00898,1,221.44,,132.19,89.25,219.56,1.514,0.925,1,28,Semi-Urban,Residential,0,,
C00574,6,192.65,185.09,131.97,60.68,238.07,1.259,0.893,0,28,Urban,Residential,0,172.86333333333334,160.494
C00648,4,616.83,463.43,405.32,211.51,233.12,3.992,0.921,10,30,Urban,Commercial,0,476.0333333333333,476.0333333333333
C00995,4,182.91,185.95,127.16,55.75,227.92,1.233,0.904,3,29,Urban,Residential,0,158.20666666666668,158.20666666666668
C01185,1,162.14,,105.91,56.23,223.51,1.152,0.875,4,30,Rural,Residential,0,,
C00818,2,288.82,252.51,214.06,74.76,232.15,1.975,0.875,3,30,Urban,Residential,0,252.51,252.51
C00481,4,300.09,239.91,187.2,112.89,227.81,2.0,0.915,9,29,Urban,Residential,0,223.37,223.37
C00638,6,399.98,401.74,245.9,154.08,225.6,2.654,0.928,14,30,Urban,Residential,0,368.2833333333333,342.43199999999996
C01257,3,3556.2,3601.74,2442.45,1113.75,225.64,23.642,0.926,11,30,Rural,Industrial,0,3160.045,3160.045
C00888,4,280.72,241.19,180.29,100.43,228.16,1.963,0.871,19,29,Urban,Residential,0,204.87666666666667,204.87666666666667
C00770,5,693.66,666.03,382.21,311.45,232.12,4.422,0.939,18,29,Urban,Commercial,0,431.83,458.0725
C00698,4,157.06,128.23,106.28,50.78,226.33,1.081,0.892,11,30,Semi-Urban,Residential,0,127.85666666666667,127.85666666666667
C00691,1,158.57,,110.51,48.07,229.27,1.023,0.939,4,29,Urban,Residential,0,,
C01273,6,327.6,350.74,185.81,141.79,228.1,2.147,0.929,10,30,Semi-Urban,Residential,0,319.6333333333334,291.206
C00890,3,167.3,128.25,124.54,42.75,237.06,1.039,0.944,0,28,Rural,Residential,0,136.20999999999998,136.20999999999998
C00257,6,380.43,342.35,239.98,140.45,237.58,2.476,0.898,0,30,Semi-Urban,Residential,0,313.27,281.356
C01347,2,281.76,248.14,158.21,123.54,232.27,1.84,0.916,5,28,Urban,Residential,0,248.14,248.14
C00054,5,3186.28,3505.27,2112.49,1073.79,229.15,20.856,0.926,16,30,Semi-Urban,Industrial,0,2889.4033333333336,2821.1825
C00339,4,257.47,356.34,66.4,191.06,239.73,1.68,0.888,1,28,Urban,Residential,1,258.83666666666664,258.83666666666664
C00166,4,197.5,178.36,137.45,60.05,231.98,1.277,0.926,14,28,Semi-Urban,Residential,0,167.43,167.43
C01256,2,153.59,179.67,98.36,55.23,229.66,0.941,0.988,14,29,Urban,Residential,0,179.67,179.67
C01272,6,333.55,292.52,219.31,114.24,228.3,2.301,0.882,18,30,Rural,Residential,0,304.5833333333333,281.328
C01397,3,120.64,101.18,74.27,46.36,232.98,0.826,0.87,14,30,Urban,Residential,0,114.23500000000001,114.23500000000001
C01071,3,276.19,252.6,185.31,90.88,231.78,1.792,0.923,18,29,Urban,Residential,0,253.625,253.625
C01066,6,202.25,184.06,145.4,56.85,232.19,1.252,0.967,14,29,Semi-Urban,Residential,0,176.96,165.732
C00365,1,128.02,,92.93,35.1,225.05,0.894,0.883,1,28,Semi-Urban,Residential,0,,
C00019,3,177.24,168.45,126.08,51.16,230.07,1.16,0.922,6,30,Urban,Residential,0,162.875,162.875
C00680,3,1083.57,847.17,794.83,288.74,234.78,6.773,0.946,12,29,Semi-Urban,Commercial,0,870.3499999999999,870.3499999999999
C01156,4,190.4,152.96,134.44,55.96,233.35,1.201,0.943,7,30,Urban,Residential,0,160.06,160.06
C00180,6,163.79,167.28,90.61,73.18,221.92,1.23,0.833,2,28,Semi-Urban,Residential,0,160.50333333333333,151.856
C00372,1,471.33,,300.01,171.32,232.46,3.023,0.932,8,28,Urban,Commercial,0,,
C00589,1,213.04,,122.16,90.88,224.38,1.456,0.906,3,30,Urban,Residential,0,,
C01376,3,360.03,298.8,266.29,93.74,233.73,2.383,0.898,16,29,Rural,Residential,0,300.635,300.635
C00451,6,230.23,228.14,146.29,83.93,232.11,1.512,0.911,17,30,Urban,Residential,0,237.36666666666665,231.91199999999998
C01424,4,433.42,193.08,317.58,115.84,225.38,3.12,0.856,12,30,Urban,Residential,0,240.07666666666668,240.07666666666668
C00483,6,3960.58,3556.96,2544.4,1416.18,225.81,26.156,0.931,2,30,Urban,Industrial,0,3600.1333333333337,3252.5440000000003
C00195,1,276.75,,203.03,73.72,228.87,1.802,0.932,4,30,Semi-Urban,Residential,0,,
C01392,4,129.29,149.9,96.19,33.1,230.44,0.826,0.943,19,30,Semi-Urban,Residential,0,126.84666666666668,126.84666666666668
C00242,5,394.6,430.56,261.25,133.34,225.95,2.759,0.879,7,29,Urban,Residential,0,392.95666666666665,376.32
C01255,5,365.12,438.2,203.5,161.62,230.39,2.325,,9,28,Rural,Residential,0,359.40333333333336,342.3575
C01094,5,912.56,1154.84,588.72,323.84,231.98,5.868,0.931,19,29,Urban,Commercial,0,945.8466666666667,946.75
C00865,1,657.08,,427.7,229.38,229.91,4.71,0.843,7,30,Urban,Commercial,0,,
C00932,5,386.84,343.78,270.74,116.1,233.05,2.404,0.959,17,30,Semi-Urban,Residential,0,338.57,330.015
C00816,1,218.33,,127.33,91.0,230.15,1.404,0.939,4,30,Urban,Residential,0,,
C00856,1,254.51,,145.63,108.88,229.3,1.767,0.872,2,30,Urban,Residential,0,,
C01098,3,145.63,105.84,89.69,55.95,225.8,0.954,0.939,9,28,Urban,Residential,0,110.385,110.385
C00618,3,4781.24,4235.05,3106.74,1674.5,232.76,30.249,0.943,17,29,Urban,Industrial,0,4374.889999999999,4374.889999999999
C00928,5,218.69,249.79,129.27,89.42,235.42,1.459,0.884,1,29,Urban,Residential,0,214.53666666666666,210.0925
C00921,4,180.81,149.8,129.13,51.68,224.99,1.196,0.933,6,30,Urban,Residential,0,137.14,137.14
C00478,4,4801.8,1238.31,2709.39,2092.41,227.83,33.682,0.869,1,29,Semi-Urban,Industrial,0,2876.476666666667,2876.476666666667
C01350,6,398.25,378.3,231.69,166.56,238.28,2.67,0.869,19,30,Urban,Residential,0,331.34,302.78200000000004
C00883,3,5013.0,4343.01,3017.15,1995.85,228.63,36.338,0.838,19,29,Urban,Industrial,0,4487.0650000000005,4487.0650000000005
C00253,3,290.03,282.11,207.45,82.59,231.28,1.993,0.874,4,28,Semi-Urban,Residential,0,294.76,294.76
C00386,4,214.55,180.55,151.29,63.25,234.44,1.361,0.934,11,30,Urban,Residential,0,169.75,169.75
C01379,1,282.6,,206.8,75.8,236.56,1.965,0.844,0,30,Rural,Residential,0,,
C00242,6,392.55,394.6,242.36,150.19,229.99,2.702,0.877,7,29,Urban,Residential,0,411.41,379.976
C00337,5,343.37,330.54,237.88,105.49,228.29,2.207,0.947,7,30,Rural,Residential,0,276.58,270.1425
C00578,3,378.06,268.45,242.48,135.58,228.33,2.562,0.898,1,30,Rural,Residential,0,305.515,305.515
C00775,6,519.2,598.51,308.54,210.66,235.28,3.298,0.929,3,29,Urban,Commercial,0,523.5666666666667,491.09400000000005
C00687,6,303.17,319.56,224.53,78.64,222.49,1.983,,17,30,Urban,Residential,0,339.90000000000003,297.312
C01448,2,132.35,117.11,93.74,38.61,230.79,0.846,0.941,9,29,Semi-Urban,Residential,0,117.11,117.11
C00140,5,166.71,162.87,109.55,57.17,226.6,1.11,0.921,17,30,Rural,Residential,0,133.06333333333333,128.55
C01495,4,161.44,146.39,105.29,56.15,229.27,1.083,0.903,13,28,Semi-Urban,Residential,0,133.55666666666664,133.55666666666664
C00396,5,372.72,383.41,273.27,99.45,232.17,2.577,0.865,9,30,Urban,Residential,0,352.9466666666667,338.655
C00730,1,126.48,,76.23,50.24,222.08,0.888,0.891,0,30,Urban,Residential,0,,
C00493,3,337.79,278.49,244.81,92.98,230.42,2.254,0.903,1,29,Urban,Residential,0,287.76,287.76
C01309,1,100.57,,66.68,33.9,229.36,0.65,0.937,17,30,Rural,Residential,0,,
C01196,4,757.99,896.18,453.12,304.87,229.3,4.866,0.944,16,29,Urban,Commercial,0,843.7199999999999,843.7199999999999
C00942,2,1355.47,1972.0,776.87,578.6,227.42,8.904,0.93,7,30,Semi-Urban,Industrial,0,1972.0,1972.0
C01241,5,854.58,892.8,526.24,328.34,234.25,5.354,0.946,15,30,Semi-Urban,Commercial,0,767.71,745.365
C00076,1,332.88,,217.23,115.65,236.86,2.067,0.944,6,30,Urban,Residential,0,,
C01318,5,268.57,333.44,166.56,102.01,226.49,1.712,0.962,12,28,Urban,Residential,0,286.97333333333336,292.62
C00286,5,173.55,184.27,109.65,63.9,226.18,1.111,0.959,7,30,Semi-Urban,Residential,0,177.99666666666667,169.87
C00743,2,110.37,105.47,76.23,34.14,229.02,0.737,0.908,17,30,Urban,Residential,0,105.47,105.47
C00796,6,2081.05,1928.19,1389.55,691.49,232.85,12.69,0.978,8,30,Rural,Industrial,0,2157.4599999999996,2048.998
C00057,4,899.66,863.62,521.26,378.4,231.97,5.516,0.977,7,30,Semi-Urban,Commercial,0,763.2033333333334,763.2033333333334
C01385,6,787.91,804.43,479.21,308.7,233.52,5.254,0.892,12,28,Semi-Urban,Commercial,0,675.15,661.42
C00838,1,209.35,,117.28,92.07,229.72,1.312,0.965,7,30,Semi-Urban,Residential,0,,
C00693,5,638.03,345.51,426.65,211.38,229.51,4.297,0.898,1,25,Semi-Urban,Residential,1,288.2,290.28999999999996
C01239,2,190.32,150.41,107.67,82.65,226.92,1.182,0.985,13,29,Semi-Urban,Residential,0,150.41,150.41
C00446,1,2442.06,,1432.23,1009.83,230.08,15.78,0.934,0,28,Semi-Urban,Industrial,0,,
C00237,4,919.13,797.71,559.45,359.68,237.99,6.044,0.887,12,30,Semi-Urban,Commercial,0,746.5766666666667,746.5766666666667
C00006,5,5377.74,4402.44,3552.34,1825.4,232.09,36.123,0.891,1,29,Urban,Industrial,0,4640.633333333334,4615.8925
C01228,2,307.83,301.71,175.88,131.95,227.02,2.22,0.848,5,30,Urban,Residential,0,301.71,301.71
C00949,1,313.78,,224.95,88.83,221.71,2.095,0.938,13,30,Urban,Residential,0,,
C00823,3,328.3,298.04,197.69,130.61,224.29,2.321,0.876,4,29,Semi-Urban,Residential,0,271.795,271.795
C01012,3,385.78,436.66,237.42,148.36,233.73,2.387,0.96,19,28,Urban,Commercial,1,464.045,464.045
C00236,1,112.75,,75.7,37.05,232.85,0.701,0.96,3,30,Semi-Urban,Residential,0,,
C00564,1,5009.7,,3203.14,1806.56,225.23,34.064,0.907,15,30,Urban,Industrial,0,,
C00362,5,3736.51,2898.39,2168.8,1567.71,227.62,23.03,0.99,17,30,Urban,Industrial,0,3033.4666666666667,2925.1349999999998
C01343,5,582.72,495.79,410.67,172.05,234.07,3.552,0.974,1,28,Semi-Urban,Commercial,0,482.74333333333334,484.1325
C00149,2,1971.05,1706.45,1150.75,820.3,243.81,13.089,0.858,13,29,Rural,Industrial,0,1706.45,1706.45
C01416,5,237.17,254.12,163.12,74.05,232.22,1.664,0.852,6,30,Semi-Urban,Residential,0,214.31999999999996,209.4175
C00523,1,137.29,,78.85,58.44,231.49,0.904,0.911,5,30,Urban,Residential,0,,
C00991,3,45.62,196.58,25.17,20.45,224.22,0.311,0.908,7,28,Urban,Residential,1,185.585,185.585
C00375,1,1473.08,,1049.39,423.7,234.16,8.826,0.99,16,30,Rural,Industrial,0,,
C00726,5,278.59,82.61,88.31,190.27,232.17,1.818,0.916,9,30,Urban,Residential,1,221.61666666666665,227.9525
C00738,2,102.78,124.64,62.9,39.88,237.5,0.673,0.893,18,30,Urban,Residential,0,124.64,124.64
C00593,4,829.68,849.96,518.01,311.67,234.44,5.192,0.947,11,30,Semi-Urban,Commercial,0,802.4566666666666,802.4566666666666
C01426,3,6038.63,3861.0,4207.92,1830.71,226.89,37.339,0.99,17,29,Urban,Industrial,0,4056.4,4056.4
C00959,1,841.7,,579.16,262.54,230.79,5.337,0.949,9,30,Urban,Commercial,0,,
C00073,1,197.92,,139.57,58.35,232.91,1.274,0.926,8,28,Semi-Urban,Residential,0,,
C00276,5,724.99,636.78,483.45,241.54,229.54,4.856,0.903,1,30,Urban,Commercial,0,545.8966666666666,533.7275
C00030,5,202.91,227.89,151.91,51.0,234.01,1.332,0.904,15,30,Urban,Residential,0,194.99,186.8025
C01445,6,174.24,183.57,114.45,59.79,235.66,1.146,0.896,5,30,Semi-Urban,Residential,0,168.20666666666665,157.47199999999998
C01038,3,321.62,307.62,178.47,143.15,229.84,2.027,0.959,3,30,Rural,Residential,0,302.295,302.295
C01234,2,156.52,144.54,99.49,57.03,231.31,1.018,0.923,5,30,Urban,Residential,0,144.54,144.54
C00563,4,216.04,184.64,143.91,72.12,231.12,1.329,0.977,18,30,Semi-Urban,Residential,0,184.95333333333335,184.95333333333335
C00315,3,282.52,252.33,202.24,80.27,238.61,1.733,0.949,12,28,Semi-Urban,Residential,0,251.765,251.765
C00543,5,167.45,177.24,93.01,74.44,236.14,1.138,0.866,3,30,Semi-Urban,Residential,0,163.85333333333335,155.88750000000002
C00298,5,251.18,272.39,155.55,95.63,235.0,1.615,0.919,3,29,Urban,Residential,0,243.55999999999997,227.4125
C01310,3,198.64,173.07,133.71,64.92,227.7,1.331,0.911,16,29,Semi-Urban,Residential,0,157.935,157.935
C01405,4,225.74,185.72,153.3,72.45,237.66,1.333,0.99,18,30,Semi-Urban,Residential,0,169.4466666666667,169.4466666666667
C00966,6,183.51,163.33,128.81,54.7,237.81,1.083,0.99,11,30,Urban,Residential,0,160.85666666666668,148.298
C00364,4,236.45,213.25,169.04,67.41,230.07,1.544,0.924,8,30,Urban,Residential,0,194.57666666666668,194.57666666666668
C01115,2,231.86,246.27,150.65,81.21,224.13,1.66,0.866,6,29,Urban,Residential,0,246.27,246.27
C00648,3,463.43,505.29,271.45,191.99,229.05,3.191,0.881,10,30,Urban,Commercial,0,482.33500000000004,482.33500000000004
C00345,6,240.11,262.02,161.98,78.12,232.21,1.536,0.935,2,29,Urban,Residential,0,250.50333333333333,225.724
C00947,6,339.82,318.65,233.46,106.36,228.38,2.328,0.888,5,29,Rural,Residential,0,310.6333333333333,294.654
C00825,4,4433.45,4613.64,2776.05,1657.4,223.8,29.019,0.948,15,29,Rural,Industrial,0,3843.14,3843.14
C00657,2,270.58,296.89,171.11,99.47,225.47,1.701,0.98,5,29,Urban,Residential,0,296.89,296.89
C00147,5,363.69,380.88,255.04,108.65,225.24,2.404,0.933,8,29,Semi-Urban,Residential,0,323.9066666666667,324.5
C00664,4,187.59,173.37,116.18,71.41,227.93,1.221,0.936,18,30,Semi-Urban,Residential,0,158.15,158.15
C01321,6,379.49,364.13,262.8,116.69,226.97,2.478,0.937,10,28,Urban,Residential,0,353.3533333333333,320.72200000000004
C00547,4,209.8,202.28,145.81,64.0,223.13,1.382,0.945,4,30,Semi-Urban,Residential,0,183.82333333333335,183.82333333333335
C01125,2,203.43,151.86,137.48,65.95,227.91,1.355,0.915,7,30,Rural,Residential,0,151.86,151.86
C00696,1,963.33,,676.21,287.13,241.25,5.602,0.99,12,30,Rural,Commercial,0,,
C00783,1,253.73,,180.57,73.16,212.34,1.825,0.909,13,30,Semi-Urban,Residential,0,,
C00670,6,192.64,189.7,117.71,74.93,217.21,1.383,0.89,2,29,Urban,Residential,0,182.81666666666663,168.934
C01354,6,346.81,366.29,255.4,91.41,231.64,2.248,0.925,13,29,Semi-Urban,Residential,0,316.18,292.18600000000004
C01188,6,1133.81,1740.35,806.92,326.9,231.48,13.488,0.504,6,30,Urban,Industrial,1,1422.55,1446.52
C00285,3,363.93,250.54,255.47,108.47,236.09,2.412,0.888,18,30,Urban,Residential,0,266.435,266.435
C00194,1,113.25,,63.63,49.61,234.88,0.676,0.99,2,29,Urban,Residential,0,,
C00385,3,603.48,536.09,403.71,199.77,229.85,3.925,0.929,0,30,Urban,Commercial,0,557.55,557.55
C01209,1,181.98,,121.6,60.38,233.41,1.094,0.99,16,30,Urban,Residential,0,,
C01292,6,161.36,175.82,114.18,47.18,230.98,1.093,0.887,13,30,Urban,Residential,0,154.73666666666668,135.052
C00900,4,4812.3,5339.15,3419.1,1393.2,239.67,31.504,0.885,14,29,Semi-Urban,Industrial,0,4372.593333333333,4372.593333333333
C00659,2,2860.2,3752.65,1721.96,1138.24,235.63,19.193,0.878,6,30,Urban,Industrial,0,3752.65,3752.65
C01054,2,180.98,172.83,101.54,79.44,225.84,1.225,0.909,6,30,Rural,Residential,0,172.83,172.83
C01204,2,210.69,242.79,148.73,61.97,239.59,1.32,0.925,16,28,Urban,Residential,0,242.79,242.79
C01482,4,160.0,320.81,109.53,50.47,224.9,1.1,0.898,5,28,Urban,Residential,0,280.79333333333335,280.79333333333335
C00494,6,287.36,238.6,185.8,101.56,228.44,1.913,0.913,2,30,Urban,Residential,0,215.53666666666666,202.28199999999998
C00767,3,160.06,180.24,88.43,71.63,227.45,1.125,0.869,4,30,Urban,Residential,0,174.93,174.93
C00261,5,336.82,334.44,219.79,117.03,229.59,2.166,0.941,14,28,Rural,Residential,0,257.56666666666666,265.96500000000003
C00298,1,178.97,,134.04,44.93,231.18,1.19,0.903,3,30,Urban,Residential,0,,
C00617,3,329.35,316.79,212.93,116.42,229.65,2.196,0.907,3,28,Semi-Urban,Residential,0,323.375,323.375
C00611,3,171.94,179.85,105.37,66.58,234.06,1.084,0.942,9,29,Rural,Residential,0,177.715,177.715
C00985,3,509.18,433.38,313.45,195.73,224.82,3.59,0.876,7,30,Urban,Commercial,0,468.32,468.32
C00151,5,424.18,360.69,277.34,146.84,231.59,2.845,0.894,13,29,Rural,Residential,0,347.6266666666667,342.1375
C01458,1,1086.3,,688.94,397.35,233.04,6.957,0.931,14,30,Rural,Commercial,0,,
C01027,2,990.78,1007.05,559.2,431.58,236.28,6.573,0.886,1,30,Semi-Urban,Commercial,0,1007.05,1007.05
C01238,6,330.05,409.48,204.74,125.31,227.39,2.24,0.9,19,29,Semi-Urban,Residential,0,404.2266666666667,351.824
C01129,6,338.47,279.43,220.51,117.96,233.21,2.083,0.968,0,28,Rural,Residential,0,318.6666666666667,285.966
C00347,5,5524.56,5473.29,3912.59,1611.97,231.41,37.213,0.891,9,29,Urban,Industrial,0,4950.953333333334,4729.955
C00261,6,327.03,336.82,192.67,134.36,233.23,2.102,0.927,14,30,Rural,Residential,0,320.27666666666664,280.136
C01496,4,4236.22,4125.44,3023.51,1212.7,227.57,27.061,0.955,13,29,Semi-Urban,Industrial,0,3789.646666666666,3789.646666666666
C01275,1,320.28,,209.33,110.95,230.27,2.126,0.909,9,30,Urban,Residential,0,,
C00054,1,2616.52,,1714.49,902.03,240.26,15.876,0.953,16,29,Semi-Urban,Industrial,0,,
C01335,6,603.66,462.28,413.38,190.28,233.14,3.664,0.982,15,30,Rural,Commercial,0,463.28999999999996,451.558
C00839,1,150.53,,97.73,52.8,221.55,0.986,0.957,5,28,Semi-Urban,Residential,0,,
C01290,3,4289.59,3208.15,3197.59,1091.99,228.21,29.208,0.894,11,29,Urban,Industrial,0,3402.0299999999997,3402.0299999999997
C01070,2,912.52,926.45,677.77,234.75,235.03,5.823,0.926,13,30,Semi-Urban,Commercial,0,926.45,926.45
C00872,3,238.19,216.82,131.52,106.67,222.82,1.513,0.981,1,30,Urban,Residential,0,209.26999999999998,209.26999999999998
C00186,4,208.31,200.23,119.02,89.29,230.54,1.476,0.85,11,30,Rural,Residential,0,160.26333333333332,160.26333333333332
C00442,1,325.65,,230.67,94.98,228.36,2.113,0.937,15,28,Urban,Residential,0,,
C00531,6,1259.53,1153.27,860.06,399.47,234.35,8.302,0.899,12,30,Urban,Commercial,0,1173.216666666667,1091.5700000000002
C00969,3,275.97,228.1,185.63,90.34,230.59,1.909,0.871,3,30,Urban,Residential,0,220.07,220.07
C01450,3,34.96,158.05,21.71,13.25,227.97,0.227,0.94,11,25,Urban,Residential,1,164.81,164.81
C00885,5,199.11,213.55,142.27,56.84,216.15,1.402,0.912,9,28,Semi-Urban,Residential,0,201.76000000000002,196.38750000000002
C00384,3,1138.56,527.91,795.63,342.94,230.64,7.428,0.923,12,29,Urban,Commercial,0,698.26,698.26
C00949,2,298.83,313.78,166.42,132.41,229.17,1.829,0.99,13,30,Urban,Residential,0,313.78,313.78
C00043,3,135.82,144.52,77.35,58.47,224.38,0.889,0.946,17,30,Urban,Residential,0,135.88,135.88
C01098,6,187.92,138.3,119.89,68.03,233.68,1.173,0.952,9,28,Urban,Residential,0,150.07,134.196
C00568,3,288.45,305.08,205.8,82.65,233.07,1.867,0.921,8,30,Urban,Residential,0,280.09,280.09
C00561,6,148.14,129.2,98.03,50.11,234.23,0.955,0.92,10,29,Urban,Residential,0,152.08,137.948
C00957,5,510.43,606.3,341.17,169.26,234.69,3.307,0.914,19,30,Urban,Commercial,0,480.42333333333335,466.09
C01273,4,314.42,293.74,228.47,85.94,233.21,1.932,0.969,10,28,Semi-Urban,Residential,0,263.62333333333333,263.62333333333333
C00821,5,440.89,405.52,252.38,188.51,229.23,2.754,0.97,11,30,Semi-Urban,Residential,0,350.81333333333333,337.31
C00972,1,234.34,,134.29,100.05,235.61,1.62,,16,30,Urban,Residential,0,,
C01207,1,272.77,,162.98,109.79,239.81,1.819,0.868,19,30,Urban,Residential,0,,
C00432,4,281.42,310.56,162.53,118.89,234.02,1.94,0.861,12,28,Rural,Residential,0,267.11,267.11
C00745,6,253.29,264.28,144.64,108.65,229.15,1.56,0.984,7,29,Urban,Residential,0,249.87333333333333,227.21999999999997
C00051,4,288.15,236.15,184.07,104.08,224.64,1.917,0.93,8,30,Rural,Residential,0,258.87666666666667,258.87666666666667
C00999,3,1610.08,970.32,1132.14,477.94,238.2,9.772,0.961,11,30,Urban,Commercial,0,1005.24,1005.24
C01086,1,886.15,,628.42,257.73,233.3,5.785,0.912,12,30,Semi-Urban,Commercial,0,,
C00875,3,265.22,226.98,87.78,177.44,239.16,1.633,0.943,3,30,Semi-Urban,Residential,1,228.065,228.065
C01358,5,2529.13,2903.37,1770.75,758.38,231.39,16.732,0.907,11,30,Semi-Urban,Industrial,0,2506.7966666666666,2399.9175
C01436,4,1135.66,795.44,681.47,454.19,226.18,7.804,0.894,8,28,Semi-Urban,Commercial,0,860.0166666666668,860.0166666666668
C00240,3,132.34,134.52,78.64,53.7,228.59,0.89,0.903,6,30,Rural,Residential,0,132.19,132.19
C00514,5,308.03,301.57,199.78,108.25,223.64,2.055,0.931,7,30,Semi-Urban,Residential,0,253.26,248.16
C01082,4,651.04,518.79,384.16,266.88,233.81,4.256,0.909,9,29,Urban,Commercial,0,495.24333333333334,495.24333333333334
C00063,5,147.24,179.85,83.69,63.54,227.99,0.906,0.99,14,30,Semi-Urban,Residential,0,143.72333333333333,141.905
C00312,4,221.4,200.62,139.13,82.27,232.83,1.519,0.869,13,30,Semi-Urban,Residential,0,181.76666666666665,181.76666666666665
C01154,4,285.8,280.54,175.66,110.15,227.96,1.858,0.937,6,29,Rural,Residential,0,255.73000000000002,255.73000000000002
C00533,3,732.61,628.76,504.5,228.11,229.51,4.899,0.905,11,29,Urban,Commercial,0,701.9300000000001,701.9300000000001
C01360,4,2393.93,2112.68,1652.43,741.5,234.94,14.295,,3,28,Semi-Urban,Industrial,0,1984.8133333333333,1984.8133333333333
C00277,3,507.12,552.5,284.21,222.91,222.15,3.397,0.933,15,30,Semi-Urban,Commercial,0,511.745,511.745
C00126,6,347.58,376.16,226.6,120.98,232.94,2.194,0.945,15,29,Semi-Urban,Residential,0,352.94,329.48400000000004
C01371,3,814.65,820.53,472.62,342.03,230.3,5.59,0.879,4,29,Urban,Commercial,0,728.19,728.19
C00735,2,204.65,296.66,152.26,52.38,230.28,1.417,0.871,1,28,Urban,Residential,0,296.66,296.66
C00711,3,157.05,165.67,87.18,69.86,227.6,1.106,0.866,13,29,Rural,Residential,0,164.94,164.94
C00049,3,829.06,852.51,600.85,228.21,231.03,5.244,0.95,12,30,Urban,Commercial,0,830.04,830.04
C00373,5,333.67,310.06,187.95,145.72,,2.161,0.956,12,28,Semi-Urban,Residential,0,274.02,276.7575
C01120,4,604.01,804.63,349.85,254.15,223.32,4.085,0.92,8,29,Rural,Commercial,1,885.88,885.88
C00847,1,207.21,,135.18,72.03,228.72,1.378,0.913,12,30,Urban,Residential,0,,
C00354,1,175.35,,105.55,69.8,228.41,1.186,0.899,13,29,Urban,Residential,0,,
C00988,3,688.42,740.21,407.62,280.8,236.6,4.483,0.901,14,29,Semi-Urban,Commercial,0,736.885,736.885
C01321,3,337.35,281.47,232.48,104.87,228.02,2.246,0.915,10,28,Urban,Residential,0,271.775,271.775
C00084,4,194.57,192.92,109.35,85.23,225.96,1.261,0.948,10,28,Urban,Residential,0,175.98,175.98
C00822,2,232.52,243.22,159.53,72.98,225.77,1.544,0.926,2,30,Urban,Residential,0,243.22,243.22
C01334,1,240.26,,167.44,72.82,236.23,1.516,0.932,4,29,Rural,Residential,0,,
C00664,2,143.9,157.18,105.98,37.92,226.05,0.945,0.935,18,29,Semi-Urban,Residential,0,157.18,157.18
C00257,4,312.8,284.66,208.02,104.78,233.44,,0.911,0,30,Semi-Urban,Residential,0,250.54333333333332,250.54333333333332
C00832,5,154.6,188.05,98.35,56.26,228.03,0.971,0.969,12,29,Urban,Residential,0,162.99666666666667,158.0725
C00202,6,1283.22,368.94,934.51,348.71,230.78,8.542,0.904,3,30,Semi-Urban,Commercial,0,982.9766666666666,995.7540000000001
C01271,1,137.78,,93.24,44.54,228.88,0.888,0.941,14,30,Rural,Residential,0,,
C01374,2,598.44,498.6,390.01,208.43,228.93,3.789,0.958,8,30,Urban,Commercial,0,498.6,498.6
C00113,1,357.99,,212.0,145.99,237.55,2.217,0.944,18,30,Urban,Commercial,0,,
C01080,1,112.52,,67.38,45.14,224.83,0.782,0.888,10,30,Rural,Residential,0,,
C00869,2,2974.87,3118.99,1665.04,1309.83,232.18,19.785,0.899,10,30,Semi-Urban,Industrial,0,3118.99,3118.99
C00501,4,341.03,274.74,245.06,95.96,,2.225,0.908,5,20,Urban,Residential,1,222.05333333333337,222.05333333333337
C01268,1,1725.26,,983.0,742.26,225.7,11.639,0.912,13,29,Semi-Urban,Industrial,0,,
C00865,3,717.86,724.92,484.23,233.63,224.94,4.978,0.89,7,30,Urban,Commercial,0,691.0,691.0
C01284,2,695.87,681.27,470.39,225.48,228.44,4.673,0.905,19,28,Semi-Urban,Commercial,0,681.27,681.27
C00245,1,111.65,,66.07,45.58,233.44,0.698,0.951,10,28,Semi-Urban,Residential,0,,
C01110,5,220.47,193.99,149.08,71.39,229.44,1.415,0.943,1,29,Urban,Residential,0,181.60333333333332,174.51749999999998
C01290,5,4878.96,4000.28,3576.37,1302.59,232.86,30.087,0.967,11,30,Urban,Industrial,0,3832.6733333333336,3773.4825
C00199,5,115.12,68.18,79.86,35.26,226.14,1.393,0.507,12,30,Semi-Urban,Residential,1,140.79999999999998,149.885
C01104,3,269.76,220.56,184.19,85.57,234.23,1.731,0.924,19,30,Semi-Urban,Residential,0,238.25,238.25
C00378,3,646.53,562.07,429.08,217.45,235.86,4.226,0.901,12,28,Urban,Commercial,0,554.2,554.2
C00071,2,263.67,274.97,174.87,88.79,236.07,1.731,0.896,5,29,Semi-Urban,Residential,0,274.97,274.97
C00085,2,146.33,181.67,101.4,44.93,224.66,0.995,0.909,1,29,Semi-Urban,Residential,0,181.67,181.67
C01096,6,247.35,189.18,174.35,73.0,236.38,1.667,0.872,13,30,Urban,Residential,0,220.17999999999998,195.47
C00438,2,199.5,206.15,113.16,86.35,229.92,1.328,0.907,4,29,Urban,Residential,0,206.15,206.15
C00264,5,453.92,423.85,252.5,201.42,232.05,3.121,0.871,14,28,Semi-Urban,Residential,0,325.7966666666666,321.025
C00085,3,178.83,146.33,122.55,56.28,230.56,1.163,0.926,1,30,Semi-Urban,Residential,0,164.0,164.0
C01342,6,720.87,402.88,421.88,298.99,230.54,4.387,0.99,10,29,Urban,Commercial,0,570.6,601.55
C00401,6,274.83,234.65,203.2,71.63,232.46,1.922,0.855,9,29,Urban,Residential,0,271.31333333333333,243.214
C01138,1,3253.55,,2151.91,1101.63,233.34,21.503,0.901,17,29,Urban,Industrial,0,,
C00526,2,141.64,149.07,93.08,48.56,226.38,1.097,0.792,9,28,Semi-Urban,Residential,0,149.07,149.07
C00104,4,179.48,171.98,116.03,63.46,232.9,1.137,0.942,10,28,Semi-Urban,Residential,0,154.07666666666668,154.07666666666668
C00355,3,177.16,138.4,118.57,58.59,233.38,1.2,0.879,10,29,Semi-Urban,Residential,0,148.73000000000002,148.73000000000002
C00927,2,482.37,505.02,318.55,163.82,233.95,3.005,0.953,1,30,Semi-Urban,Commercial,0,505.02,505.02
C00761,2,1431.54,1526.31,916.89,514.65,221.97,9.641,0.929,9,30,Urban,Industrial,0,1526.31,1526.31
C00642,1,490.77,,353.96,136.81,229.06,3.099,0.96,13,28,Semi-Urban,Commercial,0,,
C00498,1,117.84,,78.11,39.73,226.25,0.847,0.854,7,29,Urban,Residential,0,,
C00721,4,300.02,286.03,222.28,77.74,235.62,,0.931,16,30,Rural,Residential,0,273.13666666666666,273.13666666666666
C00058,6,297.5,268.46,209.54,87.96,231.16,2.05,0.872,0,29,Semi-Urban,Residential,0,251.57666666666668,224.05599999999998
C00133,6,395.07,416.49,260.52,134.56,237.03,2.543,0.91,7,30,Urban,Residential,0,389.78999999999996,356.748
C00957,6,556.95,510.43,361.12,195.83,222.38,3.607,0.964,19,29,Urban,Commercial,0,517.12,474.95799999999997
C00472,4,361.79,289.41,224.92,136.87,225.97,2.373,0.937,4,30,Rural,Residential,0,294.74333333333334,294.74333333333334
C01230,5,712.73,580.98,412.15,300.58,228.01,4.456,0.974,14,30,Semi-Urban,Commercial,0,553.49,546.8824999999999
C00661,1,160.85,,88.71,72.14,230.61,1.039,0.932,9,29,Urban,Residential,0,,
C01404,5,1248.53,1040.07,724.81,523.73,228.07,7.717,0.985,14,28,Semi-Urban,Commercial,0,979.9200000000001,947.7025
C01270,2,122.69,151.27,89.04,33.64,227.23,0.809,0.927,0,29,Semi-Urban,Residential,0,151.27,151.27
C01456,3,55.73,111.66,41.68,14.05,228.36,0.367,0.924,19,28,Semi-Urban,Residential,1,120.36,120.36
C00053,1,339.1,,237.6,101.5,226.79,2.216,0.937,17,30,Semi-Urban,Residential,0,,
C00779,1,188.12,,123.02,65.1,234.37,1.186,0.94,11,29,Rural,Residential,0,,
C00125,3,178.57,169.76,117.11,61.45,223.12,1.283,0.866,17,30,Semi-Urban,Residential,0,163.07999999999998,163.07999999999998
C00132,5,330.18,266.19,207.06,123.12,228.32,2.318,0.866,14,30,Semi-Urban,Residential,0,275.56333333333333,274.55
C00413,5,1142.69,1116.85,637.72,504.97,233.64,7.707,0.881,13,28,Semi-Urban,Commercial,0,1067.7966666666666,1012.285
C00338,3,230.28,195.89,163.87,66.41,231.29,1.555,0.889,17,30,Rural,Residential,0,195.035,195.035
C00615,6,240.72,219.28,147.82,92.9,233.34,1.606,0.892,16,28,Rural,Residential,0,218.34,198.33599999999998
C00429,3,317.61,232.55,193.04,124.57,227.33,2.165,0.896,11,30,Rural,Residential,0,249.995,249.995
C01133,2,93.06,281.29,57.07,35.99,225.56,0.665,0.861,15,28,Semi-Urban,Residential,0,281.29,281.29
C01334,3,236.62,231.19,143.28,93.34,229.41,1.504,0.952,4,30,Rural,Residential,0,235.725,235.725
C01195,4,302.15,297.9,220.89,81.25,241.41,1.953,0.89,11,30,Urban,Residential,0,277.08666666666664,277.08666666666664
C01186,6,359.51,346.87,221.31,138.2,228.06,2.393,0.915,9,30,Rural,Residential,0,326.18666666666667,329.102
C00729,4,252.19,224.94,167.11,85.08,230.75,1.671,0.909,4,29,Semi-Urban,Residential,0,219.29,219.29
C00830,2,257.39,298.53,160.48,96.9,233.71,1.678,0.912,3,30,Semi-Urban,Residential,0,298.53,298.53
C00044,2,151.93,183.19,102.85,49.09,231.81,0.934,0.975,9,30,Urban,Residential,0,183.19,183.19
C00361,4,143.18,145.41,80.16,63.03,225.63,0.962,0.916,7,30,Urban,Residential,0,127.11,127.11
C01380,5,896.17,926.1,514.15,382.03,229.48,6.137,0.884,10,29,Urban,Commercial,0,790.7466666666666,740.3175
C00064,3,179.82,156.76,125.82,54.01,225.68,1.21,0.914,1,30,Semi-Urban,Residential,0,159.0,159.0
C01246,3,2784.43,2842.42,1538.49,1245.94,230.98,18.095,0.925,19,29,Semi-Urban,Industrial,0,2812.435,2812.435
C01209,2,188.94,181.98,106.07,82.87,227.16,1.285,0.899,16,30,Urban,Residential,0,181.98,181.98
C00319,5,4433.19,4975.7,2774.01,1659.17,229.87,30.43,0.88,15,30,Urban,Industrial,0,4266.95,4116.735
C01157,5,268.62,267.41,154.58,114.04,220.9,1.87,0.903,12,29,Urban,Residential,0,226.02666666666664,217.255
C00100,6,692.18,680.16,494.26,197.92,232.36,4.455,0.929,6,30,Rural,Commercial,0,646.4699999999999,597.5559999999999
C00008,4,3940.55,4098.41,2620.84,1319.71,233.24,25.367,0.925,2,29,Semi-Urban,Industrial,0,3359.3566666666666,3359.3566666666666
C00241,5,345.31,277.54,119.17,226.14,232.96,2.201,0.935,14,30,Urban,Residential,1,300.47333333333336,299.92
C00276,3,559.95,440.96,322.67,237.27,231.7,3.555,0.944,1,30,Urban,Commercial,0,469.09000000000003,469.09000000000003
C00450,6,321.49,328.31,239.88,81.61,236.82,2.023,0.932,16,30,Rural,Residential,0,288.75,259.11199999999997
C01331,3,606.84,570.13,453.87,152.97,240.14,3.873,0.906,1,30,Urban,Commercial,0,541.76,541.76
C00316,4,218.53,259.19,130.46,88.08,234.74,1.417,0.913,9,28,Rural,Residential,1,299.3,299.3
C00325,1,237.66,,143.21,94.45,228.42,1.495,0.966,6,30,Urban,Residential,0,,
C00402,1,337.27,,198.05,139.22,234.36,2.231,0.896,4,29,Urban,Residential,0,,
C00901,6,328.01,327.02,205.58,122.43,229.96,2.14,0.926,18,30,Rural,Residential,0,315.82,290.54200000000003
C01473,1,305.83,,178.29,127.55,234.79,2.065,0.876,15,30,Urban,Residential,0,,
C00835,6,2393.85,4341.34,1317.5,1076.35,238.85,14.718,0.946,3,30,Rural,Industrial,1,4311.056666666667,4116.864
C00328,5,308.31,323.73,204.84,103.47,233.24,1.954,0.94,10,30,Urban,Residential,0,281.18666666666667,282.65250000000003
C01371,1,635.85,,419.06,216.79,237.46,4.075,0.913,4,29,Urban,Commercial,0,,
C00966,4,171.06,148.18,110.91,60.15,227.67,1.132,0.922,11,30,Urban,Residential,0,135.70000000000002,135.70000000000002
C00667,2,958.14,992.86,712.45,245.7,230.96,6.304,0.914,11,30,Urban,Commercial,0,992.86,992.86
C00737,1,209.85,,145.25,64.6,229.36,1.451,0.876,11,30,Rural,Residential,0,,
C00267,5,342.58,447.83,228.28,114.3,229.33,2.343,0.886,17,30,Rural,Residential,0,343.29999999999995,342.1775
C01010,4,379.2,268.03,273.43,105.76,220.85,2.542,0.938,10,29,Semi-Urban,Residential,0,257.08666666666664,257.08666666666664
C00233,1,277.16,,169.37,107.79,229.09,1.898,,8,30,Urban,Residential,0,,
C00761,1,1526.31,,1048.2,478.11,228.07,9.565,0.972,9,28,Urban,Industrial,0,,
C00612,1,214.81,,129.39,85.42,228.56,1.444,0.904,6,28,Urban,Residential,0,,
C00699,5,246.35,251.69,157.14,89.21,224.69,1.663,0.916,1,28,Semi-Urban,Residential,0,216.46333333333334,201.8925
C00716,2,873.33,811.68,514.76,358.57,241.68,5.709,0.879,1,30,Urban,Commercial,0,811.68,811.68
C00570,5,167.51,207.49,61.23,106.29,232.5,1.074,0.931,8,30,Rural,Residential,1,187.62666666666667,179.9425
C00072,1,272.34,,201.08,71.26,224.71,1.719,0.979,13,28,Rural,Residential,0,,
C00977,1,263.99,,197.79,66.21,227.16,1.771,0.911,12,30,Rural,Residential,0,,
C01364,6,224.75,239.41,147.18,77.57,224.71,,0.93,2,29,Urban,Residential,0,208.33333333333334,199.618
C00069,3,321.05,247.09,219.12,101.94,226.0,2.013,0.98,10,29,Urban,Residential,0,257.81,257.81
C01371,5,936.4,927.02,629.27,307.13,228.51,6.591,0.864,4,30,Urban,Commercial,0,854.0666666666666,799.5125
C01341,4,356.48,340.85,225.71,130.77,224.69,2.409,0.915,15,30,Urban,Residential,0,281.2666666666667,281.2666666666667
C00879,1,220.07,,146.84,73.23,221.12,1.491,0.927,6,30,Urban,Residential,0,,
C00415,3,291.95,220.82,180.18,111.76,225.3,2.036,0.884,5,30,Urban,Residential,0,236.535,236.535
C01220,6,391.56,332.52,274.69,116.87,229.64,2.458,0.964,19,30,Urban,Residential,0,334.1266666666667,316.96999999999997
C00130,6,936.96,1047.66,698.77,238.19,228.23,6.065,0.94,4,29,Urban,Commercial,0,955.5566666666667,871.628
C00736,6,654.41,699.88,436.29,218.12,232.44,4.266,0.917,0,28,Rural,Commercial,0,601.7666666666667,570.862
C00681,1,210.15,,131.33,78.82,222.65,1.497,0.876,0,28,Semi-Urban,Residential,0,,
C00619,1,134.71,,86.97,47.74,227.08,0.842,0.978,4,30,Urban,Residential,0,,
C00036,1,126.34,,73.98,52.36,226.45,0.812,0.954,10,30,Urban,Residential,0,,
C00415,4,322.24,291.95,232.82,89.41,226.46,2.214,0.892,5,30,Urban,Residential,0,255.00666666666666,255.00666666666666
C01032,4,1104.84,1057.18,625.07,479.77,232.07,6.803,0.972,5,30,Urban,Commercial,0,968.3766666666667,968.3766666666667
C00941,2,153.72,151.64,104.61,49.11,233.84,1.013,0.901,6,29,Urban,Residential,0,151.64,151.64
C00981,6,883.98,781.58,642.62,241.36,228.17,5.763,0.934,10,30,Rural,Commercial,0,732.84,686.036
C00714,2,375.89,407.23,245.38,130.51,233.78,2.495,0.895,18,29,Semi-Urban,Commercial,0,407.23,407.23
C00175,6,290.0,215.92,163.39,126.61,238.41,1.91,0.885,2,30,Urban,Residential,0,248.49666666666667,225.442
C01374,3,589.49,598.44,400.36,189.12,231.66,3.891,0.908,8,29,Urban,Commercial,0,548.52,548.52
C00721,6,241.34,96.01,81.64,159.7,227.37,1.588,0.928,16,28,Rural,Residential,1,227.35333333333332,243.08800000000002
C00340,2,170.98,177.0,104.06,66.92,234.57,1.083,0.935,12,29,Semi-Urban,Residential,0,177.0,177.0
C00708,5,205.73,223.13,125.58,80.15,215.03,1.549,0.858,4,29,Rural,Residential,0,185.04666666666665,189.2125
C01439,2,113.08,100.9,76.03,37.05,224.33,0.773,0.906,15,28,Urban,Residential,0,100.9,100.9
C01092,2,257.64,310.14,172.93,84.71,220.46,1.639,0.99,17,28,Rural,Residential,0,310.14,310.14
C00329,5,1008.82,915.51,686.38,322.44,227.52,6.82,0.903,19,29,Rural,Commercial,0,862.0633333333334,818.04
C01000,1,579.43,,395.22,184.21,233.32,3.848,0.896,2,30,Urban,Commercial,0,,
C00350,6,307.51,240.86,189.09,118.42,224.4,2.048,0.929,4,29,Urban,Residential,0,271.61333333333334,244.642
C00250,6,1952.09,1890.13,1210.77,741.32,237.79,11.881,0.96,13,29,Urban,Industrial,0,1840.89,1759.548
C00185,6,317.84,270.55,188.27,129.57,232.37,2.004,0.948,3,28,Semi-Urban,Residential,0,267.7366666666667,249.50799999999998
C00917,3,331.07,307.97,185.89,145.18,234.56,1.98,0.99,16,30,Urban,Residential,0,272.17,272.17
C01494,2,1159.54,1265.55,642.28,517.26,228.89,8.026,0.877,10,30,Semi-Urban,Commercial,0,1265.55,1265.55
C00109,5,389.4,416.43,289.97,99.43,239.15,2.446,0.924,18,29,Urban,Residential,0,333.82,315.8625
C00867,4,303.63,283.41,167.13,136.5,228.46,1.888,0.978,16,29,Rural,Residential,0,247.67999999999998,247.67999999999998
C00456,3,133.35,108.88,94.46,38.89,225.62,0.842,0.975,4,29,Rural,Residential,0,108.845,108.845
C00506,5,281.27,289.59,169.61,111.66,230.79,1.925,0.879,14,29,Urban,Residential,0,242.09666666666666,222.845
C00041,3,305.01,248.35,174.97,130.03,236.11,1.902,0.943,11,29,Urban,Residential,0,265.735,265.735
C00300,2,276.03,266.45,188.11,87.91,232.61,1.833,0.899,0,28,Semi-Urban,Residential,0,266.45,266.45
C00284,5,297.84,321.95,210.33,87.51,232.25,1.956,0.911,7,29,Semi-Urban,Residential,0,276.7866666666667,270.565
C00770,1,536.8,,346.86,189.94,238.13,3.43,0.913,18,28,Urban,Commercial,0,,
C00944,3,682.43,799.56,445.64,236.79,234.42,4.437,0.911,19,30,Rural,Commercial,0,810.16,810.16
C00698,3,128.23,135.79,88.54,39.69,230.48,0.928,0.833,11,30,Semi-Urban,Residential,0,127.66999999999999,127.66999999999999
C00250,5,1890.13,2222.14,1230.52,659.61,228.77,12.235,0.938,13,30,Urban,Industrial,0,1737.1533333333334,1726.9025000000001
C00460,3,348.65,300.96,207.7,140.95,227.17,2.225,0.958,14,29,Rural,Residential,0,294.09000000000003,294.09000000000003
C01276,1,896.09,,600.75,295.34,231.28,5.883,0.915,5,28,Semi-Urban,Commercial,0,,
C00682,2,288.42,324.72,189.43,98.98,233.01,1.896,0.907,16,30,Semi-Urban,Residential,0,324.72,324.72
C00364,1,191.27,,135.04,56.23,231.15,1.188,0.967,8,29,Urban,Residential,0,,
C00767,2,180.24,169.62,124.76,55.48,230.42,1.23,0.883,4,30,Urban,Residential,0,169.62,169.62
C00859,1,1122.96,,794.01,328.95,233.46,7.541,0.886,11,30,Urban,Commercial,0,,
C01408,5,389.77,308.92,264.57,125.2,228.32,2.649,0.895,16,30,Urban,Residential,0,289.32666666666665,300.7325
C01301,2,158.1,145.78,98.34,59.76,234.27,1.075,0.872,8,29,Semi-Urban,Residential,0,145.78,145.78
C01199,4,326.02,282.03,191.2,134.83,231.0,2.007,0.977,9,30,Semi-Urban,Residential,0,266.19666666666666,266.19666666666666
C00118,4,121.15,289.41,79.1,42.04,234.17,0.849,0.846,11,25,Semi-Urban,Residential,1,281.0733333333333,281.0733333333333
C00313,1,962.25,,663.8,298.45,230.66,6.121,0.947,17,30,Urban,Commercial,0,,
C00630,4,1046.47,797.79,673.24,373.23,229.45,6.986,0.907,19,30,Semi-Urban,Commercial,0,836.0500000000001,836.0500000000001
C00644,4,137.48,123.85,87.77,49.71,237.83,0.895,0.897,8,30,Urban,Residential,0,109.27666666666666,109.27666666666666
C00792,5,2326.15,1649.82,1742.5,583.65,234.42,15.075,0.914,3,29,Rural,Industrial,0,1940.0233333333333,1976.955
C01316,1,800.03,,522.93,277.1,234.63,5.176,0.915,11,30,Urban,Commercial,0,,
C01413,2,154.21,215.29,107.19,47.02,225.31,1.129,0.842,1,30,Urban,Residential,0,215.29,215.29
C00858,3,1073.2,905.11,675.87,397.33,234.71,6.777,0.937,6,30,Rural,Commercial,0,997.6200000000001,997.6200000000001
C00743,3,109.81,110.37,64.61,45.2,230.65,0.727,0.909,17,29,Urban,Residential,0,107.92,107.92
C01003,2,809.53,982.42,537.94,271.58,223.01,5.417,0.931,13,30,Rural,Commercial,0,982.42,982.42
C00569,3,264.2,299.87,171.52,92.67,236.11,1.66,0.936,1,30,Rural,Residential,0,294.1,294.1
C01499,1,259.66,,186.93,72.73,232.9,1.646,0.94,16,29,Semi-Urban,Residential,0,,
C00095,2,206.36,185.6,146.31,60.05,,1.315,0.938,9,29,Rural,Residential,0,185.6,185.6
C00971,1,958.66,,643.36,315.3,228.67,5.881,0.99,1,30,Urban,Commercial,0,,
C00903,6,184.93,167.39,132.32,52.61,219.62,1.261,0.927,5,28,Semi-Urban,Residential,0,170.92999999999998,151.744
C01029,3,233.5,194.15,132.03,101.46,229.23,1.546,0.915,17,28,Semi-Urban,Residential,0,192.625,192.625
C00498,6,165.98,161.0,111.04,54.94,232.19,1.011,0.982,7,28,Urban,Residential,0,144.43333333333337,135.78400000000002
C00107,5,511.13,472.25,320.78,190.35,234.3,3.282,0.923,8,30,Urban,Commercial,0,420.53000000000003,417.9925
C01088,4,508.62,196.79,326.28,182.33,226.4,3.328,0.937,11,28,Urban,Commercial,0,308.15333333333336,308.15333333333336
C00564,4,5690.27,4195.39,3161.23,2529.04,,40.729,0.899,15,28,Urban,Industrial,0,4579.033333333334,4579.033333333334
C00464,1,266.51,,165.83,100.68,237.5,1.574,0.99,15,30,Urban,Residential,0,,
C00085,4,186.97,178.83,126.53,60.44,233.26,1.273,0.874,1,30,Semi-Urban,Residential,0,168.94333333333336,168.94333333333336
C01018,6,351.57,297.83,254.42,97.15,232.51,2.287,0.918,4,30,Semi-Urban,Residential,0,294.8633333333333,270.12
C00328,3,274.56,245.27,203.98,70.58,232.51,1.918,0.855,10,30,Urban,Residential,0,266.16,266.16
C01287,3,370.45,693.75,238.61,131.84,231.54,2.403,0.925,1,20,Semi-Urban,Commercial,1,680.575,680.575
C00256,5,266.74,260.43,182.29,84.45,231.78,1.615,0.99,10,29,Semi-Urban,Residential,0,262.6666666666667,250.79250000000002
C00055,2,111.56,114.94,83.66,27.9,241.21,0.711,0.904,0,28,Urban,Residential,0,114.94,114.94
C01062,5,4973.63,6590.14,2738.07,2235.56,232.58,31.916,0.931,10,30,Urban,Industrial,0,5405.610000000001,5105.2675
C00390,5,339.73,351.94,236.79,102.94,230.38,2.279,0.899,9,29,Semi-Urban,Residential,0,301.9066666666667,301.25
C00578,2,268.45,342.58,177.52,90.93,229.93,1.712,0.947,1,30,Rural,Residential,0,342.58,342.58
C00945,2,476.26,453.37,275.42,200.84,224.89,3.328,0.884,7,29,Urban,Commercial,0,453.37,453.37
C00596,4,350.3,261.16,133.13,217.17,231.03,2.187,0.963,5,30,Urban,Residential,1,264.6433333333334,264.6433333333334
C00373,6,359.18,333.67,211.02,148.15,229.92,2.345,0.925,12,30,Semi-Urban,Residential,0,306.7766666666667,288.14
C01135,5,265.51,229.91,191.3,74.21,240.15,1.771,0.867,15,30,Rural,Residential,0,211.62333333333333,215.2025
C00774,2,254.3,343.57,167.96,86.34,231.15,1.711,0.893,8,28,Semi-Urban,Residential,0,343.57,343.57
C00900,3,5339.15,4212.84,3945.83,1393.32,226.26,33.106,0.99,14,29,Semi-Urban,Industrial,0,3889.315,3889.315
C01457,5,126.26,139.56,77.66,48.6,232.71,0.783,0.962,19,30,Semi-Urban,Residential,0,132.99333333333334,132.3225
C00642,2,646.33,490.77,436.93,209.39,225.74,4.499,0.884,13,30,Semi-Urban,Commercial,0,490.77,490.77
C01454,3,228.53,199.93,170.25,58.28,227.99,1.656,0.841,4,30,Rural,Residential,0,197.27,197.27
C00145,1,460.82,,326.75,134.07,235.15,2.873,0.947,19,28,Rural,Commercial,0,,
C00794,6,266.13,277.83,150.46,115.67,228.61,1.641,0.986,10,30,Urban,Residential,0,272.04,255.41199999999998
C01380,1,589.03,,440.01,149.02,235.53,4.109,0.845,10,29,Urban,Commercial,0,,
C00525,2,3681.71,3723.48,2308.34,1373.38,236.81,,0.916,11,28,Semi-Urban,Industrial,0,3723.48,3723.48
C01304,4,328.48,330.76,230.12,98.36,232.12,2.169,0.906,14,30,Rural,Residential,0,308.25333333333333,308.25333333333333
C00470,2,248.36,229.61,155.8,92.57,234.64,1.629,0.902,14,30,Urban,Residential,0,229.61,229.61
C00704,3,884.68,926.42,555.34,329.34,233.06,6.244,0.844,4,29,Semi-Urban,Commercial,0,891.4649999999999,891.4649999999999
C00708,4,223.13,172.3,149.78,73.35,219.75,1.518,0.929,4,30,Rural,Residential,0,177.90666666666667,177.90666666666667
C00062,6,186.26,62.73,115.7,70.56,222.84,1.23,0.944,3,28,Urban,Residential,0,130.58666666666667,137.702
C00752,5,226.48,210.08,142.64,83.83,222.16,1.563,0.906,3,29,Urban,Residential,0,182.27333333333334,178.375
C00818,1,252.51,,145.22,107.3,233.53,1.792,0.838,3,30,Urban,Residential,0,,
C00601,2,259.66,250.87,188.6,71.06,232.25,1.81,0.858,19,30,Rural,Residential,0,250.87,250.87
C00424,5,266.97,311.58,170.09,96.88,224.9,1.77,0.931,9,30,Urban,Residential,0,270.86,259.625
C01300,2,954.0,1064.13,701.98,252.02,229.94,6.294,0.915,19,30,Urban,Commercial,0,1064.13,1064.13
C01332,6,898.91,903.93,599.94,298.97,224.28,6.672,0.834,12,28,Rural,Commercial,0,827.7866666666665,777.632
C01166,6,1088.98,1037.8,779.79,309.19,231.05,7.138,0.917,3,29,Semi-Urban,Commercial,0,917.2333333333332,834.7520000000001
C00922,2,431.75,349.12,265.98,165.77,232.33,2.69,0.959,0,28,Rural,Commercial,0,349.12,349.12
C01475,4,140.46,143.13,93.84,46.61,238.42,0.874,0.936,6,30,Urban,Residential,0,111.69666666666667,111.69666666666667
C00395,1,134.08,,100.33,33.75,229.84,0.824,0.983,16,28,Semi-Urban,Residential,0,,
C00934,2,182.69,178.75,101.2,81.49,237.54,1.123,0.951,0,28,Rural,Residential,0,178.75,178.75
C00227,5,318.03,303.63,231.45,86.57,228.49,2.093,0.924,12,30,Urban,Residential,0,279.0566666666667,264.1625
C00152,6,247.12,230.09,157.85,89.27,231.36,1.678,0.884,17,28,Semi-Urban,Residential,0,268.21,255.49
C01357,6,263.63,263.84,194.91,68.72,,1.928,0.873,1,28,Urban,Residential,0,257.14666666666665,228.408
C00603,3,884.61,580.26,488.28,396.33,223.3,5.819,0.946,7,29,Urban,Commercial,0,645.1700000000001,645.1700000000001
C01344,1,275.43,,175.17,100.26,236.36,1.693,0.956,15,29,Urban,Residential,0,,
C00601,6,305.06,317.54,181.96,123.1,233.17,1.965,0.925,19,28,Rural,Residential,0,304.00666666666666,284.51000000000005
C00568,4,352.61,288.45,263.61,89.0,225.08,2.306,0.943,8,30,Urban,Residential,0,282.87666666666667,282.87666666666667
C00879,3,235.56,183.4,146.14,89.42,231.53,1.598,0.884,6,29,Urban,Residential,0,201.735,201.735
C00161,5,165.39,167.24,91.41,73.97,224.8,1.111,0.919,17,29,Urban,Residential,0,140.24,132.555
C00666,3,428.98,351.08,299.76,129.23,230.86,2.774,0.93,18,30,Urban,Commercial,0,360.71,360.71
C00238,2,230.66,172.06,166.46,64.2,222.74,1.629,0.883,10,30,Rural,Residential,0,172.06,172.06
C00021,3,212.5,195.32,157.76,54.74,234.93,1.402,0.896,2,30,Semi-Urban,Residential,0,173.39,173.39
C00080,6,318.02,365.39,227.89,90.13,228.51,2.076,0.931,19,30,Semi-Urban,Residential,0,297.5433333333333,268.788
C00111,3,586.45,399.57,437.2,149.26,224.12,4.009,0.907,19,30,Urban,Commercial,0,407.90999999999997,407.90999999999997
C01261,3,311.68,257.4,233.59,78.09,226.22,2.21,0.866,19,30,Urban,Residential,0,255.13,255.13
C00627,6,224.42,301.61,165.24,59.19,236.07,1.442,0.916,9,30,Urban,Residential,0,255.65,247.77200000000002
C00550,6,4225.26,3456.1,2824.57,1400.68,235.84,26.223,0.949,4,29,Urban,Industrial,0,3889.646666666667,3626.108
C01074,1,502.64,,302.93,199.71,232.99,3.264,0.918,15,28,Urban,Commercial,0,,
C00499,1,278.0,,168.27,109.74,230.55,1.801,0.93,13,30,Urban,Residential,0,,
C00536,4,316.59,192.17,229.77,86.82,226.41,3.197,0.607,18,28,Semi-Urban,Residential,1,235.38333333333333,235.38333333333333
C00463,5,217.64,209.57,147.64,70.01,230.04,1.478,0.889,10,29,Semi-Urban,Residential,0,200.81000000000003,194.9875
C00074,2,157.48,202.56,107.63,49.85,232.71,0.954,0.986,9,30,Urban,Residential,0,202.56,202.56
C00230,6,297.31,283.71,199.95,97.35,227.47,1.962,0.925,2,29,Urban,Residential,0,260.21,251.88000000000002
C00753,3,291.96,253.19,166.57,125.39,227.37,2.065,0.864,13,30,Semi-Urban,Residential,0,239.275,239.275
C01144,2,127.18,130.24,89.19,37.98,236.82,0.779,0.957,3,30,Urban,Residential,0,130.24,130.24
C00747,3,90.15,128.7,36.89,53.26,224.51,1.039,0.537,16,20,Urban,Residential,1,123.03,123.03
C00790,1,231.72,,158.05,73.67,224.88,1.564,,14,30,Urban,Residential,0,,
C00241,4,277.54,353.02,159.9,117.64,232.58,3.263,0.508,14,29,Urban,Residential,1,307.38,307.38
C00901,4,335.1,285.34,223.0,112.1,227.31,2.088,0.981,18,30,Rural,Residential,0,263.53,263.53
C01382,5,437.88,366.09,313.18,124.69,235.7,2.884,0.895,1,29,Rural,Residential,0,340.43333333333334,326.445
C00247,2,198.0,167.23,126.81,71.19,230.96,1.346,0.885,2,30,Rural,Residential,0,167.23,167.23
C00340,6,252.1,212.17,173.26,78.84,224.36,1.667,0.936,12,29,Semi-Urban,Residential,0,209.44666666666663,195.26399999999998
C00196,4,297.99,245.94,190.77,107.22,222.91,2.189,0.848,10,30,Semi-Urban,Residential,0,219.66333333333333,219.66333333333333
C01083,6,445.62,415.39,302.33,143.28,229.22,2.999,0.9,1,30,Urban,Residential,0,419.36999999999995,367.77799999999996
C01003,6,1323.67,1193.94,832.39,491.28,226.46,8.873,0.915,13,30,Rural,Commercial,0,1236.1333333333334,1100.0700000000002
C01293,3,283.63,210.74,199.46,84.17,226.74,1.856,0.936,12,28,Semi-Urban,Residential,0,234.225,234.225
C00614,3,300.44,297.12,186.56,113.88,232.17,2.27,0.792,4,30,Urban,Residential,0,278.865,278.865
C00861,3,285.08,112.76,187.71,97.37,237.79,1.82,0.915,3,30,Semi-Urban,Residential,0,202.29,202.29
C00730,2,134.12,126.48,92.94,41.18,231.14,0.887,0.909,0,28,Urban,Residential,0,126.48,126.48
C00483,2,3078.67,2383.65,1998.24,1080.43,226.24,20.353,0.929,2,30,Urban,Industrial,0,2383.65,2383.65
C00445,6,851.3,864.92,585.96,265.34,212.9,5.891,0.943,13,28,Urban,Commercial,0,822.7366666666667,770.83
C01074,3,402.7,540.19,293.03,109.66,225.72,2.652,0.934,15,29,Urban,Commercial,0,521.415,521.415
C00047,4,367.04,374.6,133.81,233.23,233.27,2.914,0.75,8,20,Semi-Urban,Commercial,1,407.12000000000006,407.12000000000006
C00647,5,1269.6,1266.04,899.54,370.06,237.08,8.032,0.926,3,30,Rural,Commercial,0,1186.81,1129.04
C00912,1,4616.43,,3016.48,1599.95,222.4,31.555,0.914,15,30,Semi-Urban,Industrial,0,,
C00827,6,1536.49,1432.13,1023.73,512.76,224.47,10.496,0.906,2,30,Urban,Commercial,0,1228.9366666666667,1172.21
C00429,4,387.2,317.61,238.81,148.39,229.25,2.51,0.935,11,30,Rural,Residential,0,272.53333333333336,272.53333333333336
C00951,2,1632.19,1776.45,1076.92,555.27,232.85,10.389,0.937,0,29,Rural,Industrial,0,1776.45,1776.45
C00184,4,1381.74,1281.85,951.7,430.04,226.28,9.434,0.899,19,30,Semi-Urban,Commercial,0,1063.2966666666666,1063.2966666666666
C00095,5,262.96,257.54,149.76,113.21,232.18,1.728,0.91,9,30,Rural,Residential,0,227.7733333333333,217.23000000000002
C00283,3,120.31,109.11,78.38,41.93,224.69,0.817,0.91,2,30,Rural,Residential,0,121.68,121.68
C01219,3,178.39,175.81,107.9,70.5,224.36,1.24,0.891,10,29,Urban,Residential,0,167.87,167.87
C00900,5,4997.79,4812.3,3263.98,1733.81,230.19,31.262,0.965,14,29,Semi-Urban,Industrial,0,4788.096666666666,4482.52
C01339,1,109.86,,68.16,41.7,225.47,0.741,0.913,12,30,Semi-Urban,Residential,0,,
C01292,5,175.82,147.45,114.72,61.11,,1.182,0.925,13,30,Urban,Residential,0,125.32333333333334,124.86
C00540,5,172.84,162.34,113.74,59.11,225.38,1.14,0.934,16,30,Urban,Residential,0,153.9466666666667,152.35
C00097,2,920.85,1237.16,591.66,329.19,228.15,6.191,0.905,14,28,Urban,Commercial,0,1237.16,1237.16
C00010,6,152.19,195.07,99.79,52.4,225.77,1.02,0.918,9,29,Urban,Residential,0,179.59666666666666,162.70999999999998
C00519,3,116.58,140.16,65.87,50.7,232.39,0.751,0.927,18,30,Urban,Residential,0,130.14499999999998,130.14499999999998
C00132,2,274.41,271.51,175.11,99.3,219.63,1.888,0.919,14,30,Semi-Urban,Residential,0,271.51,271.51
C00631,1,185.32,,103.45,81.86,226.56,1.205,0.943,18,30,Urban,Residential,0,,
C00721,3,286.03,265.94,170.27,115.76,221.5,1.947,0.921,16,30,Rural,Residential,0,266.69,266.69
C00543,6,166.14,167.45,112.83,53.31,232.15,1.112,0.894,3,30,Semi-Urban,Residential,0,170.4333333333333,158.2
C01052,4,241.47,231.06,161.55,79.93,226.64,1.576,0.939,6,30,Rural,Residential,0,224.11333333333334,224.11333333333334
C00886,1,737.31,,485.13,252.18,224.78,5.079,0.897,10,29,Urban,Commercial,0,,
C00567,5,184.06,191.16,108.83,75.23,224.1,1.348,0.846,10,28,Urban,Residential,0,167.38333333333333,164.18
C00981,3,683.02,554.99,474.52,208.51,231.55,4.138,0.99,10,30,Rural,Commercial,0,615.8299999999999,615.8299999999999
C00952,1,122.57,,83.26,39.32,230.48,0.755,0.978,6,30,Urban,Residential,0,,
C01487,6,183.03,161.85,135.46,47.57,228.55,1.166,0.954,2,30,Urban,Residential,0,152.79666666666665,147.828
C01478,5,219.44,254.6,150.87,68.57,230.55,1.609,,14,30,Urban,Residential,0,230.75666666666666,219.115
C00795,6,282.01,178.37,184.93,97.09,234.26,1.762,0.949,3,28,Urban,Residential,0,246.71999999999994,260.96799999999996
C01209,5,215.76,268.87,154.78,60.99,221.22,1.57,0.863,16,29,Urban,Residential,0,208.57666666666668,201.9275
C00056,6,269.8,266.56,184.17,85.63,238.86,1.585,0.99,10,30,Urban,Residential,0,209.48333333333335,227.214
C01205,4,766.41,575.23,546.76,219.65,231.13,5.186,0.888,8,28,Urban,Commercial,0,549.8766666666667,549.8766666666667
C01245,1,91.36,,62.03,29.34,228.28,0.572,0.971,5,30,Urban,Residential,0,,
C01316,4,1121.1,839.43,804.75,316.35,221.49,8.486,0.828,11,28,Urban,Commercial,0,683.91,683.91
C00830,5,344.8,386.67,231.09,113.71,223.71,2.429,0.881,3,30,Semi-Urban,Residential,0,318.31666666666666,313.37
C00078,6,1233.91,1376.33,704.13,529.78,232.12,7.458,0.99,15,28,Rural,Commercial,0,1298.1333333333332,1202.0259999999998
C00031,5,427.44,348.66,311.75,115.69,228.65,2.675,0.97,18,28,Rural,Residential,0,303.46,295.8125
C00690,6,172.92,178.06,113.71,59.21,227.84,1.131,0.932,11,30,Urban,Residential,0,159.89000000000001,153.988
C01303,2,149.85,145.75,105.26,44.59,219.71,1.07,0.885,15,29,Urban,Residential,0,145.75,145.75
C00071,1,274.97,,206.1,68.87,231.84,1.766,0.933,5,29,Semi-Urban,Residential,0,,
C00392,5,245.65,217.46,165.25,80.4,228.05,1.597,0.937,5,28,Urban,Residential,0,153.16666666666666,160.6525
C00093,2,111.9,124.47,64.35,47.55,225.55,0.707,0.975,8,29,Rural,Residential,0,124.47,124.47
C00233,6,279.09,439.8,201.6,77.49,228.59,1.847,0.918,8,28,Urban,Residential,0,378.69,342.2
C00231,5,670.8,351.69,484.21,186.59,225.31,4.604,0.898,17,29,Urban,Commercial,0,446.71666666666664,462.3175
C01349,5,5094.56,5134.36,3148.46,1946.1,228.22,35.479,0.874,3,29,Urban,Industrial,0,4140.293333333334,4063.48
C00701,5,282.38,313.68,176.03,106.36,225.76,1.755,0.99,16,28,Semi-Urban,Residential,0,213.06333333333336,211.6325
C00294,3,143.31,113.39,91.53,51.78,231.24,0.973,0.885,6,28,Rural,Residential,0,115.91,115.91
C01370,5,272.97,215.96,188.03,84.93,230.87,1.818,0.903,17,28,Urban,Residential,0,226.21000000000004,225.07
C00050,4,464.78,1060.55,302.61,162.16,227.63,3.084,0.919,7,30,Rural,Commercial,0,1057.2333333333333,1057.2333333333333
C00074,6,266.05,281.2,177.15,88.9,231.31,1.837,0.87,9,29,Urban,Residential,0,253.97666666666666,224.394
C00130,4,894.75,924.26,507.21,387.54,220.81,5.958,0.945,4,30,Urban,Commercial,0,805.2433333333333,805.2433333333333
C00187,4,598.21,443.77,380.23,217.97,227.02,4.247,0.862,17,30,Rural,Commercial,0,398.03999999999996,398.03999999999996
C01317,5,1500.63,1210.79,871.47,629.17,238.21,9.414,0.929,5,30,Semi-Urban,Commercial,0,1112.84,1064.8425
C01311,6,323.1,299.79,218.28,104.82,228.39,2.113,0.93,19,30,Urban,Residential,0,270.01,245.446
C01197,2,3498.23,3845.96,2361.22,1137.01,235.22,23.014,0.898,0,30,Urban,Industrial,0,3845.96,3845.96
C00321,2,3730.77,3879.77,2243.74,1487.02,218.63,25.645,0.924,18,30,Semi-Urban,Industrial,0,3879.77,3879.77
C00110,2,159.22,187.45,96.81,62.41,229.64,1.015,0.949,18,30,Urban,Residential,0,187.45,187.45
C01057,3,304.96,262.85,171.17,133.79,229.84,2.085,0.884,19,29,Semi-Urban,Residential,0,266.28,266.28
C00372,4,457.55,476.98,268.0,189.54,232.39,2.945,0.929,8,28,Urban,Commercial,0,425.1266666666667,425.1266666666667
C01011,4,725.46,505.0,528.8,196.65,227.57,4.731,0.936,4,28,Semi-Urban,Commercial,0,535.69,535.69
C00474,5,312.06,308.8,215.5,96.56,217.57,2.065,0.965,17,30,Semi-Urban,Residential,0,257.3633333333333,244.7275
C00423,6,342.17,348.64,230.88,111.29,229.46,2.155,0.961,2,29,Urban,Residential,0,376.71000000000004,353.76800000000003
C00665,2,860.57,712.92,573.13,287.43,226.4,5.61,0.941,4,30,Urban,Commercial,0,712.92,712.92
C01440,6,3950.56,3873.47,2419.24,1531.32,222.89,24.865,0.99,5,29,Urban,Industrial,0,3557.146666666666,3177.6259999999997
C00424,3,251.11,249.89,175.19,75.92,235.64,1.674,,9,30,Urban,Residential,0,237.90499999999997,237.90499999999997
C00829,3,115.05,240.36,64.0,51.04,226.7,1.092,0.645,13,30,Urban,Residential,1,211.085,211.085
C00872,4,274.84,238.19,198.38,76.46,229.84,1.804,0.921,1,30,Urban,Residential,0,218.91,218.91
C00410,4,752.11,630.21,488.73,263.38,226.11,5.093,0.907,11,28,Urban,Commercial,0,624.2933333333334,624.2933333333334
C00430,5,350.4,394.43,258.86,91.54,226.23,2.301,0.935,8,29,Urban,Residential,0,341.71000000000004,342.725
C01275,6,401.56,350.22,281.66,119.89,219.2,2.624,0.97,9,30,Urban,Residential,0,340.32666666666665,323.144
C01240,3,189.74,156.7,111.35,78.38,221.87,1.323,0.898,17,29,Semi-Urban,Residential,0,164.44,164.44
C01319,3,857.72,754.8,598.01,259.7,223.9,5.732,0.928,14,29,Semi-Urban,Commercial,0,811.805,811.805
C00460,5,425.85,365.89,302.04,123.81,230.62,2.757,0.93,14,30,Rural,Residential,0,338.5,325.68
C01106,5,6094.81,5698.68,3703.99,2390.83,243.22,39.616,0.879,16,28,Rural,Industrial,0,4823.973333333333,4578.445
C01396,2,55.42,158.37,35.45,19.97,231.54,0.358,0.93,15,28,Urban,Residential,0,158.37,158.37
C00094,1,384.76,,237.22,147.53,224.85,2.689,0.884,8,30,Semi-Urban,Commercial,0,,
C00054,3,2987.57,2175.37,1805.42,1182.15,232.78,18.714,0.952,16,29,Semi-Urban,Industrial,0,2395.9449999999997,2395.9449999999997
C00507,4,161.35,207.83,95.22,66.13,234.8,0.993,0.961,14,28,Urban,Residential,1,223.93999999999997,223.93999999999997
C00229,4,285.58,216.29,162.89,122.69,227.13,2.048,0.853,8,29,Urban,Residential,0,217.55666666666664,217.55666666666664
C00962,5,3619.77,3580.84,2092.23,1527.53,237.65,23.854,0.887,17,30,Urban,Industrial,0,3192.3633333333332,3076.2225
C00152,2,265.71,207.11,152.98,112.74,233.89,1.672,0.944,17,28,Semi-Urban,Residential,0,207.11,207.11
C00807,5,391.56,111.22,288.31,103.25,236.09,2.534,0.909,14,28,Urban,Residential,0,162.92,195.01250000000002
C00239,6,405.66,515.88,303.8,101.87,221.63,2.669,0.952,8,28,Semi-Urban,Residential,0,312.93666666666667,309.31
C01312,1,197.73,,116.03,81.69,227.26,1.354,0.893,4,30,Urban,Residential,0,,
C00907,5,315.25,283.21,210.18,105.07,237.58,1.974,0.934,17,30,Semi-Urban,Residential,0,254.20333333333338,250.35000000000002
C00665,1,712.92,,415.51,297.4,228.46,4.559,0.951,4,30,Urban,Commercial,0,,
C01228,1,301.71,,197.92,103.79,231.47,1.881,0.962,5,29,Urban,Residential,0,,
C00826,1,99.63,,63.92,35.71,225.75,0.645,0.95,2,30,Urban,Residential,0,,
C00527,4,378.43,286.61,242.7,135.72,237.72,2.428,0.91,7,29,Semi-Urban,Residential,0,261.36333333333334,261.36333333333334
C01168,2,272.73,301.26,203.32,69.41,228.25,1.878,0.884,15,29,Semi-Urban,Residential,0,301.26,301.26
C00155,3,233.27,218.88,169.12,64.15,227.36,1.494,0.954,18,30,Urban,Residential,0,227.655,227.655
C00833,1,1067.89,,786.44,281.45,228.76,7.23,0.897,15,29,Semi-Urban,Commercial,0,,
C00412,5,868.31,507.93,535.49,332.82,227.85,5.64,0.938,5,29,Semi-Urban,Commercial,0,634.0166666666667,635.695
C00003,4,146.23,114.39,80.44,65.79,234.25,0.999,0.868,12,29,Urban,Residential,0,121.73,121.73
C00024,6,152.72,148.5,103.36,49.36,223.2,1.001,0.95,17,30,Semi-Urban,Residential,0,154.61666666666667,141.018
C01237,1,421.41,,258.93,162.48,224.39,2.976,0.877,2,30,Semi-Urban,Commercial,0,,
C00394,6,229.29,233.33,151.49,77.79,236.69,1.396,0.964,15,30,Rural,Residential,0,227.1866666666667,212.488
C01428,2,237.1,248.64,167.5,69.6,238.58,1.492,0.925,8,30,Rural,Residential,0,248.64,248.64
C01175,1,288.86,,207.59,81.27,224.54,2.019,0.885,5,30,Urban,Residential,0,,
C00194,4,154.84,122.69,89.83,65.0,224.61,1.032,0.927,2,30,Urban,Residential,0,121.06,121.06
C00794,5,277.83,300.87,174.36,103.47,225.37,1.996,0.858,10,30,Urban,Residential,0,260.84666666666664,249.8075
C01261,4,320.18,311.68,192.65,127.53,230.25,2.375,0.813,19,29,Urban,Residential,0,273.98,273.98
C00701,3,153.74,171.77,98.98,54.76,229.82,1.707,0.544,16,28,Semi-Urban,Residential,1,189.555,189.555
C00585,6,373.89,1803.56,253.23,120.66,228.46,2.35,0.967,11,20,Semi-Urban,Industrial,1,1873.0933333333332,1744.92
C00201,5,259.89,262.91,187.79,72.1,236.58,1.597,0.955,19,29,Rural,Residential,0,223.22333333333333,222.13
C01345,5,187.76,152.64,112.43,75.33,222.85,1.303,0.898,19,28,Urban,Residential,0,158.04999999999998,156.9125
C00228,1,2601.49,,1514.05,1087.44,224.86,17.204,0.934,1,28,Rural,Industrial,0,,
C01176,2,210.77,257.56,152.23,58.54,227.57,1.467,0.877,9,29,Semi-Urban,Residential,0,257.56,257.56
C00203,1,281.7,,167.34,114.35,230.35,1.811,0.938,13,30,Urban,Residential,0,,
C00313,5,1102.57,1342.03,607.3,495.27,229.25,6.926,0.964,17,29,Urban,Commercial,0,918.4066666666668,929.3675000000001
C01287,4,956.22,370.45,643.99,312.23,227.36,5.918,0.987,1,28,Semi-Urban,Commercial,0,577.1999999999999,577.1999999999999
C01290,4,4000.28,4289.59,2607.26,1393.02,223.87,27.109,0.915,11,29,Urban,Industrial,0,3697.883333333333,3697.883333333333
C01381,5,102.23,271.06,63.64,38.6,219.52,0.68,0.951,11,30,Urban,Residential,0,258.95666666666665,260.4775
C01280,3,330.79,313.34,224.0,106.79,229.33,2.129,0.941,4,29,Semi-Urban,Residential,0,329.15,329.15
C00831,6,341.99,399.06,205.03,136.97,227.37,2.273,0.919,1,29,Urban,Residential,0,352.5466666666666,323.664
C00804,2,265.43,223.23,172.25,93.18,232.37,1.708,0.929,18,30,Urban,Residential,0,223.23,223.23
C00196,1,212.51,,157.94,54.57,229.68,1.507,0.853,10,30,Semi-Urban,Residential,0,,
C00097,4,1467.6,1065.06,1047.17,420.43,217.86,10.57,0.885,14,30,Urban,Commercial,0,1074.3566666666668,1074.3566666666668
C00364,5,227.93,236.45,164.21,63.71,229.65,1.605,0.859,8,28,Urban,Residential,0,209.63666666666668,205.04500000000002
C00681,5,280.25,291.44,194.34,85.91,226.82,1.893,0.907,0,28,Semi-Urban,Residential,0,273.5366666666667,257.69
C00935,6,371.4,335.24,245.81,125.58,237.38,2.211,0.983,16,30,Rural,Residential,0,353.10666666666674,335.098
C00658,3,577.0,576.84,396.22,180.79,222.93,3.631,0.99,14,30,Rural,Commercial,0,526.9200000000001,526.9200000000001
C00306,4,919.93,727.24,579.3,340.63,222.59,6.119,0.938,11,30,Semi-Urban,Commercial,0,633.8366666666667,633.8366666666667
C01131,2,122.12,103.5,73.52,48.6,230.82,0.796,0.924,9,30,Rural,Residential,0,103.5,103.5
C00305,2,230.71,176.85,148.02,82.69,230.9,1.515,0.916,19,28,Rural,Residential,0,176.85,176.85
C01087,3,209.31,227.59,136.27,73.04,235.18,1.35,0.916,17,30,Urban,Residential,0,221.755,221.755
C00310,6,208.83,215.11,120.45,88.38,233.21,1.311,0.949,18,28,Rural,Residential,0,199.09333333333333,194.422
C01150,1,642.84,,356.96,285.88,234.19,4.072,0.936,10,30,Urban,Commercial,0,,
C01414,5,95.03,183.92,55.49,39.54,228.95,0.601,0.959,10,28,Urban,Residential,0,166.29666666666665,163.065
C00448,4,316.71,321.95,202.43,114.29,232.29,2.091,0.906,11,30,Semi-Urban,Residential,0,278.65000000000003,278.65000000000003
C00862,2,255.45,206.01,188.63,66.82,224.85,1.826,0.864,0,30,Urban,Residential,0,206.01,206.01
C00736,2,481.27,567.74,323.09,158.18,225.45,3.118,0.951,0,30,Rural,Commercial,0,567.74,567.74
C01319,1,868.81,,621.5,247.31,235.91,5.491,0.931,14,30,Semi-Urban,Commercial,0,,
C00521,2,316.88,286.05,190.51,126.38,,2.19,0.892,7,29,Urban,Residential,0,286.05,286.05
C00065,4,328.82,273.45,232.41,96.41,224.23,2.203,0.925,10,29,Semi-Urban,Residential,0,233.67999999999998,233.67999999999998
C01425,3,138.25,105.03,100.24,38.01,227.64,0.984,0.857,13,28,Rural,Residential,0,125.525,125.525
C00173,1,146.73,,85.1,61.63,237.57,0.916,0.936,11,30,Urban,Residential,0,,
C01488,1,129.89,,85.33,44.56,238.81,0.794,0.952,3,28,Urban,Residential,0,,
C00415,5,257.61,322.24,183.62,73.99,232.43,1.631,0.944,5,30,Urban,Residential,0,278.33666666666664,271.815
C00382,1,385.1,,269.36,115.74,224.05,2.725,0.876,14,30,Semi-Urban,Commercial,0,,
C00532,2,2340.43,2743.72,1447.86,892.58,224.32,16.367,0.885,16,30,Rural,Industrial,0,2743.72,2743.72
C00439,2,156.75,166.61,104.28,52.47,228.07,1.021,0.935,5,30,Urban,Residential,0,166.61,166.61
C00646,3,3784.75,4010.91,2575.33,1209.42,227.71,25.806,0.895,16,30,Rural,Industrial,0,3767.805,3767.805
C00599,3,232.86,265.46,135.06,97.8,230.02,1.629,0.863,12,30,Rural,Residential,0,246.95499999999998,246.95499999999998
C00510,5,267.04,214.29,186.41,80.63,234.58,1.698,0.931,0,29,Urban,Residential,0,201.65666666666667,196.5425
C01194,5,161.97,142.07,106.63,55.34,231.66,1.109,0.876,18,29,Semi-Urban,Residential,0,124.05,122.475
C00156,2,200.04,175.96,138.83,61.21,226.19,1.259,0.975,11,30,Semi-Urban,Residential,0,175.96,175.96
C00658,1,477.0,,326.81,150.18,228.51,3.152,0.92,14,30,Rural,Commercial,0,,
C00116,2,2799.52,2608.28,2089.03,710.49,233.2,18.322,0.91,2,30,Rural,Industrial,0,2608.28,2608.28
C01398,3,1119.63,985.65,653.24,466.38,226.96,7.46,0.918,8,28,Urban,Commercial,0,1032.155,1032.155
C00316,2,314.09,324.62,178.68,135.4,228.94,2.143,0.889,9,28,Rural,Residential,0,324.62,324.62
C00379,1,1054.05,,734.32,319.73,224.81,6.651,0.979,17,29,Urban,Commercial,0,,
C01481,6,318.74,380.73,214.03,104.71,246.26,1.968,0.913,14,30,Urban,Residential,0,320.75,293.636
C00139,2,359.02,423.31,268.87,90.14,229.64,2.25,0.965,7,30,Semi-Urban,Commercial,0,423.31,423.31
C01467,1,223.76,,130.27,93.49,226.66,1.488,0.922,3,30,Semi-Urban,Residential,0,,
C00857,3,287.08,313.48,168.75,118.33,227.42,1.965,0.892,1,28,Semi-Urban,Residential,0,291.86,291.86
C00624,5,359.35,396.63,239.04,120.32,237.03,2.275,0.926,17,30,Semi-Urban,Residential,0,336.3666666666666,313.28
C01423,2,153.98,158.84,104.78,49.2,239.09,1.002,0.893,7,30,Semi-Urban,Residential,0,158.84,158.84
C00008,3,4098.41,2466.7,2387.68,1710.73,232.02,25.652,0.956,2,28,Semi-Urban,Industrial,0,2989.83,2989.83
C00517,6,4371.08,4315.3,2848.86,1522.23,225.61,28.184,0.955,9,30,Semi-Urban,Industrial,0,3480.7899999999995,3290.174
C00712,2,156.93,140.71,94.67,62.26,235.41,1.008,0.919,6,29,Urban,Residential,0,140.71,140.71
C00503,1,889.12,,576.93,312.19,223.27,5.773,0.958,0,28,Semi-Urban,Commercial,0,,
C01347,6,306.55,323.53,215.25,91.3,226.18,1.965,0.958,5,30,Urban,Residential,0,279.81333333333333,273.868
C01422,1,296.31,,209.4,86.91,223.96,1.982,0.927,1,30,Semi-Urban,Residential,0,,
C00038,2,243.38,210.2,144.95,98.43,230.87,1.575,0.93,13,30,Rural,Residential,0,210.2,210.2
C00495,2,174.68,154.32,101.73,72.95,222.47,1.199,0.91,13,29,Rural,Residential,0,154.32,154.32
C00198,6,222.19,53.74,147.98,74.21,228.32,1.544,0.875,16,30,Rural,Residential,1,107.72333333333334,138.596
C01023,3,4080.45,3721.31,2654.99,1425.46,225.44,,0.89,15,30,Rural,Industrial,0,3974.8450000000003,3974.8450000000003
C00140,4,162.87,118.08,92.83,70.04,223.61,1.087,0.93,17,28,Rural,Residential,0,117.11,117.11
C00629,5,67.62,204.65,48.82,18.79,,0.417,0.982,8,29,Urban,Residential,0,179.67333333333332,175.195
C00281,4,321.77,266.58,204.49,117.28,235.02,2.137,0.89,15,30,Urban,Residential,0,271.68,271.68
C01229,5,585.95,538.46,324.42,261.53,230.07,3.792,0.933,0,29,Urban,Commercial,0,514.4533333333334,505.0375
C00510,6,237.49,267.04,145.3,92.19,230.21,1.585,0.904,0,30,Urban,Residential,0,234.53333333333333,210.642
C01307,3,225.46,206.74,141.41,84.04,240.42,1.41,0.924,4,30,Rural,Residential,0,200.715,200.715
C01236,3,169.63,161.62,110.45,59.19,235.05,1.07,0.937,8,30,Semi-Urban,Residential,0,161.04500000000002,161.04500000000002
C00011,4,916.56,747.28,533.92,382.64,232.86,5.702,0.959,14,30,Rural,Commercial,0,819.9533333333334,819.9533333333334
C00516,3,748.95,595.95,468.97,279.98,235.58,4.522,0.976,0,28,Urban,Commercial,0,716.86,716.86
C00103,6,235.37,201.67,144.79,90.58,231.81,1.464,0.963,8,28,Semi-Urban,Residential,0,192.21333333333334,177.94400000000002
C01491,6,3025.67,3228.81,2246.47,779.2,217.43,22.041,0.877,3,28,Rural,Industrial,0,3246.7066666666665,2958.218
C01070,3,1072.9,912.52,709.21,363.69,224.79,7.257,0.914,13,29,Semi-Urban,Commercial,0,919.485,919.485
C00038,6,305.85,311.96,198.56,107.29,231.05,1.955,0.94,13,28,Rural,Residential,0,295.43666666666667,267.97799999999995
C00847,6,237.17,286.75,168.42,68.75,229.73,1.533,0.935,12,30,Urban,Residential,0,281.53,256.586
C01164,1,169.88,,98.84,71.04,231.91,,0.935,17,30,Urban,Residential,0,,
C01032,6,1158.94,1217.28,854.86,304.08,233.79,7.384,0.932,5,30,Urban,Commercial,0,1126.4333333333334,1045.45
C00533,4,854.65,732.61,611.16,243.5,232.51,5.65,0.904,11,30,Urban,Commercial,0,712.1566666666668,712.1566666666668
C01378,6,461.01,366.97,292.3,168.71,218.63,3.223,0.909,18,29,Urban,Residential,0,386.3533333333333,352.192
C00610,3,479.49,524.31,341.2,138.29,233.72,3.518,0.81,17,30,Urban,Commercial,0,506.54999999999995,506.54999999999995
C01431,4,3277.77,2489.45,2058.87,1218.9,230.53,22.176,0.891,17,28,Urban,Industrial,0,2275.683333333333,2275.683333333333
C00162,4,205.35,116.67,146.85,58.5,243.42,1.313,0.893,15,29,Urban,Residential,0,133.51333333333335,133.51333333333335
C00301,6,375.96,334.76,243.21,132.75,238.83,2.332,0.937,13,29,Rural,Residential,0,343.9433333333333,331.724
C00408,6,156.68,149.1,93.43,63.26,237.5,1.039,,9,30,Urban,Residential,0,149.43,136.672
C00155,2,218.88,236.43,141.94,76.94,229.27,1.518,0.873,18,28,Urban,Residential,0,236.43,236.43
C01336,3,520.55,522.69,315.38,205.17,237.45,3.231,0.942,18,30,Semi-Urban,Commercial,0,563.075,563.075
C00906,1,158.77,,106.81,51.96,226.2,1.027,0.949,11,29,Urban,Residential,0,,
C01025,2,2245.55,1975.58,1429.78,815.77,235.05,13.961,0.95,0,29,Urban,Industrial,0,1975.58,1975.58
C01227,5,164.04,178.61,98.33,65.7,228.43,1.165,0.856,5,30,Urban,Residential,0,163.85333333333332,158.0
C00814,6,143.64,134.99,82.44,61.2,231.25,0.952,0.906,10,28,Urban,Residential,0,137.26,124.89000000000001
C00476,2,142.14,135.54,95.06,47.07,232.34,0.969,0.877,13,30,Semi-Urban,Residential,0,135.54,135.54
C01183,5,187.35,181.34,110.27,77.08,222.91,1.236,0.944,15,29,Urban,Residential,0,162.56333333333336,155.475
C00701,6,264.39,282.38,164.68,99.71,225.27,1.669,0.977,16,30,Semi-Urban,Residential,0,249.9333333333333,225.782
C00311,1,938.38,,692.31,246.07,235.13,6.094,0.91,13,30,Semi-Urban,Commercial,0,,
C00832,4,188.05,149.2,105.26,82.79,230.98,1.28,0.883,12,30,Urban,Residential,0,148.08,148.08
C01304,6,320.16,345.54,185.99,134.18,239.55,1.983,0.936,14,30,Rural,Residential,0,334.9266666666667,319.756
C01056,5,1105.26,805.34,660.36,444.9,223.2,7.065,0.974,18,29,Urban,Commercial,0,801.1533333333333,784.73
C01268,5,1215.07,2187.6,742.51,472.56,228.9,8.032,0.918,13,30,Semi-Urban,Industrial,0,1886.9133333333332,1846.5
C01156,1,161.72,,97.47,64.25,226.47,1.087,0.912,7,30,Urban,Residential,0,,
C00043,1,127.24,,75.77,51.47,231.87,0.827,0.921,17,29,Urban,Residential,0,,
C01210,6,4104.6,4124.6,2906.01,1198.59,229.96,26.976,0.919,7,30,Rural,Industrial,0,3928.436666666667,3708.168
C01068,6,365.24,325.93,222.03,143.21,236.28,2.304,0.932,12,30,Rural,Residential,0,350.71000000000004,333.072
C00299,2,228.84,268.99,155.18,73.66,229.68,1.398,0.99,12,29,Rural,Residential,0,268.99,268.99
C01427,1,156.23,,104.66,51.57,228.75,1.036,0.915,6,30,Semi-Urban,Residential,0,,
C00344,2,997.16,1026.89,653.63,343.53,227.41,6.462,0.942,15,29,Rural,Commercial,0,1026.89,1026.89
C01444,4,416.94,152.77,295.43,121.51,237.35,2.726,0.895,18,28,Urban,Residential,0,248.15,248.15
C00508,6,294.78,267.65,165.22,129.57,226.53,2.133,0.847,13,30,Semi-Urban,Residential,0,239.96666666666667,251.26399999999998
C00828,4,743.04,701.58,414.31,328.73,233.19,4.953,0.894,6,30,Urban,Commercial,0,583.7866666666667,583.7866666666667
C01030,5,146.69,158.59,83.05,63.64,233.57,,0.931,15,28,Semi-Urban,Residential,0,135.04333333333332,129.70250000000001
C00318,1,455.37,,286.74,168.62,231.73,2.994,0.912,0,30,Urban,Commercial,0,,
C00459,3,1354.3,968.15,830.95,523.35,228.41,8.318,0.99,6,29,Semi-Urban,Commercial,0,1054.5049999999999,1054.5049999999999
C00556,5,385.98,371.84,283.79,102.18,225.83,2.659,0.893,6,30,Urban,Residential,0,298.20666666666665,293.77250000000004
C00354,2,123.11,175.35,75.05,48.05,231.62,0.802,0.92,13,30,Urban,Residential,0,175.35,175.35
C01251,2,289.12,347.59,172.49,116.63,230.59,1.76,0.989,13,28,Semi-Urban,Residential,0,347.59,347.59
C01022,2,279.68,257.37,170.49,109.19,244.64,1.751,0.907,7,29,Urban,Residential,0,257.37,257.37
C00674,4,187.04,163.78,135.48,51.55,231.69,1.158,0.968,2,30,Urban,Residential,0,157.61666666666667,157.61666666666667
C00449,2,2834.69,2988.9,1908.02,926.67,229.86,19.965,0.858,15,29,Semi-Urban,Industrial,0,2988.9,2988.9
C00984,1,224.64,,129.04,95.61,232.05,1.416,0.95,16,29,Urban,Residential,0,,
C01056,1,735.46,,493.3,242.16,230.78,4.776,0.927,18,28,Urban,Commercial,0,,
C00321,4,4811.33,3239.76,2738.29,2073.05,227.3,31.716,0.927,18,28,Semi-Urban,Industrial,0,3616.7666666666664,3616.7666666666664
C01382,6,425.29,437.88,263.38,161.92,230.97,2.788,0.917,1,30,Rural,Residential,0,386.75,348.73199999999997
C00013,4,222.23,226.63,131.4,90.83,229.46,1.531,0.879,9,29,Semi-Urban,Residential,0,194.57000000000002,194.57000000000002
C00391,6,316.01,313.13,207.89,108.11,217.92,2.188,0.921,6,29,Urban,Residential,0,326.63,289.076
C00392,6,114.35,245.65,68.58,45.77,226.28,1.353,0.519,5,30,Urban,Residential,1,191.92,177.652
C00944,6,1012.64,981.78,652.04,360.61,237.68,6.326,0.935,19,29,Rural,Commercial,0,886.0233333333332,855.6779999999999
C00072,5,165.75,370.21,110.82,54.93,230.76,1.632,0.611,13,29,Rural,Residential,1,319.93666666666667,308.03749999999997
C01112,5,195.79,191.69,138.9,56.89,237.17,1.232,0.93,7,29,Rural,Residential,0,169.95333333333335,168.1875
C00738,6,146.0,155.01,82.96,63.04,233.38,0.95,0.915,18,28,Urban,Residential,0,148.46666666666667,134.564
C00754,5,380.37,331.16,266.28,114.09,228.06,2.371,0.977,6,29,Semi-Urban,Residential,0,241.89333333333335,237.37750000000003
C01241,1,678.33,,445.71,232.63,231.12,4.487,0.908,15,30,Semi-Urban,Commercial,0,,
C01417,2,143.73,158.09,85.11,58.61,230.93,0.903,0.958,3,29,Rural,Residential,0,158.09,158.09
C00804,6,212.14,274.8,139.46,72.68,237.87,1.418,0.873,18,30,Urban,Residential,1,292.76,273.38800000000003
C01189,6,176.99,226.68,124.41,52.58,234.65,1.281,0.818,12,29,Semi-Urban,Residential,0,226.9333333333333,199.036
C01101,5,217.28,286.21,161.56,55.71,223.12,1.366,0.99,3,28,Urban,Residential,0,255.70666666666668,244.3425
C01121,4,216.51,166.28,126.75,89.76,232.56,1.411,0.916,0,30,Urban,Residential,0,154.13666666666666,154.13666666666666
C00578,4,461.95,378.06,344.81,117.14,231.05,2.984,0.931,1,30,Rural,Residential,0,329.69666666666666,329.69666666666666
C01034,1,969.57,,610.5,359.07,224.57,6.245,0.96,9,30,Urban,Commercial,0,,
C00041,1,283.12,,174.3,108.82,224.29,1.922,0.912,11,29,Urban,Residential,0,,
C00131,4,147.57,138.54,88.75,58.83,240.86,0.898,0.948,7,30,Urban,Residential,0,135.39,135.39
C00226,5,273.89,232.63,165.64,108.25,217.87,1.832,0.953,11,28,Semi-Urban,Residential,0,208.87333333333333,213.48
C00512,1,1760.82,,1032.21,728.6,223.67,11.668,0.937,15,30,Semi-Urban,Industrial,0,,
C00772,5,223.13,221.78,124.39,98.74,225.37,1.547,0.889,7,29,Rural,Residential,0,177.91333333333333,176.14
C00163,6,113.06,145.23,72.78,40.29,226.13,0.768,0.905,6,25,Semi-Urban,Residential,1,178.54999999999998,184.148
C00135,6,4996.95,5076.51,3089.26,1907.69,231.64,33.749,0.888,5,30,Urban,Industrial,0,4348.63,4132.8
C00362,3,3108.58,3093.43,2307.03,801.55,229.63,21.858,0.86,17,29,Urban,Industrial,0,2846.785,2846.785
C01284,3,840.46,695.87,494.57,345.89,226.65,5.395,0.955,19,30,Semi-Urban,Commercial,0,688.5699999999999,688.5699999999999
C01368,3,620.08,469.1,354.81,265.27,224.25,4.282,0.897,1,30,Urban,Commercial,0,521.1600000000001,521.1600000000001
C00267,4,447.83,276.84,333.15,114.69,233.91,2.918,0.911,17,28,Rural,Residential,0,306.96,306.96
C00491,2,712.42,708.55,508.38,204.04,222.31,5.327,0.836,17,29,Semi-Urban,Commercial,0,708.55,708.55
C01216,6,4560.42,3925.2,3350.08,1210.35,232.49,30.025,0.907,4,29,Semi-Urban,Industrial,0,3990.623333333333,3719.8940000000002
C01212,6,205.98,238.26,125.15,80.82,229.85,1.287,0.967,8,30,Urban,Residential,0,243.40666666666667,213.88400000000001
C00603,5,732.95,682.66,468.96,263.99,226.85,4.698,0.955,7,28,Urban,Commercial,0,715.8433333333334,714.4025
C00115,1,943.61,,538.67,404.94,227.5,6.145,0.938,18,28,Urban,Commercial,0,,
C01233,3,113.3,139.73,80.9,32.41,233.63,,0.462,4,29,Rural,Residential,1,137.31,137.31
C01031,1,2734.5,,1813.93,920.57,235.22,17.67,0.914,2,28,Rural,Industrial,0,,
C00271,1,205.59,,146.06,59.53,237.15,1.324,0.91,12,30,Semi-Urban,Residential,0,,
C01360,3,2112.68,1902.82,1470.13,642.55,233.66,13.223,0.95,3,30,Semi-Urban,Industrial,0,1920.88,1920.88
C00248,1,232.51,,161.09,71.42,226.37,1.561,0.914,0,30,Urban,Residential,0,,
C00358,5,224.12,229.76,153.82,70.3,230.92,1.512,0.892,13,30,Rural,Residential,0,193.5533333333333,181.32999999999998
C00301,2,265.02,361.77,163.64,101.37,229.2,1.818,0.883,13,30,Rural,Residential,0,361.77,361.77
C00350,2,188.97,219.4,117.25,71.71,231.91,1.178,0.96,4,28,Urban,Residential,0,219.4,219.4
C00823,1,245.55,,163.94,81.61,220.2,1.705,0.908,4,30,Semi-Urban,Residential,0,,
C01021,4,1205.91,976.79,688.41,517.5,235.29,7.271,0.979,6,30,Urban,Commercial,0,941.5766666666667,941.5766666666667
C00227,2,243.65,219.48,164.91,78.74,225.77,1.76,0.852,12,28,Urban,Residential,0,219.48,219.48
C01090,1,532.02,,335.0,197.03,235.04,3.578,0.879,18,28,Urban,Commercial,0,,
C00673,1,151.46,,87.89,63.57,224.59,0.999,0.937,1,28,Semi-Urban,Residential,0,,
C01473,3,344.21,327.65,235.21,109.0,241.41,2.112,0.938,15,30,Urban,Residential,0,316.74,316.74
C01108,5,277.24,246.45,183.12,94.11,242.6,1.628,0.975,0,29,Semi-Urban,Residential,0,166.01333333333332,174.5075
C01455,4,182.97,149.79,112.29,70.68,236.21,1.165,0.923,7,29,Rural,Residential,0,141.51,141.51
C01175,5,304.37,328.92,210.75,93.62,231.74,1.843,0.99,5,28,Urban,Residential,0,296.5566666666667,294.6325
C01174,2,170.87,175.41,110.77,60.1,233.37,1.134,0.897,8,30,Semi-Urban,Residential,0,175.41,175.41
C01084,1,205.92,,131.27,74.64,235.83,1.334,0.909,1,29,Urban,Residential,0,,
C00269,2,198.76,231.92,146.26,52.5,235.26,1.264,0.928,10,29,Semi-Urban,Residential,0,231.92,231.92
C00626,4,279.55,218.76,169.7,109.85,223.31,1.793,0.97,6,30,Urban,Residential,0,210.5533333333333,210.5533333333333
C00083,3,280.15,268.24,161.99,118.16,231.4,1.799,0.934,19,30,Rural,Residential,0,241.73000000000002,241.73000000000002
C01171,4,272.23,224.36,180.73,91.5,234.8,1.748,0.921,12,30,Urban,Residential,0,205.12666666666667,205.12666666666667
C00554,2,586.58,668.84,428.93,157.65,231.07,3.759,0.938,4,30,Urban,Commercial,0,668.84,668.84
C00821,4,405.52,330.8,248.35,157.17,230.18,2.572,0.951,11,30,Semi-Urban,Residential,0,314.5733333333333,314.5733333333333
C00337,2,236.2,250.83,167.23,68.97,219.13,1.577,0.949,7,28,Rural,Residential,0,250.83,250.83
C00815,3,296.8,290.98,202.56,94.24,227.53,1.996,0.908,3,29,Rural,Residential,0,282.5,282.5
C00389,1,138.77,,95.87,42.9,234.05,0.94,0.876,13,29,Urban,Residential,0,,
C00005,6,319.92,358.63,191.98,127.94,241.37,1.988,0.926,2,30,Rural,Residential,0,347.81333333333333,324.23199999999997
C00994,1,606.12,,439.99,166.13,231.11,3.963,0.919,17,29,Urban,Commercial,0,,
C00731,2,235.32,205.84,163.08,72.24,237.26,1.474,0.934,2,30,Rural,Residential,0,205.84,205.84
C01478,2,195.11,184.19,125.63,69.48,230.34,1.355,0.868,14,30,Urban,Residential,0,184.19,184.19
C00520,5,401.56,360.13,294.35,107.21,223.9,2.782,0.895,16,29,Semi-Urban,Residential,0,298.21,298.7675
C00183,1,348.82,,235.71,113.11,237.3,2.097,0.974,1,30,Urban,Residential,0,,
C00542,1,2804.75,,1665.28,1139.47,230.86,18.813,0.897,0,30,Urban,Industrial,0,,
C00021,5,217.16,252.67,149.54,67.62,231.34,1.373,0.949,2,28,Semi-Urban,Residential,0,220.16333333333333,202.9875
C00870,6,249.38,336.88,146.62,102.76,229.66,1.764,0.855,8,30,Semi-Urban,Residential,0,235.26333333333332,225.57399999999998
C01203,5,290.74,332.34,211.18,79.56,229.8,1.972,0.891,5,30,Semi-Urban,Residential,0,276.21666666666664,274.9075
C00805,6,185.45,180.04,130.92,54.53,231.34,1.213,0.918,2,30,Urban,Residential,0,193.20666666666668,175.054
C01414,4,183.92,157.19,101.71,82.21,227.06,1.161,0.969,10,30,Urban,Residential,0,156.11333333333334,156.11333333333334
C01483,2,260.65,222.86,144.54,116.1,223.86,1.791,0.903,16,30,Urban,Residential,0,222.86,222.86
C00384,1,868.61,,478.22,390.39,225.87,5.608,0.952,12,30,Urban,Commercial,0,,
C01049,2,915.56,975.06,573.72,341.84,233.85,6.017,0.904,11,30,Rural,Commercial,0,975.06,975.06
C00259,6,271.16,237.62,166.89,104.27,228.54,1.823,0.904,18,29,Semi-Urban,Residential,0,237.02666666666667,225.76799999999997
C01379,4,357.16,342.78,252.15,105.01,226.51,2.212,0.99,0,29,Rural,Residential,0,247.51666666666665,247.51666666666665
C00557,6,316.38,299.96,186.75,129.63,232.76,2.064,0.914,10,30,Semi-Urban,Residential,0,289.55,274.066
C00100,5,680.16,741.28,435.34,244.82,237.17,4.084,0.975,6,30,Rural,Commercial,0,600.4533333333334,576.905
C00354,6,213.46,200.81,140.6,72.86,237.57,1.482,0.842,13,30,Urban,Residential,0,186.12666666666667,171.368
C01254,1,296.7,,208.71,88.0,244.36,1.926,0.875,18,30,Semi-Urban,Residential,0,,
C00237,1,764.03,,527.29,236.74,226.54,5.196,0.901,12,29,Semi-Urban,Commercial,0,,
C01174,5,208.17,228.37,131.1,77.07,227.72,1.349,0.941,8,28,Semi-Urban,Residential,0,190.82333333333335,186.97
C01297,6,336.05,339.24,243.29,92.75,,2.251,0.884,15,28,Semi-Urban,Residential,0,326.86333333333334,305.86
C00961,3,1025.64,939.96,706.67,318.97,231.91,6.299,0.975,12,29,Rural,Commercial,0,854.75,854.75
C01117,1,162.29,,121.39,40.9,222.64,1.18,0.858,8,30,Urban,Residential,0,,
C00955,2,534.93,504.58,323.76,211.17,234.48,3.24,0.978,11,29,Semi-Urban,Commercial,0,504.58,504.58
C01329,1,228.06,,146.53,81.52,226.49,1.537,0.91,7,30,Urban,Residential,0,,
C00811,4,3893.83,2830.88,2623.24,1270.59,223.16,26.804,0.904,8,29,Urban,Industrial,0,2873.1533333333336,2873.1533333333336
C00367,2,770.82,656.28,565.36,205.45,233.05,5.651,0.813,12,28,Semi-Urban,Commercial,0,656.28,656.28
C00820,5,234.75,233.49,167.95,66.8,232.56,1.723,0.814,4,30,Semi-Urban,Residential,0,204.48333333333335,215.02
C00561,3,147.73,108.21,108.5,39.23,222.0,1.002,0.922,10,28,Urban,Residential,0,116.75,116.75
C00928,2,187.49,196.76,119.57,67.92,229.95,1.333,0.849,1,29,Urban,Residential,0,196.76,196.76
C00121,6,1460.65,1193.12,986.47,474.19,222.77,9.924,0.918,17,29,Urban,Commercial,0,1264.6966666666667,1159.842
C00652,4,342.86,373.3,251.08,91.78,227.48,2.213,0.946,7,29,Urban,Residential,0,295.27000000000004,295.27000000000004
C01291,3,3654.18,2962.5,2596.84,1057.34,227.4,23.483,0.95,2,28,Urban,Industrial,0,3209.3,3209.3
C00135,5,5076.51,4242.01,3201.62,1874.89,238.45,30.212,0.979,5,30,Urban,Industrial,0,3930.0699999999997,3896.8725
C00661,3,175.95,181.97,103.08,72.87,220.93,1.117,0.99,9,29,Urban,Residential,0,171.41,171.41
C01128,4,1131.6,870.3,793.51,338.09,224.23,7.787,0.9,10,28,Urban,Commercial,0,785.52,785.52
C00160,5,182.03,144.5,109.71,72.32,227.56,1.241,0.895,10,28,Semi-Urban,Residential,0,137.4,133.98250000000002
C00725,5,1181.59,1066.13,870.16,311.43,243.13,8.134,0.83,13,29,Rural,Commercial,0,982.3800000000001,984.19
C00873,3,136.09,136.46,88.6,47.49,229.91,0.983,0.836,1,29,Urban,Residential,0,138.365,138.365
C00786,6,269.28,247.9,181.12,88.15,227.22,1.677,0.981,4,30,Urban,Residential,0,277.73333333333335,260.72400000000005
C00136,1,149.39,,99.16,50.23,226.06,1.062,0.864,16,30,Urban,Residential,0,,
C01354,2,247.21,265.18,164.53,82.69,225.29,1.625,0.938,13,29,Semi-Urban,Residential,0,265.18,265.18
C00140,1,115.01,,84.91,30.11,236.82,0.749,0.9,17,30,Rural,Residential,0,,
C01217,2,259.76,226.35,166.58,93.18,231.88,1.903,0.818,14,30,Urban,Residential,0,226.35,226.35
C00404,6,232.77,230.04,143.24,89.54,228.47,1.5,0.943,3,29,Semi-Urban,Residential,0,162.39333333333335,168.87
C00870,3,95.19,199.62,58.97,36.22,224.89,0.636,0.925,8,28,Semi-Urban,Residential,0,211.04000000000002,211.04000000000002
C01354,5,366.29,327.76,230.49,135.81,227.5,2.387,0.937,13,28,Semi-Urban,Residential,0,276.4866666666667,273.65999999999997
C00206,6,322.59,383.11,219.73,102.85,236.76,1.911,0.99,5,29,Semi-Urban,Residential,0,358.32666666666665,329.656
C00205,2,1965.59,1933.39,1351.12,614.47,222.12,13.6,0.904,14,30,Semi-Urban,Industrial,0,1933.39,1933.39
C01077,6,274.99,312.58,173.51,101.48,223.72,1.886,0.905,15,29,Urban,Residential,0,272.44666666666666,252.254
C01244,3,2245.16,1981.09,1597.29,647.87,232.47,14.785,0.907,14,28,Rural,Industrial,0,2108.83,2108.83
C00717,3,608.42,653.9,392.29,216.13,238.61,4.063,0.872,18,29,Urban,Commercial,0,579.625,579.625
C00621,1,436.57,,313.93,122.65,225.91,3.061,0.877,15,29,Urban,Commercial,0,,
C00692,3,151.63,148.74,87.49,64.15,231.86,1.115,0.814,9,30,Semi-Urban,Residential,0,134.45,134.45
C00537,2,230.49,211.1,133.62,96.86,231.49,1.471,0.94,14,30,Rural,Residential,0,211.1,211.1
C01008,5,411.53,366.11,283.36,128.17,224.87,2.712,0.937,3,28,Urban,Residential,0,339.0833333333333,333.6925
C00048,6,277.65,292.95,198.45,79.2,,1.817,0.956,5,30,Semi-Urban,Residential,0,256.78,229.536
C00676,2,210.11,226.51,152.84,57.27,,1.533,0.867,11,30,Urban,Residential,0,226.51,226.51
C00495,3,176.26,174.68,123.78,52.48,231.62,1.21,0.873,13,29,Rural,Residential,0,164.5,164.5
C00528,3,200.51,170.97,111.42,89.1,232.72,1.264,0.947,5,30,Urban,Residential,0,154.575,154.575
C01285,5,1388.84,2602.46,978.48,410.35,227.11,9.216,0.922,11,29,Rural,Industrial,0,2321.326666666667,2266.6875
C00898,5,312.57,303.23,183.32,129.25,226.39,2.175,0.882,1,28,Semi-Urban,Residential,0,235.86333333333334,232.2575
C01133,1,281.29,,191.47,89.82,232.39,1.765,0.952,15,30,Semi-Urban,Residential,0,,
C00277,2,552.5,470.99,405.58,146.92,227.82,3.913,0.861,15,30,Semi-Urban,Commercial,0,470.99,470.99
C00330,2,244.35,191.18,155.88,88.47,233.5,1.704,0.853,2,29,Rural,Residential,0,191.18,191.18
C00400,4,307.51,260.12,195.55,111.96,228.17,2.08,0.9,3,30,Semi-Urban,Residential,0,264.5933333333333,264.5933333333333
C00076,3,291.11,307.44,196.57,94.53,227.84,1.903,0.933,6,20,Urban,Residential,1,320.15999999999997,320.15999999999997
C01297,4,343.22,298.13,205.13,138.08,226.88,2.338,0.899,15,30,Semi-Urban,Residential,0,282.28000000000003,282.28000000000003
C00961,5,1178.7,1227.46,704.25,474.45,229.88,8.009,0.889,12,28,Rural,Commercial,0,1064.3533333333335,990.6500000000001
C01214,1,179.24,,118.15,61.08,233.41,1.12,0.952,11,29,Urban,Residential,0,,
C00666,5,387.64,583.55,214.63,173.01,223.98,2.551,0.942,18,28,Urban,Commercial,1,454.5366666666667,433.48749999999995
C00437,4,1870.76,3255.13,1304.56,566.19,226.75,12.705,0.902,14,29,Semi-Urban,Industrial,0,3321.8233333333333,3321.8233333333333
C00071,3,304.46,263.67,169.82,134.63,236.67,1.89,0.945,5,30,Semi-Urban,Residential,0,269.32000000000005,269.32000000000005
C00820,1,246.63,,179.57,67.06,224.96,1.713,0.889,4,28,Semi-Urban,Residential,0,,
C00204,3,4161.95,4025.67,3102.88,1059.07,232.91,26.289,0.944,12,30,Urban,Industrial,0,3905.115,3905.115
C00489,2,110.48,113.2,68.97,41.51,228.81,0.742,0.904,14,30,Urban,Residential,0,113.2,113.2
C00110,4,240.48,188.93,177.74,62.75,229.67,1.484,0.98,18,28,Urban,Residential,0,178.53333333333333,178.53333333333333
C00551,2,253.69,279.36,147.87,105.82,226.42,1.769,0.88,8,29,Rural,Residential,0,279.36,279.36
C00791,1,781.56,,555.32,226.24,224.63,5.803,0.833,1,30,Urban,Commercial,0,,
C00475,2,977.85,967.09,627.72,350.13,238.67,6.331,0.899,19,29,Semi-Urban,Commercial,0,967.09,967.09
C00504,6,383.33,379.13,234.05,149.28,226.07,2.585,0.911,6,29,Semi-Urban,Residential,0,389.44,360.642
C01013,3,976.17,1019.15,584.96,391.21,226.14,6.358,0.943,9,29,Urban,Commercial,0,1007.875,1007.875
C01453,1,290.98,,190.44,100.54,230.77,1.888,0.928,17,28,Urban,Residential,0,,
C00167,6,286.12,341.41,174.84,111.28,226.81,1.876,0.934,18,30,Rural,Residential,0,318.2366666666667,291.856
C00018,1,241.55,,154.7,86.85,236.35,1.6,0.887,2,29,Semi-Urban,Residential,0,,
C00404,1,175.96,,114.15,61.81,221.21,1.185,0.932,3,29,Semi-Urban,Residential,0,,
C01011,2,517.74,584.33,347.26,170.48,226.98,3.267,0.97,4,29,Semi-Urban,Commercial,0,584.33,584.33
C01067,5,301.94,329.32,226.25,75.69,227.05,2.136,0.864,3,30,Semi-Urban,Residential,0,296.34999999999997,285.675
C01142,2,143.34,133.87,94.96,48.37,239.32,0.922,0.903,10,30,Rural,Residential,0,133.87,133.87
C00264,3,285.76,267.78,187.47,98.29,226.93,1.887,0.927,14,30,Semi-Urban,Residential,0,287.245,287.245
C00375,5,1996.87,2446.03,1392.66,604.2,226.7,13.659,0.896,16,30,Rural,Industrial,0,2008.08,1874.33
C00368,5,4808.05,4430.18,3463.18,1344.87,216.18,35.479,0.871,3,30,Semi-Urban,Industrial,0,4287.506666666667,4235.785
C00029,3,4358.44,3016.12,2907.39,1451.05,231.91,27.851,0.937,0,30,Urban,Industrial,0,3278.0299999999997,3278.0299999999997
C01218,4,159.89,147.5,119.11,40.77,229.17,1.116,0.868,4,30,Semi-Urban,Residential,0,117.87333333333333,117.87333333333333
C00023,4,288.92,208.29,188.68,100.24,221.5,1.954,0.927,16,29,Rural,Residential,0,190.26,190.26
C00127,2,195.61,172.21,111.31,84.3,231.61,1.302,0.901,14,28,Urban,Residential,0,172.21,172.21
C01406,1,697.96,,503.84,194.12,227.79,4.807,0.885,14,30,Rural,Commercial,0,,
C00219,3,179.37,149.36,130.86,48.51,227.09,1.172,0.936,9,29,Semi-Urban,Residential,0,155.99,155.99
C00203,6,362.2,317.34,270.32,91.89,233.23,,0.848,13,30,Urban,Residential,0,323.8533333333333,306.506
C00381,5,962.2,1025.99,711.7,250.49,227.78,6.307,0.93,18,30,Urban,Commercial,0,1004.0799999999999,974.5350000000001
C00903,3,136.78,117.37,94.42,42.36,229.92,0.931,0.888,5,29,Semi-Urban,Residential,0,122.965,122.965
C00485,2,256.36,278.27,183.35,73.01,238.08,1.511,0.99,10,28,Rural,Residential,0,278.27,278.27
C00805,1,139.01,,88.58,50.42,228.95,0.915,0.922,2,29,Urban,Residential,0,,
C01226,4,137.55,142.6,84.49,53.07,226.1,0.926,0.912,6,29,Urban,Residential,0,121.28666666666668,121.28666666666668
C00942,3,1816.81,1355.47,1063.68,753.13,234.56,11.063,0.972,7,30,Semi-Urban,Industrial,0,1663.7350000000001,1663.7350000000001
C00323,4,407.05,322.67,253.64,153.4,229.04,2.629,0.939,0,28,Semi-Urban,Residential,0,302.53000000000003,302.53000000000003
C00615,5,219.28,221.17,139.43,79.84,229.57,1.405,0.944,16,30,Rural,Residential,0,205.24,193.1
C00291,4,317.32,261.01,201.33,115.99,230.01,2.274,0.842,3,28,Semi-Urban,Residential,0,245.51,245.51
C00684,2,261.86,315.98,163.83,98.02,225.05,1.905,0.848,17,30,Urban,Residential,0,315.98,315.98
C00135,4,4242.01,3727.37,2355.08,1886.94,224.86,29.607,0.885,5,29,Urban,Industrial,0,3781.8266666666664,3781.8266666666664
C00341,6,390.93,355.83,281.59,109.34,227.05,2.573,0.929,17,28,Urban,Residential,0,315.7833333333333,290.376
C01493,3,441.81,188.25,313.97,127.84,220.43,2.865,0.972,16,30,Urban,Residential,0,268.685,268.685
C00078,1,947.41,,678.53,268.89,225.82,6.899,0.845,15,28,Rural,Commercial,0,,
C00488,6,271.19,368.92,159.71,111.48,233.12,1.82,0.888,8,30,Urban,Residential,0,319.77333333333337,298.082
C00327,1,282.34,,166.29,116.05,222.59,1.902,0.926,6,28,Semi-Urban,Residential,0,,
C00408,4,164.65,134.54,120.22,44.43,234.2,1.09,0.895,9,30,Urban,Residential,0,123.20333333333333,123.20333333333333
C00795,2,271.46,293.22,149.61,121.86,237.25,1.768,0.899,3,30,Urban,Residential,0,293.22,293.22
C01068,2,281.75,331.48,173.79,107.96,223.79,1.86,0.94,12,28,Rural,Residential,0,331.48,331.48
C00832,3,149.2,151.74,105.13,44.07,232.88,0.938,0.948,12,29,Urban,Residential,0,147.52,147.52
C00540,2,155.12,147.56,98.74,56.38,,0.969,0.953,16,30,Urban,Residential,0,147.56,147.56
C00134,2,876.7,823.56,520.36,356.34,226.33,6.302,0.854,11,30,Semi-Urban,Commercial,0,823.56,823.56
C00401,3,241.44,200.84,144.94,96.5,236.03,1.603,0.886,9,30,Urban,Residential,0,201.065,201.065
C00777,1,819.94,,474.98,344.96,232.08,,0.904,15,29,Urban,Commercial,0,,
C00179,6,2849.96,2596.77,1813.62,1036.33,222.62,17.96,0.99,0,28,Rural,Industrial,0,2645.346666666667,2643.982
C00746,3,217.72,217.14,153.14,64.58,229.06,1.503,0.879,8,28,Rural,Residential,0,216.95499999999998,216.95499999999998
C00888,2,190.68,182.76,111.94,78.73,224.82,1.229,0.958,19,30,Urban,Residential,0,182.76,182.76
C00025,1,821.08,,480.13,340.95,233.85,5.149,0.947,9,30,Urban,Commercial,0,,
C01110,6,240.99,220.47,150.64,90.35,223.7,1.724,0.868,1,29,Urban,Residential,0,202.18666666666664,183.708
C00224,3,350.61,292.42,214.93,135.68,235.72,2.228,0.927,15,30,Urban,Residential,0,291.935,291.935
C00689,2,4268.66,3421.43,2477.21,1791.45,227.93,30.265,0.859,9,29,Urban,Industrial,0,3421.43,3421.43
C01408,1,334.95,,199.2,135.76,228.24,2.153,0.947,16,29,Urban,Residential,0,,
C00349,4,3885.97,3348.6,2137.61,1748.36,226.07,26.931,0.886,6,28,Semi-Urban,Industrial,0,3106.6666666666665,3106.6666666666665
C01024,4,275.48,191.88,171.03,104.45,230.49,1.956,0.849,2,28,Semi-Urban,Residential,0,188.17999999999998,188.17999999999998
C00912,2,3792.0,4616.43,2531.89,1260.11,224.97,24.713,0.947,15,29,Semi-Urban,Industrial,0,4616.43,4616.43
C00974,6,648.24,844.13,374.61,273.62,236.48,4.127,0.922,11,30,Semi-Urban,Commercial,0,711.39,655.6279999999999
C00920,3,226.29,205.98,134.99,91.3,231.72,1.552,0.874,19,30,Urban,Residential,0,197.51999999999998,197.51999999999998
C00980,1,5292.85,,3396.27,1896.58,239.08,34.124,0.901,5,30,Semi-Urban,Industrial,0,,
C01002,6,310.59,296.13,204.0,106.59,220.06,2.349,0.834,14,29,Rural,Residential,0,280.62,259.038
C00599,6,327.72,357.62,231.89,95.84,229.68,2.348,0.844,12,29,Rural,Residential,0,308.27666666666664,283.748
C00797,4,4988.43,3985.25,3385.37,1603.06,230.52,33.337,0.902,3,29,Urban,Industrial,0,4051.3566666666666,4051.3566666666666
C00926,3,198.7,143.54,112.19,86.51,218.09,1.339,0.945,2,28,Semi-Urban,Residential,0,145.725,145.725
C00168,2,188.56,249.35,105.68,82.88,222.59,1.358,0.866,3,30,Urban,Residential,0,249.35,249.35
C01098,1,114.93,,85.82,29.11,227.9,0.769,0.911,9,29,Urban,Residential,0,,
C01038,2,307.62,296.97,181.74,125.88,236.35,2.097,0.862,3,30,Rural,Residential,0,296.97,296.97
C01493,5,365.59,387.94,270.8,94.79,225.17,2.507,0.9,16,29,Urban,Residential,0,339.3333333333333,341.78
C00709,3,336.66,326.77,245.57,91.1,229.46,2.155,0.946,6,30,Urban,Residential,0,299.4,299.4
C00579,3,216.79,248.71,133.79,83.01,230.41,1.537,0.85,9,29,Rural,Residential,0,229.03500000000003,229.03500000000003
C01356,4,1165.16,647.47,659.33,505.83,230.35,7.324,0.959,6,20,Semi-Urban,Industrial,1,2131.116666666667,2131.116666666667
C00093,4,168.28,133.52,101.16,67.12,222.33,1.102,0.954,8,29,Rural,Residential,0,123.29666666666667,123.29666666666667
C00659,3,3848.35,2860.2,2116.71,1731.65,235.36,24.914,0.912,6,30,Urban,Industrial,0,3306.425,3306.425
C00719,6,563.06,560.28,370.23,192.83,232.27,3.739,0.901,16,30,Semi-Urban,Commercial,0,608.7533333333334,556.678
C01376,6,422.09,406.9,247.71,174.38,224.25,2.82,0.927,16,30,Rural,Residential,0,411.15333333333336,366.946
C00248,4,283.51,231.81,199.18,84.33,228.09,1.852,0.932,0,28,Urban,Residential,0,241.04666666666665,241.04666666666665
C01178,2,1200.78,1177.15,811.01,389.77,232.93,7.763,0.922,3,30,Semi-Urban,Commercial,0,1177.15,1177.15
C00213,1,819.26,,543.64,275.63,236.02,5.332,0.904,0,28,Semi-Urban,Commercial,0,,
C01229,4,538.46,496.73,385.31,153.14,224.12,3.641,0.917,0,28,Urban,Commercial,0,493.8966666666667,493.8966666666667
C00236,2,121.08,112.75,87.66,33.42,222.38,0.841,0.899,3,29,Semi-Urban,Residential,0,112.75,112.75
C01410,6,191.82,186.3,114.01,77.81,229.27,1.425,0.815,6,28,Urban,Residential,0,150.66333333333333,149.822
C00126,4,371.65,311.01,241.05,130.59,229.21,2.468,0.913,15,28,Semi-Urban,Residential,0,299.86999999999995,299.86999999999995
C00246,2,368.97,360.54,213.05,155.92,225.39,2.563,0.887,19,30,Urban,Residential,0,360.54,360.54
C01072,4,1016.83,793.1,562.04,454.79,228.74,6.559,0.941,0,28,Rural,Commercial,0,701.9433333333333,701.9433333333333
C01489,6,400.88,452.53,247.72,153.16,228.92,2.704,0.899,9,29,Semi-Urban,Residential,0,408.35999999999996,369.646
C01431,6,2400.77,2795.19,1400.1,1000.66,225.95,16.131,0.915,17,28,Urban,Industrial,0,2854.1366666666668,2580.002
C01087,5,271.25,264.47,158.78,112.47,225.48,1.805,0.926,17,28,Urban,Residential,0,233.79000000000005,229.3225
C00976,2,198.88,160.96,140.21,58.67,223.9,1.311,0.941,16,29,Urban,Residential,0,160.96,160.96
C00513,5,303.14,310.48,225.02,78.12,236.46,2.06,0.864,7,30,Urban,Residential,0,263.3433333333333,264.63
C00950,5,219.27,246.57,157.87,61.4,232.71,1.528,0.856,10,30,Urban,Residential,0,240.25,231.57999999999998
C01085,2,185.64,181.71,116.5,69.14,228.3,1.195,0.945,8,30,Rural,Residential,0,181.71,181.71
C00549,1,293.28,,206.62,86.66,228.72,1.947,0.915,18,30,Urban,Residential,0,,
C00800,1,189.75,,123.51,66.24,233.19,1.277,0.885,2,30,Urban,Residential,0,,
C00695,6,283.85,265.92,175.11,108.74,230.23,1.866,0.918,16,29,Rural,Residential,0,235.3066666666667,213.108
C00164,4,161.37,110.89,98.92,62.46,226.23,1.121,0.884,18,28,Urban,Residential,0,117.09666666666668,117.09666666666668
C01381,3,239.13,266.68,136.43,102.7,238.3,1.448,0.963,11,30,Urban,Residential,0,265.86,265.86
C00910,6,276.05,263.89,179.52,96.53,226.45,1.778,0.952,4,28,Semi-Urban,Residential,0,280.3833333333333,257.456
C00454,5,208.87,214.77,118.2,90.68,223.64,1.426,0.91,18,29,Semi-Urban,Residential,0,196.26,189.585
C01411,1,1053.2,,758.74,294.47,232.8,6.596,0.953,18,30,Urban,Commercial,0,,
C00212,3,1121.97,925.7,753.14,368.83,236.32,7.726,0.853,13,29,Rural,Commercial,0,1011.645,1011.645
C00411,3,164.57,188.49,110.08,54.49,224.53,1.028,0.99,7,29,Rural,Residential,0,191.655,191.655
C01104,4,280.1,269.76,155.85,124.24,230.28,1.874,0.901,19,29,Semi-Urban,Residential,0,248.75333333333333,248.75333333333333
C00045,5,296.95,346.71,213.43,83.52,233.98,1.866,0.945,12,29,Rural,Residential,0,278.40000000000003,267.8125
C00597,5,438.34,363.22,248.99,189.35,225.76,3.121,0.864,8,30,Urban,Residential,0,351.4866666666667,344.43
C00110,1,187.45,,104.86,82.59,229.43,1.23,0.923,18,28,Urban,Residential,0,,
C00724,6,153.91,172.42,99.64,54.27,238.63,0.959,0.934,0,29,Semi-Urban,Residential,0,172.12,153.656
C01410,2,163.78,133.34,102.62,61.16,238.72,1.081,0.881,6,28,Urban,Residential,0,133.34,133.34
C00703,6,234.57,263.43,132.49,102.08,226.46,1.621,0.888,16,29,Urban,Residential,0,256.49666666666667,251.594
C00600,4,260.38,256.32,145.11,115.27,227.99,1.757,0.903,13,30,Urban,Residential,0,244.90666666666667,244.90666666666667
C00403,2,904.09,1013.96,518.39,385.7,224.78,6.265,0.892,4,28,Urban,Commercial,0,1013.96,1013.96
C01010,2,252.8,250.43,187.26,65.54,228.66,1.724,0.89,10,28,Semi-Urban,Residential,0,250.43,250.43
C00471,2,1042.43,944.9,617.58,424.85,227.88,,0.932,18,30,Rural,Commercial,0,944.9,944.9
C00072,3,305.58,284.02,178.44,127.14,234.76,1.925,0.939,13,15,Rural,Residential,1,278.17999999999995,278.17999999999995
C00099,2,570.32,571.28,346.91,223.41,231.18,3.952,0.867,17,29,Rural,Commercial,0,571.28,571.28
C00083,4,403.56,280.15,231.43,172.14,231.23,3.023,0.802,19,28,Rural,Residential,0,254.53666666666666,254.53666666666666
C00683,3,3197.74,3306.77,2315.23,882.5,,20.048,0.929,17,28,Urban,Industrial,0,3036.0150000000003,3036.0150000000003
C01266,4,261.19,189.56,189.59,71.6,225.77,2.525,0.636,18,28,Semi-Urban,Residential,1,262.33,262.33
C00996,3,302.45,247.24,201.78,100.67,227.22,1.91,0.968,1,29,Rural,Residential,0,259.375,259.375
C01170,2,660.9,723.73,425.49,235.4,230.59,4.807,0.828,5,30,Urban,Commercial,0,723.73,723.73
C01035,6,143.85,156.67,79.79,64.07,226.1,0.914,0.967,3,29,Semi-Urban,Residential,0,131.38333333333333,127.90599999999999
C01230,3,629.64,449.85,469.48,160.16,233.61,4.056,0.923,14,30,Semi-Urban,Commercial,0,488.455,488.455
C00089,1,126.83,,77.95,48.88,232.98,0.86,0.879,10,30,Semi-Urban,Residential,0,,
C00302,3,226.28,196.66,148.93,77.35,223.78,1.553,0.904,13,29,Rural,Residential,0,208.345,208.345
C00807,3,83.68,293.86,55.73,27.95,232.96,0.557,0.896,14,25,Urban,Residential,1,292.57500000000005,292.57500000000005
C00343,4,169.6,203.77,110.19,59.41,226.2,1.138,0.915,1,29,Urban,Residential,0,170.17666666666665,170.17666666666665
C00206,2,315.6,257.7,206.72,108.89,229.05,2.006,0.954,5,29,Semi-Urban,Residential,0,257.7,257.7
C00339,1,237.97,,174.12,63.85,234.64,1.53,0.921,1,30,Urban,Residential,0,,
C00924,1,230.29,,171.16,59.13,226.77,1.626,0.867,18,28,Semi-Urban,Residential,0,,
C00113,6,479.51,398.67,264.67,214.84,230.77,3.183,0.907,18,29,Urban,Commercial,0,379.07666666666665,364.358
C01194,3,109.83,120.25,61.9,47.93,236.46,0.728,0.886,18,30,Semi-Urban,Residential,0,119.0,119.0
C01109,4,667.47,508.15,383.73,283.74,226.67,4.351,0.94,19,28,Urban,Commercial,0,479.8033333333333,479.8033333333333
C01172,5,307.7,296.93,193.77,113.93,227.13,2.274,0.827,7,30,Urban,Residential,0,225.12,245.14249999999998
C01408,6,336.24,389.77,231.97,104.27,228.55,2.119,0.964,16,30,Urban,Residential,0,329.29,318.54
C00962,3,3135.26,2860.99,1979.0,1156.27,235.02,20.607,0.899,17,30,Urban,Industrial,0,2794.395,2794.395
C00457,6,209.31,189.65,119.59,89.73,234.74,1.393,0.889,5,30,Rural,Residential,0,223.9166666666667,197.592
C01301,3,177.63,158.1,115.03,62.61,227.39,1.221,,8,30,Semi-Urban,Residential,0,151.94,151.94
C00989,6,136.6,119.01,78.33,58.26,230.0,0.9,0.917,0,30,Semi-Urban,Residential,0,125.46333333333332,118.36200000000001
C01397,4,155.26,120.64,106.74,48.52,234.31,1.004,0.917,14,30,Urban,Residential,0,116.37,116.37
C00406,3,324.15,310.68,230.21,93.93,232.25,2.043,0.949,17,30,Urban,Residential,0,308.905,308.905
C00856,4,233.24,243.18,138.47,94.78,236.16,1.515,0.905,2,30,Urban,Residential,0,239.92333333333332,239.92333333333332
C00829,5,295.82,295.15,208.66,87.16,228.56,2.012,0.893,13,29,Urban,Residential,0,216.85333333333332,208.0925
C00092,6,384.11,362.14,221.28,162.82,230.3,2.682,0.864,16,29,Rural,Residential,0,326.14666666666665,319.526
C00970,3,211.75,166.92,126.18,85.57,226.96,1.391,0.931,3,30,Rural,Residential,0,173.425,173.425
C01122,2,253.98,268.01,163.67,90.31,228.97,1.988,0.775,0,29,Rural,Residential,0,268.01,268.01
C00641,3,199.62,190.59,114.33,85.29,,1.426,0.875,6,30,Urban,Residential,0,180.435,180.435
C00269,4,235.05,233.67,146.03,89.02,232.34,1.573,0.893,10,30,Semi-Urban,Residential,0,221.44999999999996,221.44999999999996
C01093,4,454.62,349.16,279.3,175.33,234.92,3.006,0.894,11,28,Semi-Urban,Residential,0,315.93333333333334,315.93333333333334
C00876,5,279.28,268.31,203.46,75.81,240.99,1.874,0.859,16,28,Urban,Residential,0,230.6933333333333,231.73250000000002
C01382,1,284.48,,190.01,94.46,230.85,1.919,0.892,1,29,Rural,Residential,0,,
C01284,1,681.27,,404.37,276.9,230.04,4.783,0.86,19,30,Semi-Urban,Commercial,0,,
C00113,2,326.57,357.99,215.2,111.37,236.03,2.237,0.859,18,28,Urban,Commercial,0,357.99,357.99
C01208,2,319.89,253.95,231.83,88.06,233.94,2.283,0.832,14,29,Rural,Residential,0,253.95,253.95
C01259,6,256.73,218.96,189.94,66.79,224.07,1.712,0.929,2,30,Semi-Urban,Residential,0,218.0633333333333,197.568
C01037,4,733.4,563.43,507.5,225.9,226.33,5.032,0.894,8,28,Semi-Urban,Commercial,0,548.8766666666667,548.8766666666667
C00853,1,3331.77,,2223.46,1108.31,226.62,22.001,0.928,15,30,Semi-Urban,Industrial,0,,
C01496,5,4840.4,4236.22,3615.21,1225.19,225.45,31.294,0.953,13,30,Semi-Urban,Industrial,0,3925.97,3901.29
C00817,6,255.7,294.17,146.83,108.87,237.26,1.614,0.927,10,29,Semi-Urban,Residential,0,255.41666666666666,240.686
C00101,6,269.79,270.3,154.4,115.39,227.31,1.712,0.963,1,30,Rural,Residential,0,259.49,255.27399999999997
C01158,4,201.46,183.27,141.65,59.81,230.01,1.33,0.915,15,28,Semi-Urban,Residential,0,162.70666666666668,162.70666666666668
C00826,4,159.73,126.59,102.97,56.76,230.13,1.056,0.913,2,30,Urban,Residential,0,114.90666666666668,114.90666666666668
C01071,6,311.1,134.6,187.0,124.1,235.14,1.967,0.934,18,28,Urban,Residential,0,248.22333333333333,250.38400000000001
C00245,5,133.87,131.54,74.48,59.39,228.94,0.893,0.91,10,30,Semi-Urban,Residential,0,126.90333333333332,123.09
C01214,6,184.27,206.21,124.78,59.49,222.16,,0.892,11,29,Urban,Residential,0,187.90333333333334,184.17000000000002
C00331,3,642.72,580.46,376.19,266.54,230.79,4.399,0.879,8,30,Urban,Commercial,0,546.145,546.145
C01232,2,1017.22,933.04,736.1,281.12,223.28,7.578,0.835,1,29,Semi-Urban,Commercial,0,933.04,933.04
C00149,3,1965.63,1971.05,1236.36,729.27,230.95,12.504,0.945,13,29,Rural,Industrial,0,1838.75,1838.75
C01458,5,1085.05,1132.09,754.9,330.15,225.31,7.335,0.912,14,30,Rural,Commercial,0,1046.4633333333334,1056.4225
C01014,4,252.67,193.8,161.94,90.73,234.44,1.665,0.899,3,28,Rural,Residential,0,181.01999999999998,181.01999999999998
C00141,4,369.18,347.16,245.73,123.45,224.06,2.531,0.904,7,30,Urban,Residential,0,301.40333333333336,301.40333333333336
C00360,2,114.98,112.12,65.67,49.31,218.43,0.794,0.921,2,30,Rural,Residential,0,112.12,112.12
C00974,3,721.07,584.3,487.3,233.77,224.1,5.14,,11,30,Semi-Urban,Commercial,0,571.9849999999999,571.9849999999999
C00618,5,5574.92,4713.58,4059.23,1515.69,227.25,35.602,0.957,17,30,Urban,Industrial,0,4576.623333333333,4561.15
C00347,2,4067.77,4066.96,2839.25,1228.52,236.9,25.307,0.942,9,30,Urban,Industrial,0,4066.96,4066.96
C00939,2,294.32,273.31,205.73,88.59,226.33,2.126,0.849,11,30,Rural,Residential,0,273.31,273.31
C00877,5,302.03,336.17,225.09,76.94,227.4,2.069,0.892,16,30,Rural,Residential,0,292.12,284.34000000000003
C01105,4,3307.39,2436.84,2396.66,910.74,226.04,21.204,0.958,18,29,Semi-Urban,Industrial,0,2046.8733333333332,2046.8733333333332
C00587,5,193.22,248.62,137.81,55.41,228.04,1.338,0.88,0,28,Semi-Urban,Residential,0,213.17666666666665,218.215
C01466,6,5255.86,4906.13,3433.45,1822.41,230.38,33.395,0.949,16,28,Urban,Industrial,0,5157.28,4856.252
C00467,4,253.6,280.91,144.51,109.09,231.14,1.655,0.921,10,30,Semi-Urban,Residential,0,255.31000000000003,255.31000000000003
C01443,1,259.74,,181.86,77.88,232.35,1.674,0.928,1,30,Urban,Residential,0,,
C00098,3,259.3,208.53,190.21,69.09,233.85,1.736,0.887,9,28,Semi-Urban,Residential,0,198.18,198.18
C00545,5,274.88,670.2,186.41,88.47,226.58,1.746,0.965,8,30,Urban,Commercial,0,729.7066666666666,748.845
C00764,5,319.15,288.63,222.63,96.52,227.69,2.153,0.904,12,29,Urban,Residential,0,234.58666666666667,239.2075
C01330,6,148.54,172.98,82.55,65.99,234.93,0.97,0.905,2,30,Urban,Residential,0,172.64999999999998,155.026
C00947,2,272.02,269.35,157.56,114.46,221.97,1.983,0.859,5,30,Rural,Residential,0,269.35,269.35
C00796,2,1808.51,1964.1,1229.05,579.46,223.71,12.871,0.872,8,28,Rural,Industrial,0,1964.1,1964.1
C00762,2,1002.71,1079.07,560.27,442.44,230.61,6.977,0.866,2,28,Rural,Commercial,0,1079.07,1079.07
C01275,3,300.44,274.46,220.22,80.22,237.17,1.978,0.889,9,28,Urban,Residential,0,297.37,297.37
C01379,6,311.68,353.87,196.06,115.62,226.98,2.046,0.932,0,30,Rural,Residential,0,351.27,290.716
C01246,1,2782.45,,2006.19,776.26,230.48,18.355,0.914,19,29,Semi-Urban,Industrial,0,,
C01451,2,196.63,178.8,111.34,85.29,232.29,1.336,0.88,11,29,Urban,Residential,0,178.8,178.8
C00840,6,1060.96,1020.07,583.82,477.14,238.13,6.616,0.935,4,28,Semi-Urban,Commercial,0,1030.97,977.702
C00623,2,224.14,282.71,132.65,91.48,232.96,1.486,0.899,1,30,Semi-Urban,Residential,0,282.71,282.71
C00708,6,237.8,205.73,139.57,98.23,232.56,1.579,0.899,4,30,Rural,Residential,0,200.38666666666666,192.51600000000002
C01479,1,3077.28,,1727.19,1350.09,229.94,20.435,0.91,9,30,Semi-Urban,Industrial,0,,
C00426,1,269.55,,158.08,111.47,231.14,1.764,0.918,10,30,Rural,Residential,0,,
C01410,1,133.34,,92.08,41.26,232.56,0.847,0.941,6,30,Urban,Residential,0,,
C00660,3,228.55,141.64,139.3,89.25,228.48,1.654,0.84,16,30,Urban,Residential,0,156.565,156.565
C00058,3,234.73,190.95,141.28,93.44,230.24,1.517,0.933,0,29,Semi-Urban,Residential,0,182.77499999999998,182.77499999999998
C00365,2,130.46,128.02,84.05,46.4,225.25,0.864,0.931,1,30,Semi-Urban,Residential,0,128.02,128.02
C00841,3,624.77,618.55,393.43,231.35,233.45,4.247,0.875,19,30,Rural,Commercial,0,619.555,619.555
C01180,2,241.83,252.85,172.28,69.55,227.36,1.538,0.961,15,30,Semi-Urban,Residential,0,252.85,252.85
C00953,5,290.86,257.06,211.58,79.28,232.86,1.795,0.967,13,30,Urban,Residential,0,210.92333333333332,207.34
C01247,5,229.79,247.09,148.2,81.6,226.4,1.586,0.889,19,30,Urban,Residential,0,224.62,211.1825
C01458,4,1132.09,1076.05,777.86,354.23,231.67,7.237,0.938,14,29,Rural,Commercial,0,1031.2,1031.2
C00146,2,167.49,203.08,120.11,47.38,235.62,1.161,0.85,18,28,Urban,Residential,0,203.08,203.08
C01026,3,693.4,530.55,436.44,256.95,229.01,4.61,0.912,17,29,Rural,Commercial,0,492.92499999999995,492.92499999999995
C01275,2,274.46,320.28,172.37,102.09,225.52,2.008,0.842,9,30,Urban,Residential,0,320.28,320.28
C01364,3,170.52,194.59,122.82,47.7,232.73,1.117,0.911,2,29,Urban,Residential,0,186.54500000000002,186.54500000000002
C00798,4,411.32,395.54,250.89,160.43,226.0,2.553,0.99,9,29,Semi-Urban,Residential,0,345.96000000000004,345.96000000000004
C00016,1,275.89,,171.54,104.35,231.45,1.672,0.99,4,30,Semi-Urban,Residential,0,,
C01317,1,920.85,,673.97,246.87,232.34,6.135,0.897,5,29,Semi-Urban,Commercial,0,,
C00869,6,4219.99,3408.74,2541.77,1678.23,221.91,26.723,0.988,10,25,Semi-Urban,Industrial,1,3254.773333333333,3171.636
C01022,3,298.64,279.68,179.66,118.97,237.76,1.975,0.883,7,30,Urban,Residential,0,268.525,268.525
C00818,6,351.39,386.22,224.83,126.56,228.99,2.251,0.947,3,29,Urban,Residential,0,313.34,296.27
C00689,1,3421.43,,2256.7,1164.72,235.19,20.891,0.967,9,30,Urban,Industrial,0,,
C01320,1,135.25,,83.42,51.83,235.58,0.855,0.933,17,28,Semi-Urban,Residential,0,,
C01069,3,308.76,282.79,173.03,135.73,234.03,2.065,0.887,12,30,Rural,Residential,0,276.875,276.875
C00353,6,853.19,1061.55,553.28,299.91,226.26,6.172,0.849,9,30,Urban,Commercial,0,917.8166666666666,870.2520000000001
C00490,4,289.07,267.12,161.63,127.44,228.75,1.95,0.9,18,30,Rural,Residential,0,243.27333333333334,243.27333333333334
C00872,2,216.82,201.72,127.03,89.79,223.08,1.417,0.953,1,29,Urban,Residential,0,201.72,201.72
C01251,3,320.47,289.12,181.56,138.92,220.85,2.366,0.852,13,30,Semi-Urban,Residential,0,318.355,318.355
C00473,5,233.41,218.17,162.51,70.9,229.9,1.554,0.907,8,29,Semi-Urban,Residential,0,210.31333333333336,207.35750000000002
C00517,1,2980.58,,1863.91,1116.67,228.91,19.953,0.906,9,30,Semi-Urban,Industrial,0,,
C00942,5,1984.51,2235.14,1105.69,878.82,220.62,14.435,0.865,7,30,Semi-Urban,Industrial,0,1802.4733333333334,1844.855
C01245,2,120.57,91.36,71.45,49.11,234.05,0.792,0.903,5,30,Urban,Residential,0,91.36,91.36
C00158,6,288.94,303.98,204.9,84.04,239.04,1.781,0.942,4,29,Urban,Residential,0,282.09,258.892
C00488,4,324.3,266.1,198.76,125.54,224.83,2.328,0.861,8,30,Urban,Residential,0,265.73,265.73
C00730,3,152.97,134.12,110.41,42.56,223.16,1.027,0.927,0,29,Urban,Residential,0,130.3,130.3
C00536,5,332.57,316.59,235.8,96.76,230.79,2.102,0.952,18,28,Semi-Urban,Residential,0,253.41666666666666,255.685
C01153,2,3443.97,3667.82,1910.36,1533.61,226.44,26.612,0.794,0,30,Semi-Urban,Industrial,0,3667.82,3667.82
C00931,5,168.01,307.44,123.47,44.54,230.74,1.119,0.903,1,30,Semi-Urban,Residential,0,312.2966666666667,285.06
C00148,2,217.62,177.89,127.37,90.25,236.42,1.642,0.778,3,30,Urban,Residential,0,177.89,177.89
C01416,1,194.71,,145.17,49.54,228.37,1.245,0.951,6,28,Semi-Urban,Residential,0,,
C00953,4,257.06,205.01,152.48,104.57,236.12,1.668,0.907,13,30,Urban,Residential,0,190.76666666666665,190.76666666666665
C01323,6,331.92,257.97,188.84,143.09,235.5,2.081,0.941,17,30,Urban,Residential,0,273.4066666666667,235.334
C00954,5,561.82,501.58,356.15,205.67,231.34,3.57,0.945,0,30,Urban,Commercial,0,422.7666666666667,418.22249999999997
C00105,4,208.82,205.22,117.98,90.84,,1.497,0.895,3,28,Urban,Residential,0,174.88,174.88
C00243,5,347.08,65.95,226.37,120.72,231.46,2.253,0.925,10,30,Rural,Residential,0,195.60999999999999,211.6025
C01441,2,297.03,258.05,203.47,93.56,233.83,1.927,0.916,6,30,Urban,Residential,0,258.05,258.05
C01217,1,226.35,,169.7,56.66,228.29,1.462,0.942,14,29,Urban,Residential,0,,
C01324,1,657.96,,478.77,179.19,231.77,4.441,0.888,14,29,Urban,Commercial,0,,
C00931,2,295.44,203.35,178.71,116.73,228.16,1.817,0.99,1,29,Semi-Urban,Residential,0,203.35,203.35
C00982,3,270.96,249.46,191.2,79.76,214.79,1.957,0.895,7,28,Semi-Urban,Residential,0,269.6,269.6
C01100,1,260.7,,145.23,115.46,235.88,1.623,0.946,10,28,Urban,Residential,0,,
C01446,3,541.26,484.47,319.92,221.34,229.37,3.728,0.879,3,29,Rural,Commercial,0,541.015,541.015
C01181,1,225.93,,147.36,78.57,229.79,1.506,0.907,10,30,Semi-Urban,Residential,0,,
C01393,2,291.24,269.33,212.71,78.53,222.75,1.959,0.927,5,28,Urban,Residential,0,269.33,269.33
C00403,4,1504.98,1295.43,1123.58,381.4,229.24,9.687,0.941,4,28,Urban,Commercial,0,1071.16,1071.16
C00796,4,2477.68,2066.51,1461.91,1015.77,229.13,16.709,0.899,8,29,Rural,Industrial,0,1946.3733333333332,1946.3733333333332
C01381,2,266.68,265.04,180.32,86.36,224.62,1.837,0.898,11,30,Urban,Residential,0,265.04,265.04
C00751,5,537.05,554.79,399.92,137.13,232.35,3.553,0.904,11,29,Rural,Commercial,0,495.60999999999996,488.94
C00808,6,297.43,237.98,192.58,104.85,235.78,1.905,0.92,4,29,Semi-Urban,Residential,0,215.20666666666668,219.714
C01109,1,420.95,,252.07,168.88,236.13,2.739,0.904,19,30,Urban,Commercial,0,,
C00787,1,808.54,,543.05,265.49,230.52,5.193,0.938,9,30,Urban,Commercial,0,,
C00484,2,217.4,210.15,160.13,57.26,230.69,1.454,0.9,16,30,Urban,Residential,0,210.15,210.15
C00073,2,134.96,197.92,98.3,36.66,238.18,0.895,0.88,8,29,Semi-Urban,Residential,0,197.92,197.92
C00400,5,308.11,307.51,172.16,135.96,232.0,1.927,0.957,3,29,Semi-Urban,Residential,0,280.51666666666665,275.3225
C00369,2,654.29,555.72,476.23,178.06,230.36,4.099,0.962,18,29,Semi-Urban,Commercial,0,555.72,555.72
C00286,1,145.49,,106.68,38.81,,0.928,0.917,7,29,Semi-Urban,Residential,0,,
C00559,6,225.87,224.29,162.82,63.05,235.19,1.385,0.963,0,28,Semi-Urban,Residential,0,225.45000000000002,214.50799999999998
C01419,4,218.27,185.45,125.51,92.76,236.55,1.419,0.903,1,30,Urban,Residential,0,156.44,156.44
C01134,6,244.11,293.96,134.89,109.22,236.44,1.651,0.868,18,30,Semi-Urban,Residential,0,296.6166666666666,272.82
C00018,3,232.57,215.8,172.62,59.95,224.91,1.527,0.941,2,28,Semi-Urban,Residential,0,228.675,228.675
C00968,3,186.14,207.5,110.15,75.99,231.45,1.178,0.948,14,30,Urban,Residential,0,195.285,195.285
C00198,5,53.74,71.09,30.07,23.67,235.36,0.358,0.886,16,29,Rural,Residential,1,153.34333333333333,159.81
C01158,5,184.61,201.46,135.49,49.13,231.7,1.149,0.963,15,30,Semi-Urban,Residential,0,176.35000000000002,172.395
C00531,5,1153.27,1179.88,645.56,507.71,228.36,7.259,0.966,12,30,Urban,Commercial,0,1118.53,1076.145
C01476,6,815.51,846.93,539.28,276.24,,5.394,0.907,4,30,Rural,Commercial,0,794.9666666666667,709.058
C01052,3,231.06,218.94,166.75,64.31,236.52,1.498,0.906,6,30,Rural,Residential,0,220.64,220.64
C01186,1,361.04,,221.95,139.08,225.18,2.472,0.901,9,29,Rural,Residential,0,,
C01253,4,161.05,134.49,89.51,71.54,236.82,0.996,0.949,7,29,Urban,Residential,0,140.0,140.0
C01491,3,3110.23,2233.88,2232.57,877.66,232.26,20.715,0.898,3,29,Rural,Industrial,0,2525.485,2525.485
C00026,2,1020.67,929.85,561.62,459.05,229.19,7.139,0.866,11,30,Urban,Commercial,0,929.85,929.85
C00548,1,257.89,,165.21,92.68,230.4,1.595,0.975,10,30,Urban,Residential,0,,
C01037,6,694.51,610.85,495.35,199.16,230.79,4.237,0.987,8,28,Semi-Urban,Commercial,0,635.8933333333333,598.176
C01132,2,120.94,123.18,84.44,36.5,225.19,0.78,0.956,2,30,Semi-Urban,Residential,0,123.18,123.18
C00153,4,281.55,233.59,169.94,111.61,217.98,1.839,0.976,14,30,Urban,Residential,0,232.58,232.58
C00218,4,779.98,729.91,444.46,335.52,234.09,5.263,0.879,19,30,Urban,Commercial,0,692.1033333333334,692.1033333333334
C01269,6,360.32,381.44,211.18,149.14,225.76,2.564,0.865,12,30,Semi-Urban,Residential,0,362.6366666666667,335.572
C00509,2,193.85,217.55,131.83,62.02,221.2,1.321,0.921,0,29,Urban,Residential,0,217.55,217.55
C00752,1,166.68,,109.41,57.27,234.73,1.081,0.912,3,30,Urban,Residential,0,,
C01072,1,673.76,,396.19,277.57,226.78,4.453,0.927,0,30,Rural,Commercial,0,,
C01435,4,763.44,558.09,555.78,207.67,222.18,4.881,0.978,1,30,Urban,Commercial,0,624.2866666666667,624.2866666666667
C01183,3,155.63,150.72,85.73,69.9,227.19,1.076,0.884,15,30,Urban,Residential,0,142.465,142.465
C01391,5,1161.7,1126.63,691.6,470.1,232.77,8.332,0.832,7,28,Semi-Urban,Commercial,0,1038.9233333333334,1010.2750000000001
C00778,6,211.12,219.08,117.69,93.44,231.4,1.345,0.942,5,30,Semi-Urban,Residential,0,195.44333333333336,183.288
C00664,3,173.37,143.9,127.12,46.25,231.03,1.167,0.893,18,29,Semi-Urban,Residential,0,150.54000000000002,150.54000000000002
C01089,2,946.92,849.53,564.33,382.59,235.42,5.946,0.939,5,28,Urban,Commercial,0,849.53,849.53
C00467,1,260.49,,151.85,108.64,233.13,1.674,0.927,10,30,Semi-Urban,Residential,0,,
C00451,2,244.92,202.54,168.08,76.84,230.63,1.647,0.896,17,30,Urban,Residential,0,202.54,202.54
C00234,1,165.36,,109.36,56.0,224.41,1.103,0.928,7,29,Urban,Residential,0,,
C00420,6,152.5,150.91,90.16,62.34,221.52,0.966,0.989,11,29,Urban,Residential,0,170.66666666666666,153.43800000000002
C00560,5,441.06,412.4,265.13,175.93,224.75,3.035,0.898,12,30,Semi-Urban,Residential,0,350.21000000000004,343.735
C00951,3,1945.18,1632.19,1242.7,702.48,232.26,12.686,0.917,0,30,Rural,Industrial,0,1704.3200000000002,1704.3200000000002
C00031,4,348.66,310.34,230.07,118.59,217.92,2.473,0.899,18,30,Rural,Residential,0,278.19666666666666,278.19666666666666
C00684,5,400.28,329.73,266.6,133.68,228.49,2.458,0.99,17,30,Urban,Residential,0,322.81,321.1025
C00062,1,140.05,,79.76,60.29,235.38,0.884,0.935,3,30,Urban,Residential,0,,
C00746,2,217.14,216.77,148.08,69.06,233.22,1.466,0.882,8,29,Rural,Residential,0,216.77,216.77
C00720,2,290.01,298.97,215.1,74.91,235.47,1.814,0.943,5,28,Rural,Residential,0,298.97,298.97
C00836,3,306.52,292.66,185.78,120.74,236.17,1.994,0.904,11,28,Urban,Residential,0,290.31500000000005,290.31500000000005
C01028,4,164.06,168.58,120.34,43.72,231.61,1.072,0.918,12,30,Urban,Residential,0,155.45333333333335,155.45333333333335
C00403,6,1303.78,1369.46,933.3,370.47,231.93,8.958,0.872,4,30,Urban,Commercial,0,1389.9566666666667,1217.584
C00657,1,296.89,,187.04,109.85,229.46,2.124,0.846,5,30,Urban,Residential,0,,
C00079,4,271.26,108.9,160.27,110.98,226.43,2.676,0.622,8,28,Urban,Residential,1,235.4,235.4
C00162,2,135.35,148.52,83.35,52.01,233.64,0.845,0.952,15,30,Urban,Residential,0,148.52,148.52
C01117,2,172.25,162.29,116.47,55.77,230.94,1.237,0.838,8,30,Urban,Residential,0,162.29,162.29
C01087,1,215.92,,151.82,64.1,230.67,1.411,0.921,17,28,Urban,Residential,0,,
C00443,5,468.0,433.26,313.99,154.01,228.2,3.426,0.831,9,30,Semi-Urban,Commercial,0,395.81333333333333,399.725
C01141,1,114.16,,80.15,34.01,230.7,0.721,0.953,16,30,Urban,Residential,0,,
C00035,6,393.96,377.3,245.42,148.54,230.25,2.609,0.911,10,29,Semi-Urban,Residential,0,374.75666666666666,339.712
C00327,6,382.11,335.87,222.21,159.9,231.02,2.628,0.874,6,30,Semi-Urban,Residential,0,233.00666666666666,257.454
C00150,3,323.03,261.07,228.66,94.37,227.41,2.068,0.954,4,28,Urban,Residential,0,265.28999999999996,265.28999999999996
C01248,6,283.43,260.72,185.14,98.3,228.14,1.846,0.935,4,30,Semi-Urban,Residential,0,245.42,229.93400000000003
C00878,4,286.45,311.21,213.57,72.88,240.38,1.813,0.913,13,30,Rural,Residential,0,257.97666666666663,257.97666666666663
C01007,4,269.38,242.56,164.49,104.89,229.7,1.756,0.927,11,30,Semi-Urban,Residential,0,226.36,226.36
C00296,4,246.7,280.71,180.57,66.12,227.33,1.669,0.903,17,30,Urban,Residential,1,239.23666666666668,239.23666666666668
C01327,5,130.55,130.32,80.8,49.76,224.46,0.895,0.903,8,29,Urban,Residential,0,115.13333333333333,112.335
C00384,2,527.91,868.61,297.59,230.31,231.73,,0.915,12,30,Urban,Commercial,0,868.61,868.61
C00202,4,1203.14,1376.85,465.16,737.98,223.3,8.249,0.907,3,28,Semi-Urban,Commercial,1,1135.5633333333333,1135.5633333333333
C00882,1,283.12,,193.27,89.84,226.47,1.899,0.914,3,29,Urban,Residential,0,,
C01099,3,175.61,154.4,97.8,77.8,232.78,1.14,0.919,2,28,Semi-Urban,Residential,0,147.35500000000002,147.35500000000002
C01063,6,211.39,186.81,128.64,82.74,240.06,1.26,0.971,3,30,Semi-Urban,Residential,0,187.08333333333334,172.71599999999998
C00212,5,1344.47,1357.11,929.84,414.63,233.41,8.455,0.946,13,29,Rural,Commercial,0,1134.9266666666665,1125.5925
C00209,4,251.76,209.99,187.06,64.7,235.82,1.549,0.957,19,29,Urban,Residential,0,195.34666666666666,195.34666666666666
C00530,3,315.03,261.34,185.17,129.86,232.73,1.976,0.951,8,30,Urban,Residential,0,273.255,273.255
C00803,6,180.63,188.25,102.6,78.04,222.56,1.274,0.884,2,29,Urban,Residential,0,188.6233333333333,176.3
C01049,4,1251.49,1166.96,899.86,351.63,224.83,8.533,0.906,11,30,Rural,Commercial,0,1019.1933333333333,1019.1933333333333
C00761,3,1770.39,1431.54,1279.0,491.39,230.22,11.023,0.969,9,30,Urban,Industrial,0,1478.925,1478.925
C00673,4,151.3,130.43,113.11,38.18,232.66,0.941,0.96,1,28,Semi-Urban,Residential,0,145.33,145.33
C00216,3,4164.7,3513.1,3099.62,1065.08,227.86,26.657,0.952,11,28,Semi-Urban,Industrial,0,3783.62,3783.62
C00993,1,294.91,,181.94,112.97,234.31,1.892,,1,30,Urban,Residential,0,,
C00885,4,213.55,214.52,131.12,82.43,226.48,1.453,0.902,9,29,Semi-Urban,Residential,0,190.66666666666666,190.66666666666666
C00562,5,334.86,276.74,244.61,90.25,222.38,2.117,0.988,12,29,Urban,Residential,0,240.74,244.43
C01083,1,260.44,,148.02,112.41,222.73,1.805,0.9,1,28,Urban,Residential,0,,
C00549,2,275.13,293.28,198.06,77.07,224.7,1.808,0.941,18,29,Urban,Residential,0,293.28,293.28
C01415,3,4751.93,4575.11,2870.07,1881.87,229.61,31.39,0.916,9,28,Semi-Urban,Industrial,0,4564.719999999999,4564.719999999999
C00609,4,368.49,277.45,227.9,140.59,230.78,2.409,0.921,19,29,Urban,Residential,0,273.07666666666665,273.07666666666665
C00553,4,432.31,351.8,316.61,115.71,230.73,2.925,0.89,2,30,Urban,Residential,0,331.28,331.28
C01221,4,1452.48,1131.0,1038.68,413.81,228.04,9.604,0.921,3,29,Semi-Urban,Commercial,0,1015.6433333333333,1015.6433333333333
C00049,5,525.23,985.69,361.62,163.61,234.85,3.315,0.937,12,29,Urban,Commercial,0,889.0866666666666,868.7075
C01029,6,281.65,254.92,160.45,121.19,237.74,1.844,0.892,17,30,Semi-Urban,Residential,0,239.80666666666664,220.93400000000003
C01170,5,977.91,795.54,583.37,394.55,232.93,6.678,0.873,5,28,Urban,Commercial,0,740.8433333333332,736.565
C00176,2,422.29,515.34,261.36,160.93,225.23,2.768,0.941,8,28,Rural,Commercial,0,515.34,515.34
C00372,6,481.74,434.74,286.67,195.07,237.25,3.223,0.875,8,29,Urban,Commercial,0,456.42333333333335,433.534
C01179,4,1021.06,903.97,759.19,261.87,232.96,6.575,0.926,5,30,Urban,Commercial,0,841.9466666666667,841.9466666666667
C00752,6,251.75,226.48,185.32,66.43,231.07,1.687,0.897,3,28,Urban,Residential,0,207.53666666666666,187.996
C00046,3,333.7,288.21,248.72,84.97,219.14,2.217,0.954,14,28,Urban,Residential,0,294.0,294.0
C00341,3,286.0,256.27,162.1,123.9,230.93,1.82,0.945,17,30,Urban,Residential,0,252.265,252.265
C00872,1,201.72,,136.19,65.53,233.38,1.273,0.943,1,28,Urban,Residential,0,,
C00663,6,209.68,216.2,148.56,61.12,231.09,1.434,0.879,19,30,Rural,Residential,0,193.89666666666665,181.212
C00704,5,1403.53,1309.7,999.99,403.54,215.22,9.149,0.99,4,28,Semi-Urban,Commercial,0,1040.2666666666667,994.3275
C00018,2,215.8,241.55,136.77,79.03,229.97,1.503,0.867,2,30,Semi-Urban,Residential,0,241.55,241.55
C00182,1,161.68,,90.38,71.31,226.23,1.003,0.99,1,30,Rural,Residential,0,,
C00785,1,133.0,,73.93,59.07,235.8,0.863,0.908,1,30,Semi-Urban,Residential,0,,
C01314,3,758.3,642.2,514.6,243.7,225.06,5.249,0.892,16,28,Urban,Commercial,0,658.0,658.0
C01130,1,298.69,,218.43,80.26,229.67,1.957,0.923,14,30,Urban,Residential,0,,
C00742,1,285.76,,190.81,94.95,235.95,1.936,0.869,14,28,Urban,Residential,0,,
C00484,6,258.78,259.03,178.92,79.86,234.0,,0.915,16,28,Urban,Residential,0,248.17999999999998,234.41799999999998
C00905,2,728.13,663.91,539.78,188.35,219.25,5.174,0.891,6,30,Urban,Commercial,0,663.91,663.91
C01181,3,246.18,221.77,178.15,68.03,230.25,1.716,0.865,10,29,Semi-Urban,Residential,0,223.85000000000002,223.85000000000002
C00684,6,418.73,400.28,261.69,157.04,234.13,2.652,0.937,17,30,Urban,Residential,0,368.95,336.938
C01265,1,118.37,,82.75,35.62,238.22,0.697,0.99,8,30,Urban,Residential,0,,
C01047,5,183.22,203.41,136.72,46.5,234.94,1.154,0.939,6,30,Semi-Urban,Residential,0,164.35666666666665,152.8875
C01111,4,379.29,348.27,251.79,127.5,223.63,2.521,0.934,17,29,Urban,Residential,0,341.9433333333333,341.9433333333333
C01146,3,95.23,141.22,61.91,33.33,230.75,0.631,0.908,6,28,Semi-Urban,Residential,0,154.79500000000002,154.79500000000002
C01178,6,1260.13,1517.03,826.68,433.45,222.75,8.024,0.979,3,28,Semi-Urban,Commercial,0,1414.3366666666664,1324.1879999999999
C00693,6,333.45,638.03,205.39,128.06,227.68,2.306,0.882,1,30,Semi-Urban,Residential,0,407.31333333333333,359.838
C00837,5,1216.17,1234.53,679.24,536.94,216.9,8.495,0.917,12,28,Semi-Urban,Commercial,0,1059.5466666666669,1018.2525
C00103,2,140.81,172.27,104.54,36.27,226.93,0.9,0.957,8,30,Semi-Urban,Residential,0,172.27,172.27
C00744,6,195.83,218.41,137.08,58.75,231.52,1.292,0.909,1,30,Urban,Residential,0,193.26,172.16199999999998
C00809,4,263.16,259.74,188.56,74.6,227.82,1.729,0.928,1,28,Semi-Urban,Residential,0,251.57666666666668,251.57666666666668
C00792,2,1867.42,2087.75,1335.6,531.82,227.38,11.522,0.99,3,30,Rural,Industrial,0,2087.75,2087.75
C00918,6,309.11,298.99,223.56,85.55,233.39,2.043,0.9,6,29,Semi-Urban,Residential,0,280.43,249.224
C00580,5,175.78,198.3,122.4,53.38,237.2,1.086,0.948,15,30,Urban,Residential,0,186.39000000000001,174.9975
C01087,4,264.47,209.31,163.83,100.64,223.59,1.717,0.957,17,30,Urban,Residential,0,217.60666666666665,217.60666666666665
C00292,3,356.21,265.85,254.25,101.96,231.7,2.249,0.949,6,30,Urban,Residential,0,261.92,261.92
C00123,1,192.87,,106.84,86.03,222.78,1.335,0.901,10,30,Urban,Residential,0,,
C01260,3,656.21,570.05,373.5,282.71,233.2,4.171,0.937,11,30,Urban,Commercial,0,580.93,580.93
C00740,5,2929.62,3081.14,2178.47,751.15,228.55,19.259,,2,30,Rural,Industrial,0,2496.5633333333335,2340.405
C00656,2,810.86,914.76,496.35,314.51,231.18,5.304,0.919,3,30,Urban,Commercial,0,914.76,914.76
C01030,1,113.68,,65.09,48.59,226.45,0.742,0.939,15,30,Semi-Urban,Residential,0,,
C00486,1,3782.59,,2217.16,1565.43,231.34,25.511,0.89,13,29,Semi-Urban,Industrial,0,,
C01042,5,1322.64,1252.38,896.17,426.47,227.99,8.802,0.915,7,29,Urban,Commercial,0,1273.5,1228.9325000000001
C00444,5,401.26,413.7,295.88,105.38,232.87,2.697,0.887,8,28,Semi-Urban,Commercial,0,365.6933333333333,364.43
C00906,5,203.75,190.37,123.85,79.9,230.85,1.426,0.859,11,30,Urban,Residential,0,176.03333333333333,171.7175
C01014,2,164.03,185.23,122.49,41.54,235.78,1.008,0.959,3,30,Rural,Residential,0,185.23,185.23
C01264,3,248.12,261.88,162.22,85.9,237.91,1.762,0.822,10,29,Urban,Residential,0,249.98000000000002,249.98000000000002
C00519,6,161.78,166.82,94.46,67.31,227.58,1.019,0.969,18,30,Urban,Residential,0,140.89,136.592
C00551,4,370.04,334.04,267.68,102.37,229.32,2.334,0.96,8,28,Rural,Residential,0,289.03000000000003,289.03000000000003
C00360,1,112.12,,62.29,49.83,237.3,0.72,0.912,2,28,Rural,Residential,0,,
C00225,1,115.67,,81.09,34.58,235.76,0.73,0.933,4,30,Urban,Residential,0,,
C01482,3,320.81,248.58,232.94,87.88,234.64,1.987,0.956,5,28,Urban,Residential,0,260.785,260.785
C00544,4,429.98,470.87,257.39,172.59,234.69,2.618,0.972,16,28,Urban,Commercial,0,464.32333333333327,464.32333333333327
C01443,3,334.52,277.1,200.64,133.89,231.27,2.035,0.987,1,28,Urban,Residential,0,268.42,268.42
C00676,5,280.01,314.71,182.82,97.19,228.78,1.916,0.887,11,30,Urban,Residential,0,259.5366666666667,251.28
C00880,1,233.89,,151.06,82.83,218.17,1.585,0.939,0,30,Rural,Residential,0,,
C00159,5,93.07,135.38,56.82,36.25,232.67,1.13,0.492,8,30,Urban,Residential,1,96.10666666666667,96.5375
C00962,6,3546.47,3619.77,2068.49,1477.99,228.07,25.695,0.841,17,30,Urban,Industrial,0,3445.2900000000004,3184.932
C00504,4,450.92,338.27,253.58,197.34,,3.279,0.846,6,30,Semi-Urban,Residential,0,324.38666666666666,324.38666666666666
C00552,3,241.97,197.32,137.21,104.76,227.48,1.601,0.923,18,30,Rural,Residential,0,207.13,207.13
C00251,5,244.17,84.44,172.13,72.04,229.41,1.692,,9,29,Urban,Residential,0,144.02,158.2975
C01061,4,495.25,446.02,283.24,212.0,232.66,,0.451,15,29,Rural,Commercial,1,592.7633333333333,592.7633333333333
C00302,1,220.03,,137.95,82.08,230.44,1.421,0.933,13,28,Rural,Residential,0,,
C00845,1,517.96,,294.37,223.59,234.65,3.351,0.915,18,28,Semi-Urban,Commercial,0,,
C00728,1,176.23,,129.59,46.64,227.48,1.184,0.908,7,30,Urban,Residential,0,,
C00632,6,382.67,361.08,255.21,127.45,235.79,2.363,0.954,15,29,Urban,Residential,0,373.5833333333333,348.37199999999996
C00187,6,571.01,577.98,404.95,166.06,232.65,3.967,0.859,17,29,Rural,Commercial,0,539.9866666666667,474.062
C00929,5,179.46,153.74,126.96,52.5,223.77,1.229,0.907,5,30,Urban,Residential,0,145.93,146.04500000000002
C01435,3,558.09,710.6,417.6,140.48,227.54,3.71,0.918,1,29,Urban,Commercial,0,657.385,657.385
C01166,5,1037.8,823.19,723.74,314.06,223.28,7.184,0.899,3,29,Semi-Urban,Commercial,0,801.5866666666667,783.99
C00943,2,4437.28,4331.89,3001.6,1435.68,231.72,28.694,0.927,7,30,Urban,Industrial,0,4331.89,4331.89
C00814,2,118.45,94.22,78.09,40.36,225.12,0.825,0.886,10,30,Urban,Residential,0,94.22,94.22
C00762,3,951.29,1002.71,673.11,278.18,239.05,5.641,0.98,2,30,Rural,Commercial,0,1040.8899999999999,1040.8899999999999
C00983,5,1405.85,1657.46,903.68,502.17,224.23,9.492,0.917,7,28,Semi-Urban,Industrial,0,1474.2333333333333,1465.27
C01085,4,299.92,219.14,212.8,87.12,233.92,1.913,0.931,8,29,Rural,Residential,0,195.49666666666667,195.49666666666667
C00309,1,457.12,,283.77,173.35,229.26,3.143,0.881,4,29,Urban,Commercial,0,,
C00070,3,925.7,770.01,691.19,234.52,229.22,5.769,0.972,1,30,Semi-Urban,Commercial,0,775.9200000000001,775.9200000000001
C00496,4,344.13,342.07,229.52,114.61,223.27,2.348,0.912,10,28,Rural,Residential,0,298.04,298.04
C00974,5,844.13,568.97,557.97,286.16,234.34,5.361,0.933,11,29,Semi-Urban,Commercial,0,624.78,608.5025
C00406,2,310.68,307.13,194.98,115.7,231.57,1.967,0.947,17,30,Urban,Residential,0,307.13,307.13
C00420,5,150.91,195.29,106.11,44.8,227.56,0.986,0.934,11,30,Urban,Residential,0,156.25333333333333,154.07
C00095,1,185.6,,116.86,68.74,235.17,1.27,0.863,9,28,Rural,Residential,0,,
C00422,1,142.99,,103.25,39.74,223.96,1.031,0.86,2,30,Rural,Residential,0,,
C00922,4,563.31,423.91,378.2,185.11,220.88,3.959,0.895,0,30,Rural,Commercial,0,401.5933333333333,401.5933333333333
C01372,6,212.61,209.86,141.42,71.19,236.05,1.309,0.956,4,29,Rural,Residential,0,195.90333333333334,173.858
C00542,6,3098.97,2907.72,1734.01,1364.96,234.44,21.069,0.871,0,29,Urban,Industrial,0,3092.866666666667,3024.054
C00205,1,1933.39,,1413.73,519.65,229.89,12.341,0.946,14,30,Semi-Urban,Industrial,0,,
C00024,5,148.5,168.27,81.86,66.63,230.14,0.923,0.971,17,29,Semi-Urban,Residential,0,146.61,139.1475
C00816,5,220.21,246.05,150.64,69.57,228.22,1.502,0.893,4,28,Urban,Residential,0,233.7733333333333,229.9125
C00249,3,229.01,199.69,129.72,99.29,230.15,1.437,0.962,2,30,Urban,Residential,0,192.65,192.65
C01368,2,469.1,573.22,276.01,193.09,240.37,2.953,0.918,1,30,Urban,Commercial,0,573.22,573.22
C00686,3,792.34,818.02,552.01,240.33,229.84,5.116,0.936,18,30,Urban,Commercial,0,823.2249999999999,823.2249999999999
C00266,1,137.01,,85.38,51.63,234.36,0.916,0.887,9,30,Urban,Residential,0,,
C00897,2,167.65,146.44,115.76,51.9,233.92,1.087,0.916,6,30,Urban,Residential,0,146.44,146.44
C00805,4,215.08,184.5,125.96,89.12,240.96,1.33,0.932,2,29,Urban,Residential,0,160.04999999999998,160.04999999999998
C00443,2,350.18,411.46,261.51,88.67,222.41,2.379,0.919,9,30,Semi-Urban,Commercial,0,411.46,411.46
C00335,1,213.43,,121.16,92.28,221.86,1.573,0.849,2,29,Rural,Residential,0,,
C00200,1,192.52,,116.11,76.42,232.22,1.207,0.954,4,30,Semi-Urban,Residential,0,,
C00999,6,1302.36,1303.72,955.35,347.01,228.08,8.24,0.962,11,29,Urban,Commercial,0,1463.493333333333,1280.192
C00569,2,299.87,288.33,190.11,109.76,222.87,2.033,0.919,1,29,Rural,Residential,0,288.33,288.33
C00187,2,345.21,405.14,208.2,137.01,228.55,2.598,0.807,17,30,Rural,Commercial,0,405.14,405.14
C01118,2,217.62,196.92,161.3,56.31,223.83,1.456,0.928,10,30,Rural,Residential,0,196.92,196.92
C00293,5,293.56,287.7,178.96,114.6,230.67,1.866,0.947,14,28,Urban,Residential,0,239.49,226.695
C00083,6,262.32,337.26,170.55,91.78,237.7,1.59,0.964,19,30,Rural,Residential,0,340.3233333333333,300.886
C01421,6,208.73,280.88,152.35,56.38,230.61,1.373,0.915,6,30,Rural,Residential,0,241.77666666666664,215.598
C00003,1,119.19,,79.96,39.23,226.09,0.781,0.937,12,30,Urban,Residential,0,,
C00146,1,203.08,,115.39,87.69,227.23,1.364,0.91,18,30,Urban,Residential,0,,
C00560,4,412.4,319.52,266.99,145.41,223.39,2.756,0.93,12,30,Semi-Urban,Residential,0,320.84666666666664,320.84666666666664
C00153,1,261.52,,153.95,107.57,228.33,1.875,0.848,14,29,Urban,Residential,0,,
C00598,1,137.49,,78.98,58.51,229.47,0.947,0.879,4,29,Urban,Residential,0,,
C00121,2,1083.32,921.8,597.7,485.63,227.18,7.071,0.937,17,28,Urban,Commercial,0,921.8,921.8
C01288,1,124.36,,86.82,37.53,231.12,0.801,0.933,11,30,Semi-Urban,Residential,0,,
C01499,5,338.93,371.02,194.66,144.27,226.35,2.267,0.918,16,30,Semi-Urban,Residential,0,314.8633333333333,301.0625
C01199,6,301.13,100.91,172.71,128.42,232.47,1.869,0.963,9,28,Semi-Urban,Residential,0,236.32000000000002,245.10399999999998
C01446,1,597.56,,333.19,264.37,232.42,3.717,0.961,3,29,Rural,Commercial,0,,
C00892,5,783.77,797.44,559.47,224.3,238.07,4.763,0.96,7,30,Urban,Commercial,0,669.91,636.185
C00250,3,1410.4,1578.92,848.05,562.35,229.91,9.145,0.932,13,30,Urban,Industrial,0,1637.535,1637.535
C00971,3,572.45,823.64,368.22,204.22,230.26,6.721,0.514,1,29,Urban,Commercial,1,891.15,891.15
C00254,3,631.43,508.14,435.65,195.78,230.93,4.527,0.839,17,28,Urban,Commercial,0,453.97,453.97
C01187,5,1324.91,1212.92,854.51,470.4,224.02,8.859,0.927,2,30,Semi-Urban,Commercial,0,1045.1733333333334,990.665
C01053,6,404.21,438.74,223.29,180.92,235.15,2.564,0.931,4,28,Urban,Residential,0,407.4633333333333,322.31
C00458,5,1145.49,642.73,826.24,319.25,229.79,8.039,0.861,7,28,Rural,Commercial,0,718.4566666666666,714.46
C00768,6,177.36,176.43,121.79,55.57,230.42,1.247,0.857,17,28,Rural,Residential,0,183.17666666666665,182.376
C00781,6,282.04,287.4,195.53,86.51,235.56,1.927,0.863,9,29,Urban,Residential,0,298.9266666666667,280.448
C00053,3,324.43,352.63,201.07,123.36,226.62,2.175,0.914,17,28,Semi-Urban,Residential,0,345.865,345.865
C01156,6,182.13,168.8,129.34,52.79,232.35,1.211,0.899,7,30,Urban,Residential,0,170.72000000000003,167.876
C01328,1,215.3,,152.39,62.91,230.78,1.445,0.897,9,30,Semi-Urban,Residential,0,,
C01096,5,189.18,247.52,129.67,59.51,235.64,1.221,0.913,13,29,Urban,Residential,0,214.48000000000002,197.04250000000002
C00559,3,195.14,214.09,119.68,75.47,228.1,1.301,0.913,0,29,Semi-Urban,Residential,0,198.095,198.095
C00019,1,157.3,,94.5,62.8,236.11,1.111,0.833,6,28,Urban,Residential,0,,
C00293,3,251.71,179.06,188.24,63.47,229.65,1.714,0.888,14,30,Urban,Residential,0,183.685,183.685
C01157,4,267.41,198.45,183.66,83.75,217.89,1.886,0.904,12,28,Urban,Residential,0,200.53666666666666,200.53666666666666
C00226,2,173.29,227.3,123.11,50.17,231.86,1.173,0.885,11,30,Semi-Urban,Residential,0,227.3,227.3
C00522,4,338.27,313.39,197.12,141.16,227.87,2.329,0.885,8,28,Urban,Residential,0,279.81333333333333,279.81333333333333
C00666,2,351.08,370.34,252.96,98.12,229.46,2.365,0.898,18,29,Urban,Commercial,0,370.34,370.34
C01035,2,125.96,119.42,78.04,47.92,223.95,0.896,0.871,3,28,Semi-Urban,Residential,0,119.42,119.42
C00929,4,153.74,159.91,90.7,63.04,222.39,1.058,0.908,5,29,Urban,Residential,0,143.48,143.48
C00912,6,4561.15,6059.01,3131.18,1429.97,233.51,30.051,0.903,15,30,Semi-Urban,Industrial,0,5277.786666666667,4848.358
C00662,3,649.53,700.23,475.23,174.3,219.98,4.401,0.932,15,28,Urban,Commercial,0,644.51,644.51
C00081,1,563.03,,346.29,216.74,233.36,3.945,0.849,5,28,Urban,Commercial,0,,
C01076,6,1332.97,1166.18,791.47,541.51,228.31,8.192,0.99,13,28,Rural,Commercial,0,1149.7466666666667,1117.768
C00329,6,944.41,1008.82,577.25,367.16,231.67,6.347,0.892,19,28,Rural,Commercial,0,943.9533333333333,856.1959999999999
C00057,1,609.27,,362.91,246.36,228.02,4.066,0.913,7,29,Semi-Urban,Commercial,0,,
C00461,5,1515.51,1269.1,887.53,627.98,,9.396,0.949,11,30,Rural,Commercial,0,1141.3633333333332,1117.6125
C01299,1,313.43,,179.2,134.23,228.9,1.959,0.971,16,30,Urban,Residential,0,,
C01161,6,819.09,693.42,550.8,268.28,233.02,5.336,0.915,14,29,Urban,Commercial,0,424.49333333333334,479.994
C01131,3,138.84,122.12,83.13,55.71,233.91,0.897,0.919,9,30,Rural,Residential,0,112.81,112.81
C00760,3,285.72,271.49,176.79,108.93,222.62,1.933,0.922,19,29,Urban,Residential,0,243.885,243.885
C00498,4,152.44,119.86,95.03,57.41,227.94,0.98,0.948,7,30,Urban,Residential,0,121.82666666666667,121.82666666666667
C00765,5,220.74,204.92,124.69,96.05,233.61,1.551,0.846,3,30,Semi-Urban,Residential,0,185.48,181.3225
C01316,5,925.76,1121.1,592.23,333.52,224.41,6.191,0.925,11,29,Urban,Commercial,0,790.9333333333334,793.2075
C00088,3,128.03,125.12,74.58,53.45,227.99,0.822,0.949,16,30,Urban,Residential,0,123.77000000000001,123.77000000000001
C00719,2,462.31,494.82,265.87,196.44,234.03,2.944,0.932,16,29,Semi-Urban,Commercial,0,494.82,494.82
C00580,4,198.3,195.11,140.94,57.36,226.33,1.421,0.856,15,30,Urban,Residential,0,167.23,167.23
C00907,3,272.04,207.36,194.12,77.92,231.56,1.852,0.881,17,30,Semi-Urban,Residential,0,223.075,223.075
C00594,1,129.4,,83.27,46.13,234.08,0.827,0.928,15,28,Semi-Urban,Residential,0,,
C01012,1,491.43,,319.11,172.31,216.45,3.288,0.959,19,28,Urban,Commercial,0,,
C00469,2,246.08,280.3,162.35,83.73,232.51,1.504,0.978,7,29,Urban,Residential,0,280.3,280.3
C00121,5,1193.12,1345.65,717.85,475.27,228.46,7.493,0.968,17,30,Urban,Commercial,0,1228.0966666666666,1151.5225
C00128,4,255.03,194.03,166.8,88.23,228.5,1.723,0.9,16,30,Urban,Residential,0,185.17,185.17
C00892,4,797.44,634.73,557.2,240.24,228.57,5.0,0.969,7,30,Urban,Commercial,0,582.4333333333333,582.4333333333333
C00950,4,246.57,260.56,160.69,85.88,231.33,1.798,0.823,10,29,Urban,Residential,0,226.58333333333334,226.58333333333334
C00925,1,132.28,,88.14,44.14,231.62,0.879,0.902,17,29,Urban,Residential,0,,
C01130,6,316.56,339.46,225.94,90.62,232.27,2.024,0.935,14,30,Urban,Residential,0,344.32666666666665,322.578
C00052,2,708.08,856.27,432.28,275.81,229.74,4.343,0.986,11,29,Semi-Urban,Commercial,0,856.27,856.27
C00629,6,223.48,67.62,165.73,57.75,232.71,1.482,0.9,8,30,Urban,Residential,0,151.57333333333335,153.68
C00652,3,373.3,244.77,269.1,104.2,227.63,2.5,0.911,7,28,Urban,Residential,0,256.255,256.255
C00214,1,2537.72,,1842.67,695.06,222.19,16.716,0.949,7,29,Semi-Urban,Industrial,0,,
C00059,1,183.92,,116.93,66.99,227.65,1.206,0.931,9,28,Urban,Residential,0,,
C01365,6,146.75,160.46,106.89,39.86,231.34,0.946,0.932,0,29,Semi-Urban,Residential,0,150.0533333333333,140.37
C01282,5,229.66,255.22,141.07,88.59,227.79,1.415,0.99,5,30,Urban,Residential,0,228.83333333333334,219.405
C01141,2,128.19,114.16,81.14,47.06,231.68,0.779,0.986,16,28,Urban,Residential,0,114.16,114.16
C01145,4,633.81,473.91,367.42,266.39,228.14,4.235,0.911,14,29,Semi-Urban,Commercial,0,441.18,441.18
C01432,3,308.41,298.12,218.88,89.53,227.09,2.087,0.904,17,30,Semi-Urban,Residential,0,300.185,300.185
C00299,4,370.44,300.08,276.84,93.6,220.95,2.59,0.899,12,29,Rural,Residential,0,265.96999999999997,265.96999999999997
C01490,2,189.47,156.82,127.89,61.58,233.26,1.265,0.892,14,30,Semi-Urban,Residential,0,156.82,156.82
C00891,1,117.87,,75.75,42.13,230.07,0.723,0.984,4,29,Semi-Urban,Residential,0,,
C00614,5,361.45,338.66,255.5,105.95,228.65,2.262,0.971,4,29,Urban,Residential,0,312.0733333333333,299.2075
C00795,3,238.51,271.46,147.13,91.39,224.93,1.636,0.9,3,29,Urban,Residential,0,282.34000000000003,282.34000000000003
C01162,3,532.03,401.57,297.84,234.19,224.06,3.743,0.881,0,30,Semi-Urban,Commercial,0,415.265,415.265
C00343,2,154.79,151.97,112.83,41.96,235.6,0.983,0.928,1,30,Urban,Residential,0,151.97,151.97
C00373,1,284.97,,203.41,81.56,224.38,1.963,0.899,12,29,Semi-Urban,Residential,0,,
C00729,6,265.58,264.1,172.38,93.2,230.7,1.73,0.924,4,30,Semi-Urban,Residential,0,247.07666666666668,234.83200000000002
C00012,6,801.05,1016.52,585.43,215.62,224.08,5.922,0.838,2,29,Rural,Commercial,0,733.5133333333333,704.564
C00747,2,128.7,117.36,90.28,38.42,231.88,0.89,0.867,16,29,Urban,Residential,0,117.36,117.36
C00460,6,374.53,425.85,237.78,136.74,231.9,2.379,0.943,14,30,Rural,Residential,0,380.12999999999994,345.714
C00840,2,878.24,917.36,521.84,356.4,226.1,6.009,0.898,4,28,Semi-Urban,Commercial,0,917.36,917.36
C00512,3,2187.09,2057.21,1498.39,688.7,223.49,15.451,0.88,15,30,Semi-Urban,Industrial,0,1909.0149999999999,1909.0149999999999
C01017,5,238.76,237.83,167.14,71.62,230.62,1.757,0.818,10,30,Semi-Urban,Residential,0,201.62333333333333,199.625
C00950,3,260.56,213.62,177.03,83.53,218.71,1.719,0.963,10,30,Urban,Residential,0,209.595,209.595
C00850,3,2077.03,2090.98,1404.22,672.8,227.71,13.126,0.965,5,29,Urban,Industrial,0,2182.385,2182.385
C01407,1,904.14,,533.64,370.5,226.07,6.219,0.893,4,30,Semi-Urban,Commercial,0,,
C00468,4,281.87,209.97,193.14,88.73,240.09,1.869,0.872,10,30,Rural,Residential,0,207.89333333333335,207.89333333333335
C00211,1,196.53,,137.12,59.41,227.66,1.341,0.894,11,30,Urban,Residential,0,,
C00278,5,293.78,319.05,161.66,132.12,222.14,2.024,0.908,9,30,Urban,Residential,0,259.95,236.365
C01498,2,1038.2,1097.58,740.12,298.08,230.46,6.647,0.941,18,28,Urban,Commercial,0,1097.58,1097.58
C00713,4,1150.51,1250.11,795.46,355.05,236.66,8.507,0.794,19,30,Semi-Urban,Commercial,0,982.8333333333334,982.8333333333334
C00869,4,4193.99,2161.59,3014.98,1179.01,228.28,26.229,0.973,10,29,Semi-Urban,Industrial,0,2751.816666666667,2751.816666666667
C01183,2,150.72,134.21,89.2,61.52,240.0,1.05,0.83,15,28,Urban,Residential,0,134.21,134.21
C01431,3,2489.45,2202.93,1647.19,842.26,234.1,16.696,0.885,17,29,Urban,Industrial,0,2168.8,2168.8
C00362,2,3093.43,2600.14,2244.01,849.43,232.63,19.156,0.964,17,29,Urban,Industrial,0,2600.14,2600.14
C00241,6,353.94,345.31,231.95,121.98,220.46,2.616,0.852,14,29,Urban,Residential,0,325.29,308.998
C01322,1,827.9,,564.36,263.53,224.17,5.556,0.923,3,30,Rural,Commercial,0,,
C00423,2,304.55,334.16,170.64,133.9,223.99,2.179,0.867,2,28,Urban,Residential,0,334.16,334.16
C01134,3,289.2,236.65,159.57,129.63,233.76,1.868,0.92,18,30,Semi-Urban,Residential,0,237.125,237.125
C00283,4,174.01,120.31,97.05,76.96,229.28,1.207,0.874,2,28,Rural,Residential,0,121.22333333333334,121.22333333333334
C00483,1,2383.65,,1356.76,1026.9,231.39,14.452,0.99,2,30,Urban,Industrial,0,,
C00980,2,4918.07,5292.85,3540.07,1377.99,232.57,31.251,0.94,5,29,Semi-Urban,Industrial,0,5292.85,5292.85
C00183,4,469.07,426.04,279.33,189.75,229.72,3.049,0.93,1,28,Urban,Residential,0,364.5333333333333,364.5333333333333
C01240,1,172.18,,107.62,64.55,234.74,1.125,0.906,17,28,Semi-Urban,Residential,0,,
C01206,6,168.72,151.8,115.86,52.86,227.93,1.145,0.898,11,29,Rural,Residential,0,172.10333333333332,151.676
C00534,6,348.54,315.04,193.81,154.72,237.05,2.29,0.892,7,30,Rural,Residential,0,291.79333333333335,286.178
C00805,5,180.04,215.08,118.24,61.8,236.36,1.151,0.919,2,29,Urban,Residential,0,185.40666666666667,173.8075
C00272,5,257.84,314.89,186.57,71.28,228.66,1.67,0.938,15,30,Urban,Residential,0,291.1466666666666,287.65999999999997
C01015,3,294.15,283.25,188.16,105.99,223.82,1.866,0.978,1,30,Semi-Urban,Residential,0,267.475,267.475
C00314,4,1179.72,1004.29,802.88,376.85,237.28,7.508,0.92,3,29,Semi-Urban,Commercial,0,977.29,977.29
C00042,3,733.36,659.85,412.93,320.42,237.46,4.718,0.909,3,29,Urban,Commercial,0,656.175,656.175
C01107,2,206.76,190.46,154.58,52.18,236.15,1.311,0.928,13,28,Urban,Residential,0,190.46,190.46
C00269,5,268.94,235.05,177.06,91.88,222.11,1.828,0.92,10,29,Semi-Urban,Residential,0,222.49333333333334,224.85
C00164,1,111.8,,64.93,46.87,230.18,0.705,0.956,18,30,Urban,Residential,0,,
C00236,4,126.6,133.94,89.41,37.18,228.76,0.853,0.901,3,28,Semi-Urban,Residential,0,122.58999999999999,122.58999999999999
C01489,5,452.53,440.2,321.24,131.29,232.93,2.931,0.921,9,29,Semi-Urban,Residential,0,370.27,348.925
C00757,4,274.07,197.75,161.87,112.2,231.63,1.767,0.93,4,29,Urban,Residential,0,205.60333333333332,205.60333333333332
C00142,3,369.75,340.79,229.7,140.04,233.84,2.311,0.95,10,29,Urban,Residential,0,336.355,336.355
C01262,6,74.69,206.57,54.41,20.28,224.09,0.521,0.888,0,20,Semi-Urban,Residential,1,183.21999999999994,182.542
C00838,5,292.93,280.07,173.56,119.37,224.5,1.858,0.975,7,30,Semi-Urban,Residential,0,264.4733333333333,250.6925
C00851,4,759.95,673.85,418.05,341.9,226.42,5.309,0.878,11,29,Rural,Commercial,0,737.5866666666667,737.5866666666667
C00480,4,932.51,848.11,558.64,373.87,234.57,5.857,0.943,9,30,Urban,Commercial,0,738.7133333333335,738.7133333333335
C01300,6,1477.48,1078.98,1050.62,426.86,228.24,10.179,0.883,19,29,Urban,Commercial,0,1156.8966666666668,1097.764
C00630,6,903.86,1049.89,528.01,375.84,229.77,6.368,0.858,19,30,Semi-Urban,Commercial,0,964.7166666666666,920.902
C00306,1,588.46,,362.75,225.71,228.2,3.661,0.978,11,29,Semi-Urban,Commercial,0,,
C01106,1,3841.86,,2342.35,1499.51,225.44,24.972,0.948,16,30,Rural,Industrial,0,,
C00881,4,1489.32,1072.51,1068.79,420.53,231.16,10.068,0.889,13,30,Semi-Urban,Commercial,0,1072.3633333333335,1072.3633333333335
C00206,5,383.11,356.45,286.03,97.08,222.92,2.489,0.959,5,29,Semi-Urban,Residential,0,335.8233333333333,316.2925
C00809,1,225.82,,136.04,89.78,230.82,1.569,0.866,1,30,Semi-Urban,Residential,0,,
C00653,4,144.66,132.82,89.55,55.11,233.52,0.931,0.925,8,28,Semi-Urban,Residential,0,110.5,110.5
C00075,3,263.53,223.63,189.49,74.05,230.58,1.791,0.886,12,30,Urban,Residential,0,217.44,217.44
C00141,5,378.16,369.18,272.72,105.44,222.34,2.445,0.966,7,29,Urban,Residential,0,317.08,318.3475
C00996,5,287.84,315.17,215.37,72.47,239.06,1.898,0.881,1,30,Rural,Residential,0,288.2866666666667,284.0925
C00407,5,311.33,293.63,178.42,132.91,226.9,2.045,0.932,14,30,Urban,Residential,0,266.52,258.075
C00518,2,168.34,139.4,111.48,56.86,236.14,1.137,0.87,8,29,Urban,Residential,0,139.4,139.4
C01276,4,1157.3,958.74,865.74,291.57,230.28,7.655,0.912,5,30,Semi-Urban,Commercial,0,917.4200000000001,917.4200000000001
C01073,4,252.47,253.85,145.69,106.77,225.79,1.6,0.971,1,29,Urban,Residential,0,228.23666666666668,228.23666666666668
C00216,5,5238.49,5387.42,3825.11,1413.38,233.62,34.238,0.91,11,30,Semi-Urban,Industrial,0,4355.073333333334,4279.84
C00688,1,230.57,,140.13,90.44,228.35,1.537,0.912,12,29,Urban,Residential,0,,
C00574,5,185.09,164.68,125.23,59.86,225.65,1.16,0.982,0,30,Urban,Residential,0,161.59,154.345
C01180,3,82.48,241.83,60.43,22.06,232.34,0.519,0.949,15,30,Semi-Urban,Residential,1,247.34,247.34
C00984,6,300.93,388.7,191.21,109.72,227.1,2.001,0.92,16,29,Urban,Residential,0,305.84,281.63199999999995
C01427,5,226.04,220.28,149.4,76.64,225.94,1.609,0.864,6,28,Semi-Urban,Residential,0,193.79666666666665,184.405
C00130,3,924.26,764.58,643.0,281.27,229.79,5.819,0.96,4,29,Urban,Commercial,0,745.735,745.735
C01465,1,310.26,,214.6,95.66,228.46,2.04,0.925,15,28,Urban,Residential,0,,
C00359,6,5036.67,3275.19,3719.73,1316.94,233.78,31.927,0.937,16,30,Semi-Urban,Industrial,0,3252.566666666667,3175.4919999999997
C00726,4,82.61,315.96,46.12,36.49,223.95,0.53,0.966,9,20,Urban,Residential,1,276.40000000000003,276.40000000000003
C01430,6,205.35,246.69,133.84,71.52,230.89,1.284,0.962,14,28,Rural,Residential,0,210.73666666666668,196.15
C01290,6,4885.34,4878.96,3494.04,1391.3,230.27,33.264,0.886,11,29,Urban,Industrial,0,4389.61,3994.578
C00952,2,115.62,122.57,67.59,48.03,229.93,0.764,0.915,6,30,Urban,Residential,0,122.57,122.57
C01377,1,162.46,,117.61,44.85,225.26,1.086,0.922,0,30,Rural,Residential,0,,
C00531,4,1179.88,1186.5,846.29,333.59,229.57,7.741,0.922,12,29,Urban,Commercial,0,1041.5666666666666,1041.5666666666666
C00919,6,171.72,213.49,128.14,43.58,227.69,1.176,0.891,13,30,Urban,Residential,0,187.61,168.252
C00534,2,327.09,228.42,214.02,113.07,221.97,2.195,0.933,7,28,Rural,Residential,0,228.42,228.42
C01150,3,683.23,595.15,490.4,192.83,230.55,4.468,0.921,10,30,Urban,Commercial,0,618.995,618.995
C00215,6,1018.15,422.65,628.36,389.79,234.85,6.735,0.894,17,28,Rural,Commercial,0,789.4700000000001,810.8900000000001
C00839,3,203.34,177.83,145.26,58.08,226.84,1.336,0.932,5,30,Semi-Urban,Residential,0,164.18,164.18
C01326,1,2008.52,,1326.09,682.43,221.69,13.525,0.93,9,29,Semi-Urban,Industrial,0,,
C01215,6,358.96,327.63,198.99,159.97,225.63,2.418,0.914,13,29,Urban,Residential,0,327.5233333333333,315.962
C00917,5,327.86,336.31,188.72,139.14,227.82,2.432,0.822,16,30,Urban,Residential,0,325.1166666666667,302.93
C01359,6,457.79,387.04,278.21,179.58,230.17,2.978,0.928,8,30,Urban,Residential,0,297.43333333333334,295.046
C00688,5,277.46,307.91,165.35,112.1,224.03,1.988,0.865,12,30,Urban,Residential,0,248.7066666666667,244.1725
C01112,6,181.11,195.79,102.55,78.55,232.82,1.145,0.943,7,29,Rural,Residential,0,180.48,173.708
C00662,1,588.79,,328.75,260.04,220.95,3.925,0.943,15,29,Urban,Commercial,0,,
C00314,2,926.26,1001.32,568.6,357.66,231.91,5.603,0.99,3,28,Semi-Urban,Commercial,0,1001.32,1001.32
C01195,5,342.29,302.15,235.87,106.42,234.32,2.38,0.853,11,30,Urban,Residential,0,295.31333333333333,283.35249999999996
C00697,5,350.26,338.64,245.19,105.07,239.23,2.307,0.882,15,30,Urban,Residential,0,290.58666666666664,288.5575
C01277,4,357.22,297.92,259.42,97.81,228.18,2.316,0.939,7,30,Urban,Residential,0,281.49,281.49
C01466,4,5676.68,4889.03,3685.3,1991.37,229.67,37.472,0.916,16,28,Urban,Industrial,0,4566.150000000001,4566.150000000001
C01141,3,136.65,128.19,81.77,54.88,226.08,0.945,,16,28,Urban,Residential,0,121.175,121.175
C01064,5,790.61,754.11,473.48,317.14,218.62,5.15,0.975,1,30,Urban,Commercial,0,695.1766666666666,676.2625
C01115,1,246.27,,138.93,107.34,237.61,1.479,0.973,6,29,Urban,Residential,0,,
C00173,5,188.29,173.7,129.51,58.78,223.79,1.288,0.907,11,30,Urban,Residential,0,161.29333333333332,157.6525
C00107,1,410.38,,251.13,159.25,225.25,,0.933,8,29,Urban,Commercial,0,,
C01076,1,1060.64,,751.55,309.1,234.19,7.013,0.897,13,30,Rural,Commercial,0,,
C00690,1,159.2,,104.38,54.82,233.34,,0.974,11,29,Urban,Residential,0,,
C00723,2,818.24,938.95,609.69,208.55,228.56,5.449,0.912,6,29,Semi-Urban,Commercial,0,938.95,938.95
C00181,4,216.38,184.7,143.98,72.4,221.03,1.411,0.963,15,29,Urban,Residential,0,173.3033333333333,173.3033333333333
C00144,4,150.31,127.53,83.3,67.01,237.75,0.923,0.952,7,28,Rural,Residential,0,124.80333333333333,124.80333333333333
C00151,4,360.69,326.01,251.16,109.53,223.82,2.481,0.902,13,28,Rural,Residential,0,335.9533333333333,335.9533333333333
C00032,6,269.34,253.08,170.96,98.38,234.01,1.781,0.898,13,30,Semi-Urban,Residential,0,254.11,234.74
C00019,2,168.45,157.3,122.55,45.9,234.06,1.183,0.845,6,30,Urban,Residential,0,157.3,157.3
C00324,5,286.57,251.82,164.75,121.82,227.56,1.777,0.984,9,30,Urban,Residential,0,224.93666666666664,219.55
C01496,1,3827.25,,2395.17,1432.07,230.22,26.345,0.876,13,30,Semi-Urban,Industrial,0,,
C01210,2,3249.62,3505.91,1990.59,1259.03,222.56,20.773,0.976,7,30,Rural,Industrial,0,3505.91,3505.91
C01174,1,175.41,,97.35,78.06,230.25,1.191,0.888,8,30,Semi-Urban,Residential,0,,
C00991,6,251.4,245.09,64.85,186.55,222.38,1.591,0.987,7,28,Urban,Residential,1,142.08333333333334,159.484
C00928,3,206.33,187.49,153.14,53.19,227.21,1.361,0.927,1,30,Urban,Residential,0,192.125,192.125
C00463,4,209.57,188.13,130.21,79.36,223.93,1.362,0.955,10,30,Semi-Urban,Residential,0,190.12666666666667,190.12666666666667
C01123,3,951.03,753.11,703.73,247.3,230.87,6.465,0.885,7,28,Urban,Commercial,0,846.09,846.09
C00388,2,204.61,183.16,135.26,69.35,231.3,1.353,0.908,12,28,Urban,Residential,0,183.16,183.16
C01229,2,508.17,476.79,313.23,194.94,231.11,3.18,0.96,0,30,Urban,Commercial,0,476.79,476.79
C00437,2,3522.45,3187.89,2382.96,1139.49,223.14,23.682,0.926,14,30,Semi-Urban,Industrial,0,3187.89,3187.89
C01137,5,425.22,358.86,278.85,146.37,230.01,2.707,0.948,15,30,Rural,Residential,0,337.75333333333333,324.5675
C00183,3,426.04,318.74,304.88,121.16,230.54,2.843,0.903,1,28,Urban,Residential,0,333.78,333.78
C00836,5,422.19,375.08,257.11,165.08,230.94,2.763,0.919,11,28,Urban,Residential,0,324.75333333333333,315.5575
C00757,6,262.87,240.23,191.25,71.62,231.76,1.628,0.968,4,29,Urban,Residential,0,237.35,226.22199999999998
C00523,4,239.35,204.97,144.1,95.25,227.9,1.621,0.9,5,30,Urban,Residential,0,162.24,162.24
C00770,6,588.3,693.66,403.22,185.08,221.57,4.19,0.88,18,29,Urban,Commercial,0,509.98999999999995,505.18999999999994
C00635,2,121.53,130.11,88.8,32.72,225.43,0.881,,10,28,Rural,Residential,0,130.11,130.11
C01262,2,181.96,181.09,133.58,48.38,228.03,1.208,0.917,0,28,Semi-Urban,Residential,0,181.09,181.09
C00443,3,404.0,350.18,239.88,164.12,235.83,2.442,0.974,9,30,Semi-Urban,Commercial,0,380.82,380.82
C00784,1,245.9,,175.26,70.64,229.68,1.782,0.834,19,29,Urban,Residential,0,,
C00979,6,130.23,152.48,77.61,52.62,236.06,,0.938,12,29,Rural,Residential,0,136.04333333333332,122.232
C01073,6,240.39,245.71,161.86,78.53,229.03,1.592,0.916,1,28,Urban,Residential,0,250.67666666666665,236.57800000000003
C01309,5,143.21,156.28,102.12,41.09,231.45,0.95,0.905,17,28,Rural,Residential,0,128.67333333333332,121.64750000000001
C01294,1,303.05,,169.9,133.15,227.97,2.048,0.901,11,30,Urban,Residential,0,,
C00769,6,1302.19,1608.8,784.71,517.48,,8.658,0.937,9,30,Semi-Urban,Commercial,0,1384.7633333333333,1200.226
C01460,5,190.46,192.32,132.54,57.92,227.24,1.232,0.945,0,28,Urban,Residential,0,194.89,184.73
C00368,1,4080.62,,2537.3,1543.31,229.87,27.024,0.912,3,30,Semi-Urban,Industrial,0,,
C00828,2,560.68,489.1,404.04,156.64,221.21,3.917,0.899,6,29,Urban,Commercial,0,489.1,489.1
C01270,6,192.75,164.42,131.39,61.36,234.01,1.251,0.914,0,30,Semi-Urban,Residential,0,149.98333333333332,144.78199999999998
C01203,2,226.18,270.98,147.81,78.37,219.48,1.671,0.856,5,28,Semi-Urban,Residential,0,270.98,270.98
C00163,4,238.77,151.65,138.05,100.72,228.06,1.66,0.876,6,30,Semi-Urban,Residential,0,178.91333333333333,178.91333333333333
C00789,3,748.72,800.75,553.22,195.5,229.64,4.924,0.92,12,29,Urban,Commercial,0,846.245,846.245
C00157,6,971.44,1042.42,664.35,307.1,234.14,6.01,0.959,15,29,Rural,Commercial,0,892.0433333333334,831.458
C00398,6,271.29,266.56,180.34,90.95,236.71,1.817,0.876,3,30,Urban,Residential,0,211.54,216.65
C00537,6,188.24,165.94,79.57,108.68,227.46,2.039,0.564,14,25,Rural,Residential,1,214.83333333333334,217.21800000000002
C00648,1,459.38,,312.15,147.23,238.55,2.994,0.893,10,30,Urban,Commercial,0,,
C01422,6,237.49,398.38,168.46,69.02,226.21,2.369,0.615,1,28,Semi-Urban,Residential,1,320.6466666666667,303.848
C00897,6,182.59,215.99,101.77,80.83,239.05,1.153,0.92,6,30,Urban,Residential,0,185.41,174.06400000000002
C00801,4,320.92,301.37,192.29,128.63,225.92,2.011,0.981,10,30,Urban,Residential,0,263.4866666666667,263.4866666666667
C00465,6,240.72,269.73,148.63,92.08,227.91,1.502,0.977,15,28,Semi-Urban,Residential,0,259.7966666666667,238.988
C00158,3,263.36,212.11,174.11,89.25,231.48,1.814,0.871,4,30,Urban,Residential,0,224.09500000000003,224.09500000000003
C01310,6,263.09,85.27,168.92,94.17,227.6,1.77,0.907,16,29,Semi-Urban,Residential,0,172.57000000000002,166.716
C01366,1,157.83,,101.17,56.67,227.8,1.055,0.912,11,29,Rural,Residential,0,,
C01249,1,185.95,,106.66,79.29,233.25,1.149,0.964,9,28,Semi-Urban,Residential,0,,
C00685,5,263.23,313.08,172.35,90.88,217.92,1.944,0.863,9,30,Urban,Residential,0,279.23333333333335,282.3375
C01200,6,225.02,80.65,135.11,89.9,227.88,1.533,0.895,18,30,Semi-Urban,Residential,0,131.62333333333333,137.03199999999998
C00543,4,177.24,166.61,127.13,50.11,230.33,1.311,0.815,3,28,Semi-Urban,Residential,0,148.77,148.77
C00449,3,2722.67,2834.69,1698.88,1023.79,234.59,18.48,0.872,15,28,Semi-Urban,Industrial,0,2911.795,2911.795
C00920,4,339.25,226.29,204.9,134.35,230.01,2.107,0.972,19,30,Urban,Residential,0,207.10999999999999,207.10999999999999
C00220,6,196.19,212.08,108.13,88.06,226.97,1.342,0.895,16,29,Semi-Urban,Residential,0,179.74666666666667,165.66400000000002
C01490,3,197.22,189.47,123.57,73.65,228.16,1.287,0.932,14,29,Semi-Urban,Residential,0,173.14499999999998,173.14499999999998
C00871,6,672.43,804.52,432.48,239.95,226.71,4.526,0.91,9,28,Rural,Commercial,0,673.0633333333334,600.808
C01070,5,1385.64,1235.93,1025.03,360.61,222.34,10.422,0.831,13,30,Semi-Urban,Commercial,0,1073.7833333333335,1036.95
C01076,3,1160.48,1078.96,725.89,434.59,229.11,7.49,0.939,13,29,Rural,Commercial,0,1069.8000000000002,1069.8000000000002
C00580,2,165.76,140.82,109.03,56.73,232.55,1.069,0.926,15,30,Urban,Residential,0,140.82,140.82
C00585,2,1670.95,1434.37,1038.31,632.64,231.23,11.269,0.891,11,28,Semi-Urban,Industrial,0,1434.37,1434.37
C00413,6,1454.67,1142.69,1034.54,420.12,224.28,9.201,0.979,13,30,Semi-Urban,Commercial,0,1135.95,1038.366
C01278,2,155.27,165.26,95.04,60.23,227.83,1.074,,12,30,Urban,Residential,0,165.26,165.26
C01084,3,244.44,228.0,157.91,86.53,230.41,1.636,0.901,1,30,Urban,Residential,0,216.95999999999998,216.95999999999998
C00993,5,406.69,339.75,226.48,180.21,235.91,2.556,0.937,1,30,Urban,Residential,0,298.9533333333333,297.9425
C00724,1,134.49,,86.62,47.87,237.88,,0.99,0,29,Semi-Urban,Residential,0,,
C01487,4,155.29,141.25,89.76,65.53,228.75,1.068,0.883,2,28,Urban,Residential,0,140.66666666666666,140.66666666666666
C00313,3,560.21,852.98,309.48,250.74,232.94,3.85,0.868,17,29,Urban,Commercial,0,907.615,907.615
C01201,4,148.56,177.04,102.8,45.76,226.01,0.961,0.95,7,29,Urban,Residential,0,154.03333333333333,154.03333333333333
C00811,5,3067.8,3893.83,1763.54,1304.27,235.51,19.877,0.91,8,30,Urban,Industrial,0,3322.1766666666667,3128.3225
C00485,1,278.27,,193.61,84.66,230.45,1.957,0.857,10,30,Rural,Residential,0,,
C00096,1,123.57,,71.22,52.35,234.08,0.812,0.903,18,30,Urban,Residential,0,,
C00242,3,409.07,339.24,252.14,156.93,229.85,2.671,0.926,7,30,Urban,Residential,0,332.82500000000005,332.82500000000005
C00808,1,226.73,,139.41,87.32,227.54,1.481,0.934,4,29,Semi-Urban,Residential,0,,
C00846,1,166.6,,117.14,49.46,223.03,1.089,0.953,18,28,Semi-Urban,Residential,0,,
C00860,6,257.44,268.3,164.1,93.34,232.39,1.754,0.877,15,29,Rural,Residential,0,245.64000000000001,227.59
C00924,3,289.67,296.67,214.74,74.93,225.99,1.987,0.896,18,30,Semi-Urban,Residential,0,263.48,263.48
C00883,5,6121.59,5686.01,3550.82,2570.76,227.38,40.142,0.931,19,30,Urban,Industrial,0,5014.006666666667,4918.285
C00538,5,775.54,543.39,571.66,203.89,226.48,7.999,0.595,14,29,Rural,Commercial,1,773.5633333333334,850.7750000000001
C01469,2,148.06,118.21,102.77,45.29,223.83,1.08,0.85,16,28,Semi-Urban,Residential,0,118.21,118.21
C00664,1,157.18,,96.23,60.95,221.48,1.046,0.942,18,30,Semi-Urban,Residential,0,,
C01034,6,1220.55,1174.7,776.88,443.67,234.77,7.608,0.949,9,30,Urban,Commercial,0,1284.9333333333334,1145.9360000000001
C00590,6,196.3,192.95,130.06,66.24,228.21,1.325,0.902,10,30,Urban,Residential,0,171.95666666666668,163.386
C01288,3,150.96,146.17,94.99,55.97,230.66,0.925,0.983,11,30,Semi-Urban,Residential,0,135.265,135.265
C00472,2,303.45,291.37,217.99,85.45,233.23,2.048,0.882,4,30,Rural,Residential,0,291.37,291.37
C00913,3,272.02,244.61,195.23,76.8,235.7,1.764,0.909,2,30,Urban,Residential,0,234.72500000000002,234.72500000000002
C00224,1,291.45,,178.95,112.5,223.65,1.879,0.963,15,29,Urban,Residential,0,,
C00544,5,430.31,429.98,302.1,128.21,234.34,2.735,0.933,16,30,Urban,Commercial,0,482.70666666666665,455.73749999999995
C00866,1,431.88,,322.29,109.59,229.75,2.949,0.885,10,29,Semi-Urban,Commercial,0,,
C00109,3,324.06,260.97,188.5,135.56,228.43,2.103,0.937,18,28,Urban,Residential,0,261.48,261.48
C00484,5,259.03,261.63,179.35,79.68,232.27,1.668,0.928,16,29,Urban,Residential,0,234.30333333333337,228.265
C00377,3,1940.03,2095.69,823.83,1116.19,229.61,20.992,0.559,3,28,Semi-Urban,Industrial,1,2479.965,2479.965
C01026,4,745.49,693.4,510.93,234.56,219.9,4.841,0.973,17,30,Rural,Commercial,0,559.75,559.75
C01275,4,370.32,300.44,251.06,119.25,223.08,2.678,0.861,9,28,Urban,Residential,0,298.3933333333333,298.3933333333333
C01177,5,208.85,323.43,64.23,144.61,233.48,2.398,0.518,18,20,Semi-Urban,Residential,1,262.7966666666667,250.45749999999998
C00745,4,264.19,221.15,176.3,87.89,225.3,1.676,0.972,7,30,Urban,Residential,0,202.54333333333332,202.54333333333332
C01258,1,2392.54,,1515.76,876.78,229.19,15.312,0.947,16,30,Rural,Industrial,0,,
C01385,4,885.74,335.28,519.5,366.25,237.79,5.673,0.912,12,30,Semi-Urban,Commercial,0,538.9766666666667,538.9766666666667
C00431,5,370.98,288.6,261.58,109.4,232.0,2.51,0.885,14,30,Urban,Residential,0,299.27,292.77
C00533,5,904.26,854.65,553.21,351.04,234.99,5.447,0.981,11,29,Urban,Commercial,0,738.6733333333333,747.78
C01064,6,787.84,790.61,495.26,292.59,216.58,5.412,0.933,1,29,Urban,Commercial,0,754.37,699.132
C00728,6,248.42,202.56,139.89,108.53,237.4,1.69,0.86,7,29,Urban,Residential,0,217.37333333333333,199.376
C00210,5,1302.96,1037.69,810.56,492.4,235.53,8.203,0.937,6,29,Urban,Commercial,0,1097.9933333333333,1032.1675
C01012,2,436.66,491.43,264.25,172.41,,3.204,0.869,19,30,Urban,Commercial,0,491.43,491.43
C00166,2,167.24,156.69,100.34,66.9,234.54,1.053,0.94,14,30,Semi-Urban,Residential,0,156.69,156.69
C00585,1,1434.37,,933.16,501.22,228.86,9.83,0.886,11,28,Semi-Urban,Industrial,0,,
C00019,6,182.03,212.3,128.29,53.74,227.62,1.156,0.961,6,29,Urban,Residential,0,183.17999999999998,175.058
C00154,2,210.9,220.49,133.75,77.15,238.36,1.39,0.884,5,30,Urban,Residential,0,220.49,220.49
C00419,2,682.6,586.68,411.15,271.45,227.01,4.419,0.945,5,29,Urban,Commercial,0,586.68,586.68
C01417,6,195.28,179.68,139.66,55.62,236.1,1.311,0.876,3,29,Rural,Residential,0,170.36,162.57999999999998
C01426,4,4436.01,6038.63,2652.79,1783.22,235.4,27.772,0.942,17,29,Urban,Industrial,0,4717.143333333333,4717.143333333333
C00712,6,205.48,188.6,121.04,84.44,235.57,1.375,0.881,6,29,Urban,Residential,0,181.24666666666667,168.276
C00159,2,117.27,97.83,86.33,30.94,230.17,0.759,0.932,8,28,Urban,Residential,0,97.83,97.83
C00776,2,105.94,268.88,68.7,37.24,235.15,0.729,0.858,12,30,Urban,Residential,0,268.88,268.88
C00629,3,182.45,151.92,126.61,55.85,234.64,1.185,0.912,8,30,Urban,Residential,0,156.83999999999997,156.83999999999997
C01227,1,140.44,,88.42,52.02,230.77,0.899,0.94,5,29,Urban,Residential,0,,
C00476,1,135.54,,75.92,59.62,231.37,0.938,0.867,13,30,Semi-Urban,Residential,0,,
C00878,1,235.12,,139.83,95.29,232.26,1.48,0.95,13,30,Rural,Residential,0,,
C00726,6,183.54,278.59,119.17,64.37,233.84,2.192,0.497,9,28,Urban,Residential,1,225.72,238.08
C01005,3,327.32,328.49,212.07,115.26,220.78,2.414,0.853,18,29,Urban,Residential,0,308.26,308.26
C01043,4,218.48,123.9,161.39,57.1,226.05,1.406,0.954,11,30,Semi-Urban,Residential,0,156.19000000000003,156.19000000000003
C00418,4,3724.07,2890.35,2639.58,1084.5,223.79,24.558,0.941,3,30,Urban,Industrial,0,2589.2599999999998,2589.2599999999998
C00186,5,223.8,208.31,164.87,58.93,226.95,1.487,0.921,11,30,Rural,Residential,0,181.53333333333333,172.275
C01165,4,208.84,167.28,125.64,83.2,225.96,1.429,0.898,9,28,Urban,Residential,0,180.00333333333333,180.00333333333333
C00050,5,1267.36,464.78,737.61,529.75,229.56,8.471,0.905,7,28,Rural,Commercial,0,819.1466666666665,909.1199999999999
C00280,2,323.92,305.06,226.62,97.3,229.64,2.211,0.886,14,29,Rural,Residential,0,305.06,305.06
C00558,6,177.58,181.36,127.49,50.09,232.22,1.12,0.948,5,29,Semi-Urban,Residential,0,175.91666666666666,160.836
C00456,6,157.84,161.5,108.95,48.89,225.69,1.005,0.967,4,30,Rural,Residential,0,141.62333333333333,128.512
C01215,3,307.27,302.63,173.65,133.62,227.47,2.077,0.903,13,30,Urban,Residential,0,298.62,298.62
C01343,6,671.08,582.72,431.79,239.29,231.68,4.689,0.858,1,29,Semi-Urban,Commercial,0,535.7133333333334,503.85
C00787,3,239.76,666.14,159.55,80.21,231.33,1.581,0.91,9,15,Urban,Commercial,1,737.3399999999999,737.3399999999999
C00911,1,613.65,,341.24,272.42,228.79,3.941,0.945,16,28,Urban,Commercial,0,,
C00801,1,243.85,,144.39,99.46,235.06,1.61,0.895,10,30,Urban,Residential,0,,
C00945,3,646.54,476.26,428.19,218.35,228.48,4.248,0.925,7,29,Urban,Commercial,0,464.815,464.815
C01061,6,726.46,918.4,474.84,251.62,235.75,4.563,0.938,15,28,Rural,Commercial,1,619.89,638.388
C00351,4,731.16,501.57,492.08,239.08,234.89,4.801,0.9,6,30,Semi-Urban,Commercial,0,531.3266666666667,531.3266666666667
C00833,2,890.62,1067.89,641.35,249.27,234.85,5.922,0.889,15,30,Semi-Urban,Commercial,0,1067.89,1067.89
C01302,4,160.2,165.41,105.23,54.97,233.1,1.059,0.901,12,30,Urban,Residential,0,145.86666666666667,145.86666666666667
C01006,4,582.61,518.13,366.43,216.17,226.01,4.095,0.874,0,30,Urban,Commercial,0,468.28999999999996,468.28999999999996
C00307,2,132.78,159.64,79.17,53.61,234.21,0.908,0.867,18,30,Urban,Residential,0,159.64,159.64
C01081,6,184.21,49.52,107.54,76.67,238.33,1.215,0.883,2,30,Urban,Residential,0,88.58666666666666,101.74199999999999
C01144,4,170.8,135.76,105.39,65.41,231.07,1.154,0.89,3,30,Urban,Residential,0,131.06,131.06
C01339,4,141.74,125.23,80.87,60.87,230.18,0.864,0.99,12,28,Semi-Urban,Residential,0,115.40333333333335,115.40333333333335
C00102,2,169.28,147.38,118.29,50.99,222.34,1.159,0.912,17,30,Semi-Urban,Residential,0,147.38,147.38
C00183,2,318.74,348.82,228.17,90.57,241.22,2.263,0.811,1,29,Urban,Residential,0,348.82,348.82
C00753,5,285.21,283.16,200.21,85.0,232.88,1.877,0.906,13,29,Semi-Urban,Residential,0,276.1033333333333,263.4175
C00983,2,1357.64,1438.38,962.36,395.28,229.38,8.831,0.931,7,28,Semi-Urban,Industrial,0,1438.38,1438.38
C01335,2,474.52,393.4,283.48,191.04,229.24,2.999,0.958,15,29,Rural,Commercial,0,393.4,393.4
C00027,5,386.97,418.44,273.95,113.02,224.84,2.659,0.899,0,30,Semi-Urban,Residential,0,377.1066666666666,356.8925
C00034,6,171.78,109.63,108.12,63.66,220.82,1.149,0.94,2,29,Semi-Urban,Residential,0,162.77333333333334,165.98600000000002
C00957,1,423.09,,286.32,136.77,226.67,2.754,0.941,19,28,Urban,Commercial,0,,
C01466,1,4608.09,,2752.66,1855.43,233.42,31.554,0.869,16,28,Urban,Industrial,0,,
C00490,1,232.09,,154.34,77.75,239.8,1.358,0.99,18,30,Rural,Residential,0,,
C00990,5,155.83,190.89,95.4,60.44,219.06,1.12,0.883,7,30,Urban,Residential,0,156.42333333333332,153.7825
C00406,6,397.03,408.49,225.07,171.96,226.92,2.628,0.925,17,29,Urban,Residential,0,356.4533333333333,337.434
C00206,1,257.7,,153.7,104.0,233.04,1.577,0.974,5,28,Semi-Urban,Residential,0,,
C01251,1,347.59,,252.31,95.28,228.34,2.388,0.885,13,30,Semi-Urban,Residential,0,,
C01478,3,242.56,195.11,137.68,104.88,226.57,1.588,0.936,14,30,Urban,Residential,0,189.65,189.65
C01455,3,149.79,142.74,97.88,51.92,225.78,1.007,0.915,7,29,Rural,Residential,0,137.37,137.37
C00939,5,437.6,386.71,240.9,196.7,224.31,2.837,0.955,11,30,Rural,Residential,0,329.98333333333335,315.815
C01037,2,552.02,531.18,318.55,233.46,233.16,3.323,0.99,8,30,Semi-Urban,Commercial,0,531.18,531.18
C00868,3,1438.16,1603.25,992.1,446.06,221.66,9.328,0.966,5,30,Rural,Industrial,0,1423.95,1423.95
C00709,4,394.24,336.66,287.6,106.64,239.07,,0.99,6,30,Urban,Residential,0,311.82,311.82
C01333,4,341.0,315.24,238.9,102.1,231.36,2.223,0.921,16,29,Urban,Residential,0,295.37,295.37
C00673,3,130.43,154.1,94.41,36.02,227.85,0.83,0.958,1,29,Semi-Urban,Residential,0,152.78,152.78
C01137,3,387.67,266.73,271.98,115.69,226.88,2.475,0.959,15,30,Rural,Residential,0,275.87,275.87
C00716,1,811.68,,509.75,301.93,231.3,5.417,0.9,1,30,Urban,Commercial,0,,
C00803,1,156.55,,111.84,44.7,231.65,1.015,0.924,2,28,Urban,Residential,0,,
C00647,2,1154.82,955.73,649.22,505.6,226.27,7.556,0.938,3,28,Rural,Commercial,0,955.73,955.73
C00736,5,699.88,531.12,429.87,270.01,228.62,4.711,0.902,0,29,Rural,Commercial,0,528.8966666666666,538.6075
C00143,6,868.66,608.2,539.04,329.62,239.02,5.47,0.923,18,29,Semi-Urban,Commercial,0,694.6899999999999,738.844
C01273,2,238.55,258.58,144.82,93.73,229.98,1.666,0.865,10,30,Semi-Urban,Residential,0,258.58,258.58
C01159,5,275.66,283.38,162.74,112.92,227.5,1.89,0.89,7,15,Urban,Residential,1,235.50333333333333,226.7875
C00427,6,323.65,313.08,196.31,127.34,224.52,2.112,0.948,9,29,Semi-Urban,Residential,0,286.6033333333333,268.454
C00634,4,1394.15,1060.23,1027.07,367.08,232.6,8.637,0.964,7,30,Semi-Urban,Commercial,0,1075.2366666666667,1075.2366666666667
C00441,1,114.79,,79.8,34.98,236.65,0.737,0.914,9,29,Rural,Residential,0,,
C01324,5,683.07,697.64,507.14,175.93,228.98,4.471,0.927,14,30,Urban,Commercial,0,633.0533333333333,639.28
C00392,2,129.39,183.11,94.78,34.61,235.27,0.866,0.882,5,29,Urban,Residential,0,183.11,183.11
C01119,5,244.55,276.78,159.21,85.35,224.51,1.662,0.91,1,30,Rural,Residential,0,229.2833333333333,223.885
C00464,4,338.41,58.87,219.75,118.66,234.46,2.098,0.956,15,28,Urban,Residential,0,214.85333333333332,214.85333333333332
C00766,5,384.0,430.03,254.16,129.84,227.11,2.536,0.926,15,29,Rural,Residential,0,337.46999999999997,321.1675
C01210,4,3836.07,3824.64,2546.12,1289.95,229.41,24.97,0.93,7,30,Rural,Industrial,0,3526.7233333333334,3526.7233333333334
C01251,5,384.95,374.42,287.7,97.25,227.18,2.635,0.893,13,30,Semi-Urban,Residential,0,328.0033333333334,332.9
C00103,4,185.53,189.44,107.17,78.35,224.65,1.339,0.857,8,30,Semi-Urban,Residential,0,167.50666666666666,167.50666666666666
C01179,3,903.97,785.57,658.41,245.57,232.33,,0.94,5,30,Urban,Commercial,0,810.935,810.935
C00430,2,285.65,345.77,175.03,110.62,231.51,1.889,0.907,8,29,Urban,Residential,0,345.77,345.77
C01259,4,257.52,177.71,177.85,79.68,229.5,1.763,0.884,2,30,Semi-Urban,Residential,0,170.45333333333335,170.45333333333335
C00557,5,299.96,317.95,219.87,80.09,221.23,2.019,0.933,10,29,Semi-Urban,Residential,0,261.29,267.5925
C00953,3,205.01,170.7,120.02,84.99,228.18,1.344,0.928,13,28,Urban,Residential,0,183.64499999999998,183.64499999999998
C00285,2,250.54,282.33,148.96,101.58,223.18,1.575,0.99,18,30,Urban,Residential,0,282.33,282.33
C01170,3,766.09,660.9,564.76,201.32,231.3,5.292,0.869,5,30,Urban,Commercial,0,692.315,692.315
C00741,3,289.15,285.89,200.54,88.61,227.09,1.968,0.899,10,30,Semi-Urban,Residential,0,266.54499999999996,266.54499999999996
C00249,6,260.21,264.72,151.84,108.37,234.5,1.557,0.99,2,30,Urban,Residential,0,252.98000000000002,228.848
C00626,4,279.55,218.76,169.7,109.85,223.31,1.793,0.97,6,30,Urban,Residential,0,210.5533333333333,210.5533333333333
C00763,4,123.48,142.21,85.83,37.66,230.93,0.797,0.932,12,28,Urban,Residential,1,170.51,170.51
C00134,6,896.48,1068.42,526.57,369.9,233.16,5.966,0.895,11,28,Semi-Urban,Commercial,0,953.1,911.9119999999999
C00939,3,308.92,294.32,208.85,100.07,228.35,2.06,0.912,11,30,Rural,Residential,0,283.815,283.815
C00962,4,3580.84,3135.26,2575.74,1005.11,236.74,24.398,0.861,17,28,Urban,Industrial,0,2908.0166666666664,2908.0166666666664
C00166,1,156.69,,104.06,52.63,227.0,1.139,0.841,14,29,Semi-Urban,Residential,0,,
C01454,5,325.1,296.25,213.43,111.67,238.48,2.017,0.938,4,29,Rural,Residential,0,241.57000000000002,229.83
C01009,2,133.49,123.5,94.39,39.1,226.98,,0.89,6,30,Urban,Residential,0,123.5,123.5
C00870,1,222.46,,142.54,79.92,233.14,1.481,0.895,8,28,Semi-Urban,Residential,0,,
C00586,4,307.0,260.12,173.55,133.45,228.8,1.994,0.934,4,28,Rural,Residential,0,247.24333333333334,247.24333333333334
C01443,2,277.1,259.74,207.68,69.42,225.07,1.966,0.87,1,29,Urban,Residential,0,259.74,259.74
C01166,1,731.2,,522.6,208.59,237.73,4.662,0.916,3,30,Semi-Urban,Commercial,0,,
C00037,4,252.68,197.69,184.21,68.47,237.05,1.528,0.969,16,30,Urban,Residential,0,171.20666666666668,171.20666666666668
C00751,3,512.66,419.38,382.52,130.15,227.05,3.494,0.898,11,30,Rural,Commercial,0,444.155,444.155
C00215,5,422.65,1048.51,236.1,186.55,233.47,2.686,0.936,17,30,Rural,Commercial,0,924.6533333333333,907.95
C00528,2,170.97,138.18,101.06,69.91,234.82,1.049,0.964,5,29,Urban,Residential,0,138.18,138.18
C00437,3,3255.13,3522.45,2440.09,815.04,235.32,20.48,0.938,14,30,Semi-Urban,Industrial,0,3355.17,3355.17
C00603,1,710.08,,410.76,299.32,232.23,4.789,0.887,7,29,Urban,Commercial,0,,
C00008,2,2466.7,3512.96,1379.03,1087.66,237.72,,0.973,2,29,Semi-Urban,Industrial,0,3512.96,3512.96
C01250,2,179.7,175.89,131.98,47.72,238.18,1.058,0.99,7,30,Semi-Urban,Residential,0,175.89,175.89
C00633,1,274.0,,197.85,76.15,230.49,1.868,0.884,6,30,Urban,Residential,0,,
C00596,2,245.86,286.91,142.22,103.64,227.85,1.567,0.956,5,29,Urban,Residential,0,286.91,286.91
C01194,4,142.07,109.83,98.34,43.72,232.91,0.96,0.882,18,29,Semi-Urban,Residential,0,115.94333333333333,115.94333333333333
C00251,4,84.44,167.47,51.97,32.47,227.82,0.545,0.945,9,25,Urban,Residential,1,182.91666666666666,182.91666666666666
C01426,6,6741.99,6192.37,4075.93,2666.06,235.52,40.16,0.99,17,30,Urban,Industrial,0,5555.669999999999,4955.962
C01482,5,410.74,160.0,239.11,171.63,230.84,2.726,0.907,5,29,Urban,Residential,0,243.13,250.595
C00574,2,151.27,132.61,110.93,40.34,238.16,0.971,0.908,0,29,Urban,Residential,0,132.61,132.61
C00316,3,259.19,314.09,161.1,98.1,239.15,1.611,0.934,9,30,Rural,Residential,0,319.355,319.355
C01405,2,157.12,165.5,89.6,67.52,228.76,1.038,0.919,18,29,Semi-Urban,Residential,0,165.5,165.5
C01361,1,626.98,,370.49,256.49,232.83,4.21,0.888,5,28,Urban,Commercial,0,,
C01155,3,250.46,193.5,185.45,65.02,237.38,1.556,0.942,8,30,Semi-Urban,Residential,0,186.64,186.64
C00251,6,246.55,244.17,153.13,93.42,,1.629,0.908,9,29,Urban,Residential,0,165.35999999999999,175.472
C00112,5,257.19,293.02,183.73,73.47,228.21,1.72,0.91,14,28,Urban,Residential,0,260.29,242.76
C01404,4,1040.07,1012.28,634.4,405.66,231.42,6.992,0.893,14,30,Semi-Urban,Commercial,0,916.9133333333333,916.9133333333333
C00956,1,236.37,,136.23,100.14,234.12,1.574,0.891,6,30,Semi-Urban,Residential,0,,
C00150,4,386.86,323.03,217.91,168.95,225.09,2.763,0.864,4,30,Urban,Residential,0,284.53666666666663,284.53666666666663
C00837,4,1234.53,1040.42,888.8,345.73,222.2,8.599,0.897,12,29,Semi-Urban,Commercial,0,946.16,946.16
C00445,3,732.6,724.41,446.04,286.56,236.69,4.524,0.95,13,29,Urban,Commercial,0,692.97,692.97
C00533,2,628.76,775.1,435.19,193.57,227.18,3.942,0.975,11,30,Urban,Commercial,0,775.1,775.1
C00482,5,372.97,384.6,265.35,107.62,222.9,2.69,0.864,8,30,Urban,Residential,0,346.8233333333333,332.9675
C00437,6,4202.54,3724.87,2755.81,1446.73,224.01,27.123,0.961,14,30,Semi-Urban,Industrial,0,2950.2533333333326,3112.22
C00813,6,459.79,452.98,330.88,128.91,231.81,2.81,0.98,5,29,Rural,Residential,0,408.1166666666666,378.282
C00807,1,291.29,,167.09,124.2,236.36,1.824,0.938,14,29,Urban,Residential,0,,
C01256,5,200.79,229.98,143.16,57.62,229.5,1.348,0.901,14,28,Urban,Residential,0,189.66333333333333,187.165
C00396,1,295.78,,200.42,95.36,226.25,1.991,0.912,9,29,Urban,Residential,0,,
C01070,4,1235.93,1072.9,914.11,321.81,232.13,8.117,0.911,13,30,Semi-Urban,Commercial,0,970.6233333333333,970.6233333333333
C00295,6,195.38,157.94,145.5,49.89,234.3,1.256,0.922,18,29,Urban,Residential,0,159.41333333333333,149.378
C01373,3,148.89,146.8,82.14,66.75,223.36,0.99,0.935,17,29,Semi-Urban,Residential,0,144.03,144.03
C01400,3,188.51,148.12,116.48,72.03,231.33,1.143,0.99,5,29,Rural,Residential,0,163.3,163.3
C00089,4,187.24,188.05,107.35,79.9,228.52,1.233,0.923,10,28,Semi-Urban,Residential,0,145.98666666666668,145.98666666666668
C01182,4,260.81,240.46,147.7,113.11,232.94,1.807,0.861,15,28,Semi-Urban,Residential,0,209.07000000000002,209.07000000000002
C01307,2,206.74,194.69,141.19,65.55,229.25,1.317,0.951,4,29,Rural,Residential,0,194.69,194.69
C00895,6,258.54,257.31,186.41,72.13,231.35,1.733,0.896,4,28,Semi-Urban,Residential,0,231.74,225.97799999999998
C01341,1,281.61,,196.87,84.74,237.78,1.758,0.936,15,30,Urban,Residential,0,,
C01350,2,275.22,244.67,160.15,115.07,231.64,1.823,0.905,19,30,Urban,Residential,0,244.67,244.67
C00122,6,3112.68,4176.73,2028.94,1083.74,225.62,21.002,0.912,5,28,Urban,Industrial,0,3546.2833333333333,3417.892
C00568,5,356.53,352.61,238.16,118.37,226.98,2.236,0.975,8,30,Urban,Residential,0,315.38,300.31
C00390,6,314.12,339.73,233.69,80.44,227.51,2.084,0.92,9,30,Semi-Urban,Residential,0,330.52,308.946
C00808,4,320.92,86.72,187.82,133.1,229.3,2.056,0.946,4,30,Semi-Urban,Residential,0,179.89,179.89
C00791,3,964.8,809.03,636.39,328.41,230.61,6.425,0.904,1,28,Urban,Commercial,0,795.295,795.295
C00428,4,352.63,293.6,244.1,108.52,230.78,2.429,0.874,3,30,Rural,Residential,0,260.4166666666667,260.4166666666667
C01048,5,858.26,764.49,472.47,385.79,222.77,5.574,0.96,5,30,Semi-Urban,Commercial,0,667.7233333333332,626.9425
C01058,2,133.84,126.36,76.9,56.94,228.56,,0.892,10,29,Urban,Residential,0,126.36,126.36
C00910,3,262.98,205.63,193.87,69.11,226.6,1.634,0.987,4,30,Semi-Urban,Residential,0,223.065,223.065
C00948,1,222.04,,125.79,96.25,,1.439,0.969,13,29,Semi-Urban,Residential,0,,
C01237,2,374.73,421.41,210.71,164.02,228.12,2.365,0.965,2,30,Semi-Urban,Commercial,0,421.41,421.41
C00809,5,305.44,263.16,181.86,123.58,230.86,1.974,0.931,1,30,Semi-Urban,Residential,0,264.02333333333337,254.47250000000003
C01337,5,220.97,247.88,147.57,73.4,230.3,1.423,0.937,5,30,Urban,Residential,0,207.15666666666667,206.225
C00210,2,963.78,834.69,710.35,253.43,229.48,6.478,0.9,6,28,Urban,Commercial,0,834.69,834.69
C00351,5,579.58,731.16,424.86,154.73,235.89,3.447,0.99,6,30,Semi-Urban,Commercial,0,592.3966666666666,581.2850000000001
C01059,3,355.37,246.84,265.0,90.36,228.85,2.398,0.899,19,29,Urban,Residential,0,255.16000000000003,255.16000000000003
C00995,2,150.11,138.56,87.43,62.68,234.13,0.993,0.897,3,29,Urban,Residential,0,138.56,138.56
C01378,3,349.73,285.36,221.2,128.53,227.96,2.292,0.93,18,28,Urban,Residential,0,300.95000000000005,300.95000000000005
C00926,6,212.49,175.71,127.92,84.56,233.06,1.467,0.863,2,30,Semi-Urban,Residential,0,195.1,175.35
C00886,3,751.46,668.54,543.16,208.3,226.72,4.875,0.944,10,29,Urban,Commercial,0,702.925,702.925
C00581,5,1266.73,1097.16,712.38,554.35,213.52,8.527,0.966,4,29,Urban,Commercial,0,953.3633333333333,911.08
C01431,1,2134.67,,1183.86,950.81,225.69,13.495,0.973,17,28,Urban,Industrial,0,,
C00637,1,213.33,,158.6,54.73,232.75,1.424,0.894,0,29,Semi-Urban,Residential,0,,
C00858,2,905.11,1090.13,602.39,302.73,233.11,5.861,0.92,6,29,Rural,Commercial,0,1090.13,1090.13
C01184,6,467.3,563.97,277.15,190.15,230.66,3.094,0.909,9,29,Urban,Commercial,0,417.1933333333333,420.67600000000004
C01256,6,242.71,200.79,145.8,96.91,231.64,1.47,0.99,14,29,Urban,Residential,0,205.39666666666665,189.89
C00752,2,150.69,166.68,95.72,54.97,235.09,0.962,0.925,3,30,Urban,Residential,0,166.68,166.68
C00271,2,244.15,205.59,180.42,63.73,228.2,1.51,0.984,12,30,Semi-Urban,Residential,0,205.59,205.59
C01421,1,179.36,,100.14,79.21,227.03,1.225,0.896,6,30,Rural,Residential,0,,
C00854,4,269.28,235.24,182.2,87.08,231.09,1.739,0.931,8,30,Urban,Residential,0,208.5,208.5
C01223,3,297.51,287.26,199.06,98.45,227.05,1.959,0.929,7,30,Urban,Residential,0,287.42499999999995,287.42499999999995
C01315,3,238.72,236.82,178.91,59.8,229.73,1.559,0.926,18,29,Rural,Residential,0,211.785,211.785
C00183,5,457.08,469.07,333.07,124.0,226.51,3.014,0.93,1,29,Urban,Residential,0,404.61666666666673,390.6675
C00863,2,236.3,257.7,148.47,87.83,224.84,1.696,0.861,12,30,Urban,Residential,0,257.7,257.7
C01429,1,300.3,,195.42,104.88,233.17,1.884,0.949,2,29,Rural,Residential,0,,
C00411,4,195.78,164.57,126.99,68.78,234.93,1.225,0.945,7,28,Rural,Residential,0,182.62666666666667,182.62666666666667
C00968,6,286.99,251.33,206.95,80.04,221.0,1.822,0.99,14,30,Urban,Residential,0,226.01999999999998,213.72600000000003
C00299,1,268.99,,188.39,80.6,224.52,1.874,0.888,12,28,Rural,Residential,0,,
C01195,6,273.38,342.29,198.46,74.91,228.49,1.809,0.919,11,30,Urban,Residential,0,314.1133333333333,295.14
C01318,1,309.56,,195.09,114.46,,1.987,0.929,12,28,Urban,Residential,0,,
C00841,1,620.56,,417.24,203.32,228.85,3.804,0.99,19,28,Rural,Commercial,0,,
C00033,1,218.16,,133.62,84.55,223.44,1.465,0.926,17,29,Semi-Urban,Residential,0,,
C00137,5,373.16,256.0,234.2,138.96,235.67,2.446,0.899,10,30,Semi-Urban,Residential,0,256.52000000000004,251.52
C00774,3,367.53,254.3,235.41,132.12,230.5,2.318,,8,30,Semi-Urban,Residential,0,298.935,298.935
C01143,6,249.89,212.83,179.86,70.03,228.28,1.749,,9,29,Urban,Residential,0,218.00333333333333,205.408
C00954,3,445.81,320.91,302.24,143.57,235.02,2.794,0.943,0,29,Urban,Commercial,0,362.75,362.75
C00695,3,212.99,170.77,157.94,55.05,232.23,1.319,0.966,16,30,Rural,Residential,0,179.81,179.81
C00448,6,333.41,347.71,212.66,120.75,230.64,2.21,0.909,11,30,Semi-Urban,Residential,0,328.78999999999996,300.07399999999996
C01181,6,286.44,233.8,158.4,128.04,221.49,2.023,0.888,10,30,Semi-Urban,Residential,0,256.6,243.5
C01480,3,977.12,487.49,640.24,336.88,226.9,6.394,0.935,13,30,Rural,Commercial,0,643.13,643.13
C01066,3,152.69,144.03,89.48,63.22,227.79,1.044,0.892,14,30,Semi-Urban,Residential,0,148.89,148.89
C00912,5,6059.01,4823.22,4393.88,1665.14,223.72,40.927,0.919,15,30,Semi-Urban,Industrial,0,4522.116666666667,4545.695
C00435,4,1227.66,1198.92,832.89,394.77,241.57,7.746,0.911,17,30,Semi-Urban,Commercial,0,931.2833333333333,931.2833333333333
C01008,4,366.11,329.5,270.06,96.05,219.89,2.472,0.935,3,29,Urban,Residential,0,322.88666666666666,322.88666666666666
C00040,5,208.74,182.76,124.22,84.52,227.31,1.368,0.932,9,30,Rural,Residential,0,154.36333333333334,159.6375
C00670,2,160.76,135.46,97.73,63.03,232.27,1.082,0.888,2,29,Urban,Residential,0,135.46,135.46
C01395,6,353.16,1294.24,255.36,97.8,232.65,2.444,0.863,0,20,Rural,Commercial,1,1063.97,1056.59
C00497,2,550.77,363.81,366.6,184.17,236.8,3.652,0.885,18,30,Semi-Urban,Commercial,0,363.81,363.81
C00774,1,343.57,,239.39,104.18,229.27,2.25,0.925,8,30,Semi-Urban,Residential,0,,
C00886,5,841.75,826.83,485.86,355.89,225.65,5.628,0.921,10,29,Urban,Commercial,0,748.9433333333333,746.035
C00158,4,278.93,263.36,193.52,85.41,232.03,1.907,0.875,4,30,Urban,Residential,0,237.18333333333337,237.18333333333337
C00869,5,3408.74,4193.99,1985.29,1423.45,228.27,20.95,0.99,10,28,Semi-Urban,Industrial,0,3110.15,3112.3599999999997
C01386,6,1659.53,1260.39,1225.02,434.51,225.83,10.805,0.945,10,28,Rural,Commercial,0,1185.0966666666668,1132.282
C00948,5,277.53,245.34,186.82,90.71,231.0,1.736,0.961,13,29,Semi-Urban,Residential,0,229.28666666666666,227.475
C00785,2,130.88,133.0,78.92,51.96,231.23,0.809,0.971,1,30,Semi-Urban,Residential,0,133.0,133.0
C00593,1,719.1,,492.63,226.47,227.43,4.655,0.943,11,30,Semi-Urban,Commercial,0,,
C01357,2,176.37,194.23,101.08,75.3,227.35,1.171,0.92,1,30,Urban,Residential,0,194.23,194.23
C00561,1,125.29,,75.99,49.3,237.25,0.772,0.951,10,30,Urban,Residential,0,,
C00753,1,225.36,,130.74,94.62,226.3,1.543,0.897,13,29,Semi-Urban,Residential,0,,
C00402,5,388.81,343.87,236.95,151.86,224.51,2.585,0.93,4,29,Urban,Residential,0,327.18,329.7025
C01414,3,157.19,157.78,92.8,64.39,233.22,1.067,0.878,10,30,Urban,Residential,0,155.575,155.575
C00664,5,200.98,187.59,128.46,72.53,229.25,1.3,0.937,18,28,Semi-Urban,Residential,0,168.28666666666666,165.51
C00025,3,1044.99,1019.79,588.46,456.53,221.47,6.719,0.975,9,30,Urban,Commercial,0,920.435,920.435
C00901,3,285.34,257.58,178.45,106.9,233.67,1.891,0.897,18,30,Rural,Residential,0,252.625,252.625
C00383,3,309.47,305.42,191.27,118.2,232.11,1.965,0.942,1,28,Semi-Urban,Residential,0,293.75,293.75
C01213,1,178.32,,104.78,73.54,222.22,1.212,0.92,3,29,Semi-Urban,Residential,0,,
C00602,6,117.09,153.92,77.8,39.29,232.01,0.712,0.984,12,29,Semi-Urban,Residential,1,172.37333333333333,166.57999999999998
C00290,3,192.2,183.25,107.2,85.0,238.11,1.261,0.889,16,30,Semi-Urban,Residential,0,188.29500000000002,188.29500000000002
C01036,2,1109.81,907.17,821.51,288.3,227.13,7.183,0.945,15,30,Urban,Commercial,0,907.17,907.17
C00020,1,1116.22,,618.94,497.28,,6.972,0.974,11,29,Urban,Commercial,0,,
C01303,5,152.29,168.28,91.28,61.01,228.44,0.935,0.99,15,29,Urban,Residential,0,148.60999999999999,147.89499999999998
C01077,5,312.58,275.37,229.9,82.68,232.48,1.951,0.957,15,30,Urban,Residential,0,237.04333333333332,237.1725
C00084,1,161.89,,92.37,69.52,232.93,1.068,0.904,10,28,Urban,Residential,0,,
C00121,1,921.8,,600.29,321.52,225.62,5.875,0.966,17,28,Urban,Commercial,0,,
C00972,4,266.21,251.2,177.38,88.83,240.31,1.593,0.966,16,30,Urban,Residential,0,228.14666666666668,228.14666666666668
C00515,6,212.59,194.88,139.29,73.3,218.01,1.496,0.905,8,30,Semi-Urban,Residential,0,199.10333333333332,188.58999999999997
C00978,4,754.51,785.98,528.51,226.0,228.95,4.778,0.958,3,30,Urban,Commercial,0,733.0500000000001,733.0500000000001
C00988,4,826.19,688.42,493.91,332.28,224.33,5.301,0.965,14,30,Semi-Urban,Commercial,0,720.73,720.73
C00100,3,517.97,542.11,373.24,144.73,234.51,3.188,0.962,6,28,Rural,Commercial,0,524.185,524.185
C01369,3,220.71,218.38,133.35,87.36,222.15,1.644,0.839,9,29,Semi-Urban,Residential,0,221.47,221.47
C00826,3,126.59,118.5,91.85,34.74,233.7,0.797,0.943,2,30,Urban,Residential,0,109.065,109.065
C00275,4,213.16,155.14,150.69,62.47,229.55,1.429,0.903,13,30,Rural,Residential,0,145.05999999999997,145.05999999999997
C00937,5,708.0,691.13,442.94,265.07,226.11,4.689,0.927,18,30,Urban,Commercial,0,619.4899999999999,592.4175
C00451,1,202.54,,123.39,79.14,237.07,1.293,0.917,17,28,Urban,Residential,0,,
C01003,3,1187.72,809.53,748.53,439.19,229.66,7.461,0.963,13,30,Rural,Commercial,0,895.9749999999999,895.9749999999999
C00284,3,274.24,234.17,185.17,89.07,236.2,1.815,0.888,7,29,Semi-Urban,Residential,0,243.035,243.035
C01327,4,130.32,95.73,72.97,57.34,224.97,0.847,0.95,8,28,Urban,Residential,0,106.33999999999999,106.33999999999999
C01138,6,3843.64,4077.45,2431.6,1412.04,232.5,25.245,0.91,17,30,Urban,Industrial,0,3705.096666666667,3530.0860000000002
C00803,2,159.08,156.55,104.74,54.34,223.63,1.025,0.964,2,30,Urban,Residential,0,156.55,156.55
C00491,3,715.75,712.42,472.76,242.99,230.41,4.45,0.97,17,30,Semi-Urban,Commercial,0,710.4849999999999,710.4849999999999
C01401,3,159.85,123.49,110.63,49.22,238.38,1.06,0.878,17,28,Semi-Urban,Residential,0,133.75,133.75
C00015,3,138.91,144.65,97.73,41.18,239.23,0.867,0.931,18,28,Rural,Residential,0,139.8,139.8
C00385,5,680.24,597.85,408.6,271.64,220.92,5.019,0.852,0,30,Urban,Commercial,0,579.14,579.1075000000001
C00447,2,1644.98,1153.5,1078.47,566.51,231.03,11.007,0.898,9,30,Rural,Industrial,0,1153.5,1153.5
C01326,6,1977.27,2354.85,1228.23,749.04,214.33,13.206,0.97,9,30,Semi-Urban,Industrial,0,2166.33,2071.916
C01045,5,973.85,1882.93,637.16,336.69,232.9,6.347,0.915,7,28,Semi-Urban,Industrial,0,1907.6666666666667,1908.8600000000001
C00433,3,262.14,215.57,176.81,85.33,226.96,1.713,0.936,14,29,Urban,Residential,0,203.64499999999998,203.64499999999998
C01036,4,1565.9,1096.2,1099.16,466.75,221.82,11.615,0.844,15,30,Urban,Commercial,0,1037.7266666666667,1037.7266666666667
C00172,4,273.38,248.98,155.26,118.12,231.02,1.85,0.888,3,30,Urban,Residential,0,244.61666666666667,244.61666666666667
C00023,5,260.88,288.92,157.72,103.15,218.77,1.872,0.885,16,29,Rural,Residential,0,227.2833333333333,214.925
C00925,4,172.71,143.25,119.41,53.3,230.58,1.202,0.866,17,30,Urban,Residential,0,133.93,133.93
C01004,3,262.39,247.1,159.24,103.15,,1.813,0.92,14,29,Rural,Residential,0,245.755,245.755
C01300,5,1078.98,1262.53,784.72,294.26,218.34,7.618,0.901,19,30,Urban,Commercial,0,1115.2366666666667,1102.46
C00735,6,310.34,317.5,185.81,124.53,233.4,1.982,0.932,1,28,Urban,Residential,0,285.99666666666667,271.86
C00201,1,218.85,,141.73,77.12,227.53,1.446,0.924,19,30,Rural,Residential,0,,
C01434,6,195.67,179.58,123.88,71.79,236.66,1.296,0.886,3,30,Semi-Urban,Residential,0,185.12,163.61599999999999
C01212,3,225.4,152.21,153.82,71.58,231.08,1.546,0.876,8,29,Urban,Residential,0,169.60000000000002,169.60000000000002
C00095,3,219.42,206.36,121.8,97.62,236.19,1.323,0.975,9,30,Rural,Residential,0,195.98000000000002,195.98000000000002
C01055,2,179.95,219.96,106.15,73.8,227.51,1.183,0.929,18,28,Rural,Residential,0,219.96,219.96
C00655,4,808.14,691.16,488.79,319.35,232.75,5.771,0.836,4,29,Rural,Commercial,0,719.0533333333333,719.0533333333333
C00820,6,236.09,234.75,162.05,74.03,235.89,1.608,0.865,4,30,Semi-Urban,Residential,0,223.11333333333334,218.96599999999998
C01405,3,185.72,157.12,111.45,74.27,234.79,1.189,0.924,18,29,Semi-Urban,Residential,0,161.31,161.31
C00768,1,175.54,,126.76,48.78,238.12,1.076,0.952,17,30,Rural,Residential,0,,
C00890,4,185.55,167.3,125.2,60.35,234.99,1.279,0.857,0,30,Rural,Residential,0,146.57333333333335,146.57333333333335
C00884,6,524.96,530.96,294.24,230.72,244.68,3.065,0.972,13,30,Rural,Commercial,0,513.3233333333334,470.35600000000005
C01129,4,350.86,325.71,208.23,142.63,226.84,2.485,0.864,0,30,Rural,Residential,0,266.5133333333333,266.5133333333333
C00389,3,214.08,208.85,145.66,68.41,237.45,1.434,0.873,13,30,Urban,Residential,0,173.81,173.81
C00586,6,304.14,319.15,210.01,94.12,231.33,2.054,0.889,4,30,Rural,Residential,0,295.42333333333335,273.576
C00365,4,164.57,151.63,102.31,62.26,227.06,1.119,0.899,1,30,Semi-Urban,Residential,0,136.70333333333335,136.70333333333335
C00033,4,287.08,202.69,202.26,84.83,233.41,,0.909,17,29,Semi-Urban,Residential,0,202.9466666666667,202.9466666666667
C01452,5,192.73,171.26,120.87,71.86,227.03,1.322,0.892,17,30,Urban,Residential,0,157.45666666666668,146.2475
C00134,5,1068.42,1033.71,743.01,325.41,232.91,7.064,0.902,11,30,Semi-Urban,Commercial,0,889.1933333333333,872.785
C00862,3,257.54,255.45,179.07,78.47,230.48,,0.889,0,28,Urban,Residential,0,230.73,230.73
C01067,3,281.25,278.48,195.21,86.04,231.77,1.79,0.942,3,29,Semi-Urban,Residential,0,266.065,266.065
C00345,5,262.02,265.98,178.4,83.62,225.28,1.835,0.88,2,30,Urban,Residential,0,221.19333333333336,216.65
C00783,3,268.2,309.15,168.63,99.57,,1.791,0.904,13,30,Semi-Urban,Residential,0,281.44,281.44
C01272,3,281.11,261.95,173.61,107.5,240.85,1.685,0.962,18,30,Rural,Residential,0,246.445,246.445
C00108,3,559.08,553.33,357.2,201.87,237.79,3.802,0.859,14,30,Rural,Commercial,0,494.755,494.755
C01413,3,74.11,154.21,53.57,20.54,223.12,0.493,0.935,1,28,Urban,Residential,1,184.75,184.75
C01388,2,290.35,270.18,200.63,89.72,228.83,1.974,0.893,6,28,Urban,Residential,0,270.18,270.18
C00021,1,151.46,,108.8,42.67,223.84,1.015,0.926,2,30,Semi-Urban,Residential,0,,
C00497,6,601.88,647.15,386.27,215.62,237.84,3.891,0.903,18,28,Semi-Urban,Commercial,0,610.6866666666666,549.328
C00513,3,252.95,226.6,158.78,94.17,221.52,1.689,0.939,7,30,Urban,Residential,0,247.54500000000002,247.54500000000002
C01323,4,303.3,258.95,188.88,114.42,226.7,1.986,0.936,17,30,Urban,Residential,0,205.13333333333333,205.13333333333333
C00547,3,202.28,174.03,128.78,73.5,228.38,1.26,0.976,4,28,Semi-Urban,Residential,0,174.595,174.595
C00356,6,304.51,369.32,177.39,127.13,226.34,2.147,0.87,0,29,Urban,Residential,0,349.79999999999995,319.82399999999996
C01349,2,3761.95,3833.04,2373.33,1388.62,229.44,23.097,0.986,3,28,Urban,Industrial,0,3833.04,3833.04
C00023,3,208.29,184.64,140.79,67.49,232.34,1.324,0.94,16,29,Rural,Residential,0,181.245,181.245
C01046,1,1047.41,,714.21,333.2,225.78,7.281,0.885,12,30,Semi-Urban,Commercial,0,,
C01453,3,319.44,257.65,194.66,124.77,219.23,2.15,0.941,17,29,Urban,Residential,0,274.315,274.315
C00427,4,346.23,200.5,220.26,125.97,233.62,2.249,0.915,9,30,Semi-Urban,Residential,0,227.65333333333334,227.65333333333334
C00011,3,747.28,928.86,422.62,324.66,235.16,,0.848,14,30,Rural,Commercial,0,856.29,856.29
C00227,3,289.89,243.65,214.7,75.19,235.65,1.866,0.916,12,29,Urban,Residential,0,231.565,231.565
C00788,5,239.55,208.18,171.44,68.11,235.75,1.521,0.928,4,30,Urban,Residential,0,201.84666666666666,193.0925
C00412,2,687.9,640.73,514.12,173.77,236.2,4.342,0.932,5,29,Semi-Urban,Commercial,0,640.73,640.73
C00114,2,296.6,340.18,205.51,91.09,230.92,2.053,0.869,14,29,Semi-Urban,Residential,0,340.18,340.18
C00920,5,295.44,339.25,192.94,102.5,232.99,1.9,0.927,19,30,Urban,Residential,0,257.17333333333335,240.14499999999998
C00124,4,2199.31,1105.39,1569.35,629.96,233.84,14.595,0.895,1,30,Urban,Industrial,0,1612.0333333333335,1612.0333333333335
C01095,5,273.33,102.14,165.62,107.71,228.31,1.776,0.936,11,28,Rural,Residential,0,179.16666666666666,202.48999999999998
C00607,6,44.96,46.5,28.22,16.73,233.37,0.291,0.919,18,28,Urban,Residential,1,123.25,138.192
C01129,3,325.71,224.17,220.1,105.61,226.73,2.1,0.95,0,28,Rural,Residential,0,236.915,236.915
C01099,4,184.16,175.61,132.3,51.86,239.49,1.157,0.923,2,28,Semi-Urban,Residential,0,156.77333333333334,156.77333333333334
C00544,1,374.83,,231.23,143.6,235.71,2.386,0.926,16,29,Urban,Commercial,0,,
C00313,2,852.98,962.25,536.29,316.68,231.07,5.682,0.902,17,29,Urban,Commercial,0,962.25,962.25
C00433,5,264.03,243.7,166.98,97.05,230.43,1.744,0.912,14,29,Urban,Residential,0,240.46999999999994,228.28249999999997
C00287,2,174.92,182.63,102.57,72.35,228.45,1.126,0.945,12,29,Semi-Urban,Residential,0,182.63,182.63
C01365,2,134.8,116.89,91.34,43.46,230.07,,0.954,0,30,Semi-Urban,Residential,0,116.89,116.89
C00474,6,266.21,312.06,196.43,69.79,224.87,1.828,0.9,17,29,Semi-Urban,Residential,0,290.75,258.194
C00672,2,144.74,176.74,85.62,59.12,229.78,1.0,0.875,17,30,Semi-Urban,Residential,0,176.74,176.74
C01238,5,409.48,442.72,252.77,156.71,229.17,2.735,0.907,19,29,Semi-Urban,Residential,0,369.7266666666667,337.41
C01086,6,1160.0,1127.8,824.33,335.67,234.36,6.944,0.99,12,29,Semi-Urban,Commercial,0,1107.6666666666667,1037.376
C01100,6,325.46,419.63,193.42,132.04,227.83,2.12,0.936,10,28,Urban,Residential,0,385.57,351.64
C00082,4,554.03,489.05,329.57,224.46,232.16,3.531,0.939,1,29,Rural,Commercial,0,465.0233333333333,465.0233333333333
C00083,2,268.24,215.22,164.26,103.97,223.53,1.914,0.871,19,28,Rural,Residential,0,215.22,215.22
C00116,1,2608.28,,1676.41,931.88,231.34,16.842,0.93,2,30,Rural,Industrial,0,,
C00637,6,332.95,304.33,203.82,129.13,230.39,2.193,0.915,0,30,Semi-Urban,Residential,0,287.4066666666667,251.18
C00101,3,222.62,295.38,131.32,91.3,217.1,1.514,0.941,1,29,Rural,Residential,0,248.95,248.95
C00319,4,4975.7,3943.7,2987.32,1988.38,234.0,33.421,0.884,15,29,Urban,Industrial,0,3830.4133333333334,3830.4133333333334
C01136,4,316.15,288.26,184.25,131.9,233.98,2.159,0.869,16,29,Rural,Residential,0,297.85999999999996,297.85999999999996
C00834,6,351.59,292.4,238.77,112.83,225.35,2.458,0.882,17,30,Rural,Residential,0,293.09666666666664,281.52200000000005
C01170,6,826.92,977.91,508.29,318.63,232.0,5.101,0.97,5,29,Urban,Commercial,0,846.5133333333333,784.8340000000001
C00781,1,266.64,,189.09,77.55,224.77,1.861,0.886,9,30,Urban,Residential,0,,
C00627,2,241.29,230.62,149.74,91.56,227.75,1.636,0.9,9,29,Urban,Residential,0,230.62,230.62
C00395,3,103.05,100.86,71.37,31.67,238.43,0.619,0.969,16,30,Semi-Urban,Residential,0,117.47,117.47
C00729,3,224.94,226.56,162.38,62.55,235.96,1.456,0.909,4,30,Semi-Urban,Residential,0,216.465,216.465
C01005,4,332.65,327.32,238.45,94.2,230.67,2.099,0.954,18,30,Urban,Residential,0,314.6133333333333,314.6133333333333
C01304,1,346.91,,243.49,103.42,227.99,2.403,0.88,14,30,Rural,Residential,0,,
C00227,6,325.91,318.03,235.71,90.2,216.96,2.244,0.93,12,30,Urban,Residential,0,303.84999999999997,274.936
C00907,6,255.37,315.25,163.74,91.63,241.09,1.553,0.947,17,28,Semi-Urban,Residential,0,290.1666666666667,263.33000000000004
C00255,3,189.5,179.63,116.1,73.4,227.72,1.248,0.926,10,28,Urban,Residential,0,182.745,182.745
C01442,3,231.34,237.55,139.72,91.62,239.02,1.392,0.966,19,28,Rural,Residential,0,239.55,239.55
C00967,4,442.82,365.22,304.42,138.4,228.11,2.892,0.932,0,30,Rural,Residential,0,300.78000000000003,300.78000000000003
C00974,1,559.67,,314.86,244.81,231.58,3.742,0.897,11,28,Semi-Urban,Commercial,0,,
C00259,4,233.33,240.13,171.07,62.25,225.67,1.57,0.915,18,30,Semi-Urban,Residential,0,219.29666666666665,219.29666666666665
C01234,4,156.88,169.52,86.4,70.48,232.49,1.05,0.892,5,29,Urban,Residential,0,156.86,156.86
C01460,6,225.15,190.46,157.02,68.13,229.14,1.534,0.889,0,30,Urban,Residential,0,195.71666666666667,185.876
C00223,6,260.38,284.57,154.09,106.29,228.3,1.653,0.958,19,30,Semi-Urban,Residential,0,251.51999999999998,223.74
C00651,2,199.48,206.95,130.96,68.52,232.44,1.34,0.889,3,29,Rural,Residential,0,206.95,206.95
C00502,5,134.72,144.64,93.23,41.49,228.36,0.853,0.96,16,30,Urban,Residential,0,135.88,129.945
C01294,4,378.05,314.35,274.86,103.19,233.81,2.392,0.939,11,29,Urban,Residential,0,294.40333333333336,294.40333333333336
C00376,1,930.47,,662.52,267.95,226.74,5.757,0.99,10,30,Urban,Commercial,0,,
C00392,1,183.11,,133.56,49.55,232.51,1.15,0.951,5,28,Urban,Residential,0,,
C01398,6,1226.43,1251.64,799.63,426.8,226.65,8.433,0.891,8,30,Urban,Commercial,0,1303.4866666666667,1194.9540000000002
C00465,1,174.05,,115.92,58.13,224.36,1.104,0.976,15,30,Semi-Urban,Residential,0,,
C00905,3,763.53,728.13,504.94,258.59,232.86,4.6,0.99,6,28,Urban,Commercial,0,696.02,696.02
C00026,1,929.85,,610.05,319.8,229.21,6.458,0.873,11,28,Urban,Commercial,0,,
C00468,3,209.97,216.27,147.56,62.42,230.58,1.435,0.881,10,30,Rural,Residential,0,206.85500000000002,206.85500000000002
C00795,1,293.22,,171.36,121.87,233.17,1.764,0.99,3,29,Urban,Residential,0,,
C00348,5,293.24,245.02,191.56,101.68,223.67,1.884,0.967,15,29,Urban,Residential,0,219.9333333333333,225.9075
C00626,2,204.25,208.65,113.48,90.77,226.81,1.361,0.919,6,29,Urban,Residential,0,208.65,208.65
C00377,4,2393.89,1940.03,1603.19,790.7,227.46,33.017,0.443,3,29,Semi-Urban,Industrial,1,2299.9866666666667,2299.9866666666667
C00670,4,200.24,158.51,118.58,81.67,228.39,1.331,0.915,2,30,Urban,Residential,0,151.57666666666668,151.57666666666668
C00828,6,729.6,682.36,509.7,219.9,232.99,4.822,0.902,6,28,Urban,Commercial,0,708.9933333333333,635.3520000000001
C00821,2,316.12,296.8,179.31,136.81,221.14,2.225,0.892,11,30,Semi-Urban,Residential,0,296.8,296.8
C01270,5,164.42,143.18,94.07,70.35,226.82,1.049,0.96,0,28,Semi-Urban,Residential,0,136.07333333333332,139.8725
C01086,3,1156.08,977.73,816.98,339.1,230.86,7.798,,12,28,Semi-Urban,Commercial,0,931.94,931.94
C00643,5,202.04,217.97,146.44,55.59,234.34,1.436,0.834,10,29,Urban,Residential,0,199.26666666666665,192.9125
C00144,2,124.07,122.81,84.65,39.42,227.26,0.801,0.947,7,29,Rural,Residential,0,122.81,122.81
C01027,1,1007.05,,699.65,307.39,223.6,6.512,0.961,1,30,Semi-Urban,Commercial,0,,
C01094,1,949.46,,541.18,408.29,223.62,6.57,0.898,19,30,Urban,Commercial,0,,
C00990,4,190.89,142.75,137.01,53.88,236.89,1.264,0.886,7,30,Urban,Residential,0,141.41333333333333,141.41333333333333
C01216,5,3925.2,4170.36,2188.71,1736.49,240.9,25.974,0.871,4,28,Semi-Urban,Industrial,0,3849.226666666667,3668.5675
C01457,2,114.63,130.31,67.11,47.52,227.59,0.794,0.881,19,30,Semi-Urban,Residential,0,130.31,130.31
C00744,5,218.41,202.86,152.86,65.55,230.76,1.367,0.962,1,30,Urban,Residential,0,168.40333333333334,160.6
C01409,6,231.78,84.85,167.41,64.37,229.48,1.518,0.924,10,28,Semi-Urban,Residential,0,167.5,182.56
C00297,4,358.5,262.18,207.86,150.64,,2.239,0.971,14,30,Urban,Residential,0,270.7033333333333,270.7033333333333
C01180,5,289.68,393.75,165.23,124.46,233.83,,0.957,15,29,Semi-Urban,Residential,0,239.35333333333332,242.72750000000002
C00921,3,149.8,132.42,107.0,42.79,227.87,,0.99,6,30,Urban,Residential,0,130.81,130.81
C00304,1,819.33,,595.45,223.88,227.56,5.511,0.907,6,28,Urban,Commercial,0,,
C01055,3,190.23,179.95,123.24,66.99,232.75,1.282,0.886,18,29,Rural,Residential,0,199.95499999999998,199.95499999999998
C00451,5,228.14,272.58,146.85,81.29,226.91,1.473,0.948,17,30,Urban,Residential,0,242.96,232.855
C00030,2,161.93,162.24,89.63,72.3,229.74,1.055,0.928,15,29,Urban,Residential,0,162.24,162.24
C00349,6,3629.05,4094.47,2526.71,1102.33,230.74,23.186,0.942,6,30,Semi-Urban,Industrial,0,3776.346666666667,3460.0879999999997
C01198,1,323.68,,204.9,118.78,230.63,2.068,0.943,16,28,Rural,Residential,0,,
C00582,6,3638.12,3727.84,2053.0,1585.12,227.2,23.602,0.942,3,28,Rural,Industrial,0,3779.4500000000003,3745.774
C01320,4,150.9,143.02,99.29,51.61,221.06,1.026,0.924,17,29,Semi-Urban,Residential,0,129.86,129.86
C00014,5,257.96,281.7,160.25,97.71,,1.542,0.99,13,30,Urban,Residential,0,243.96333333333334,245.3725
C00137,1,236.52,,149.34,87.18,222.79,1.559,0.946,10,30,Semi-Urban,Residential,0,,
C00994,3,289.8,799.83,208.57,81.23,232.8,1.855,0.932,17,28,Urban,Commercial,1,702.975,702.975
C01172,3,292.79,85.64,180.55,112.24,239.36,1.845,0.921,7,30,Urban,Residential,0,195.42499999999998,195.42499999999998
C01294,6,440.24,370.05,269.87,170.38,234.57,2.741,0.951,11,30,Urban,Residential,0,354.15000000000003,326.262
C00048,2,194.87,182.47,115.24,79.62,222.48,1.28,0.95,5,30,Semi-Urban,Residential,0,182.47,182.47
C01293,6,281.63,283.84,160.65,120.99,237.49,1.92,0.858,12,28,Semi-Urban,Residential,0,295.6133333333333,271.058
C01143,2,175.3,197.73,102.8,72.5,230.8,1.085,0.972,9,30,Urban,Residential,0,197.73,197.73
C01347,3,246.21,281.76,158.05,88.16,228.82,1.623,0.921,5,29,Urban,Residential,0,264.95,264.95
C00486,6,5304.78,5187.28,2963.84,2340.94,227.86,36.419,0.888,13,29,Semi-Urban,Industrial,0,5344.759999999999,4855.204
C00303,2,1011.92,1039.38,641.1,370.82,227.14,6.25,0.99,16,30,Rural,Commercial,0,1039.38,1039.38
C00212,6,1220.47,1344.47,804.38,416.09,240.49,7.468,0.944,13,28,Rural,Commercial,0,1274.5166666666667,1169.368
C00802,3,880.81,856.74,640.96,239.85,232.15,5.783,0.911,8,28,Urban,Commercial,0,807.145,807.145
C01446,4,665.38,541.26,444.16,221.22,231.72,4.171,0.956,3,30,Rural,Commercial,0,541.0966666666667,541.0966666666667
C01434,1,156.51,,96.26,60.25,228.73,1.133,0.839,3,29,Semi-Urban,Residential,0,,
C01359,4,365.95,139.31,243.67,122.28,234.52,2.213,0.979,8,30,Urban,Residential,0,240.74666666666667,240.74666666666667
C00441,3,124.95,129.33,71.79,53.16,221.43,0.87,0.901,9,29,Rural,Residential,0,122.06,122.06
C01287,5,797.53,956.22,455.49,342.04,237.64,4.949,0.942,1,28,Semi-Urban,Commercial,0,673.4733333333332,671.9549999999999
C00752,3,186.05,150.69,124.38,61.67,223.03,1.263,0.917,3,30,Urban,Residential,0,158.685,158.685
C00385,2,536.09,579.01,305.54,230.55,223.08,3.647,0.915,0,30,Urban,Commercial,0,579.01,579.01
C01495,5,161.21,161.44,92.07,69.15,226.56,1.115,0.886,13,28,Semi-Urban,Residential,0,143.17333333333332,140.5275
C00700,2,213.93,243.23,156.6,57.33,229.4,1.366,0.948,15,29,Urban,Residential,0,243.23,243.23
C00776,6,325.86,347.46,187.75,138.1,225.26,2.206,0.911,12,30,Urban,Residential,0,352.35999999999996,286.38
C01100,4,411.58,325.5,247.38,164.2,232.81,2.866,0.857,10,30,Urban,Residential,0,308.99666666666667,308.99666666666667
C00695,5,265.92,227.01,172.98,92.94,225.09,1.9,0.864,16,30,Rural,Residential,0,203.59,199.905
C00642,4,773.0,794.05,438.55,334.44,226.77,4.989,0.949,13,30,Semi-Urban,Commercial,0,643.7166666666667,643.7166666666667
C01485,3,125.95,147.66,74.51,51.44,224.81,0.863,0.902,12,28,Urban,Residential,0,134.05,134.05
C01166,2,690.86,731.2,469.42,221.44,233.55,4.735,0.868,3,28,Semi-Urban,Commercial,0,731.2,731.2
C01066,2,144.03,153.75,96.28,47.74,235.8,0.897,0.946,14,30,Semi-Urban,Residential,0,153.75,153.75
C00403,3,1295.43,904.09,720.14,575.29,234.47,,0.919,4,29,Urban,Commercial,0,959.0250000000001,959.0250000000001
C00593,3,849.96,838.31,472.99,376.97,235.5,5.337,0.939,11,30,Semi-Urban,Commercial,0,778.7049999999999,778.7049999999999
C00750,5,284.62,303.68,175.68,108.94,236.7,1.901,0.879,3,30,Urban,Residential,0,244.09333333333333,237.195
C00366,6,4237.92,5611.57,2663.99,1573.93,233.83,44.911,0.56,7,30,Urban,Industrial,1,5720.3,5303.202
C00434,3,188.78,169.28,110.34,78.44,235.34,1.162,0.958,7,28,Urban,Residential,0,173.26999999999998,173.26999999999998
C01156,2,165.5,161.72,98.96,66.54,233.72,1.073,0.917,7,30,Urban,Residential,0,161.72,161.72
C00720,1,298.97,,210.14,88.83,229.81,1.899,0.952,5,29,Rural,Residential,0,,
C00562,1,255.5,,148.7,106.79,231.79,1.671,0.916,12,30,Urban,Residential,0,,
C00821,6,433.61,440.89,262.06,171.54,224.97,2.948,,11,28,Semi-Urban,Residential,0,392.40333333333336,358.026
C00977,2,221.95,263.99,163.55,58.4,222.25,1.564,0.887,12,30,Rural,Residential,0,263.99,263.99
C00439,6,199.92,187.99,118.47,81.45,231.59,1.32,0.908,5,30,Urban,Residential,0,170.74333333333334,167.118
C01218,1,93.82,,53.4,40.42,241.65,0.548,0.984,4,29,Semi-Urban,Residential,0,,
C00406,5,408.49,336.72,260.29,148.2,232.17,2.825,0.865,17,30,Urban,Residential,0,323.84999999999997,319.67
C01140,3,902.83,881.92,254.63,648.19,232.12,5.772,0.936,7,29,Urban,Commercial,1,985.6800000000001,985.6800000000001
C00915,4,2949.9,2384.12,1896.09,1053.81,226.52,18.27,0.99,4,28,Urban,Industrial,0,2012.3333333333333,2012.3333333333333
C01161,2,566.65,559.84,331.0,235.65,235.76,3.818,0.874,14,29,Urban,Commercial,0,559.84,559.84
C00754,3,127.59,266.93,75.9,51.68,225.87,0.919,0.854,6,29,Semi-Urban,Residential,0,245.38,245.38
C00591,6,392.71,314.72,272.73,119.98,225.02,2.605,0.931,7,30,Rural,Residential,0,340.72333333333336,323.69
C01271,5,169.86,189.44,110.9,58.96,233.76,1.088,0.928,14,28,Rural,Residential,0,165.27,158.3975
C01289,6,226.04,195.04,157.49,68.55,234.22,1.434,0.935,3,30,Urban,Residential,0,197.58666666666667,181.284
C00087,2,223.5,219.36,140.77,82.73,221.22,1.513,0.927,15,30,Urban,Residential,0,219.36,219.36
C01031,2,2878.75,2734.5,1594.52,1284.23,228.68,17.775,0.984,2,29,Rural,Industrial,0,2734.5,2734.5
C01484,5,715.61,628.68,495.21,220.4,236.76,4.446,0.944,17,28,Rural,Commercial,0,626.0233333333333,609.385
C00236,6,158.36,156.51,100.21,58.14,236.99,0.959,0.968,3,28,Semi-Urban,Residential,0,139.01666666666665,130.176
C00778,3,177.12,175.06,118.81,58.32,225.4,1.219,0.895,5,30,Semi-Urban,Residential,0,165.055,165.055
C00743,5,134.54,136.2,94.43,40.11,237.77,0.886,0.887,17,28,Urban,Residential,0,118.79333333333334,115.4625
C01315,5,272.49,267.13,199.68,72.8,230.42,1.825,0.9,18,30,Rural,Residential,0,247.55666666666664,232.355
C00022,2,431.29,446.85,242.85,188.44,236.28,2.867,0.884,17,29,Urban,Commercial,0,446.85,446.85
C00580,1,140.82,,101.05,39.78,222.41,0.968,0.909,15,30,Urban,Residential,0,,
C01078,1,188.97,,138.03,50.94,229.83,1.283,0.89,5,29,Semi-Urban,Residential,0,,
C00719,3,497.01,462.31,370.14,126.87,235.2,3.198,0.918,16,28,Semi-Urban,Commercial,0,478.565,478.565
C00407,3,233.28,272.65,151.33,81.95,228.23,1.61,0.882,14,28,Urban,Residential,0,252.695,252.695
C00628,4,1296.05,1005.84,824.45,471.59,226.57,8.909,0.892,6,28,Semi-Urban,Commercial,0,937.3233333333334,937.3233333333334
C00790,5,268.26,276.01,169.36,98.9,239.76,1.75,0.888,14,30,Urban,Residential,0,256.32666666666665,250.17499999999998
C00841,6,715.89,743.45,528.93,186.96,232.21,4.54,0.943,19,30,Rural,Commercial,0,740.6966666666667,692.24
C01473,2,327.65,305.83,182.34,145.31,233.3,2.151,0.907,15,30,Urban,Residential,0,305.83,305.83
C00246,4,339.15,323.02,238.01,101.14,234.1,2.233,0.901,19,29,Urban,Residential,0,350.8433333333333,350.8433333333333
C00936,6,1093.71,1007.46,709.21,384.5,227.67,7.084,0.942,18,28,Urban,Commercial,0,977.6933333333333,928.368
C00594,3,152.8,146.87,42.51,110.3,228.82,1.036,0.895,15,30,Semi-Urban,Residential,1,138.135,138.135
C00659,4,3655.92,3848.35,2085.41,1570.52,235.27,23.836,0.905,6,30,Urban,Industrial,0,3487.066666666667,3487.066666666667
C00009,2,109.25,260.47,78.84,30.4,232.74,0.715,0.912,12,29,Urban,Residential,0,260.47,260.47
C01227,6,183.53,164.04,114.34,69.2,219.25,1.186,0.98,5,29,Urban,Residential,0,175.97,159.208
C00148,6,229.2,205.42,139.92,89.28,227.28,1.548,0.905,3,30,Urban,Residential,0,198.91666666666666,198.452
C00437,1,3187.89,,2175.62,1012.27,226.31,21.978,0.89,14,30,Semi-Urban,Industrial,0,,
C00087,1,219.36,,163.44,55.92,235.09,1.381,0.939,15,29,Urban,Residential,0,,
C00529,1,243.52,,167.01,76.51,233.39,1.51,0.96,11,29,Urban,Residential,0,,
C00492,4,312.89,327.52,210.79,102.1,234.81,2.036,0.909,5,29,Urban,Residential,0,309.30333333333334,309.30333333333334
C00238,3,261.06,230.66,173.57,87.49,226.91,1.651,0.968,10,30,Rural,Residential,0,201.36,201.36
C00024,2,124.48,116.76,75.11,49.37,233.41,0.748,0.99,17,30,Semi-Urban,Residential,0,116.76,116.76
C00321,5,4760.3,4811.33,3484.04,1276.26,225.23,34.199,0.858,18,30,Semi-Urban,Industrial,0,3927.286666666667,3915.4075000000003
C00397,3,182.45,166.74,133.25,49.2,229.05,1.201,0.921,6,30,Urban,Residential,0,152.66500000000002,152.66500000000002
C00533,6,761.38,904.26,426.66,334.72,,4.94,0.937,11,30,Urban,Commercial,0,830.5066666666667,779.076
C00019,5,212.3,160.0,131.03,81.27,,1.343,0.95,6,30,Urban,Residential,0,168.56333333333333,165.7475
C00760,6,339.96,272.19,242.77,97.19,236.82,2.061,0.968,19,30,Urban,Residential,0,268.2633333333333,258.512
C00766,6,304.58,384.0,196.43,108.14,230.08,1.872,0.982,15,29,Rural,Residential,0,365.71999999999997,333.73400000000004
C00542,5,2907.72,3565.94,1768.1,1139.62,226.12,18.477,0.967,0,29,Urban,Industrial,0,3135.933333333333,3053.1375
C00782,5,389.5,311.22,283.1,106.4,224.89,2.667,0.902,0,30,Urban,Residential,0,298.9533333333334,298.9125
C01001,2,515.72,524.16,321.73,193.99,231.34,3.269,0.947,15,30,Semi-Urban,Commercial,0,524.16,524.16
C01078,4,263.11,199.11,177.63,85.49,233.2,1.759,0.891,5,29,Semi-Urban,Residential,0,197.43666666666664,197.43666666666664
C00758,5,1891.3,5413.43,1289.53,601.77,240.65,12.545,0.87,9,30,Urban,Industrial,0,4484.99,4351.7225
C00975,2,206.53,192.87,151.89,54.64,232.06,1.33,0.93,6,30,Rural,Residential,0,192.87,192.87
C00547,2,174.03,175.16,108.06,65.97,230.79,1.161,0.902,4,30,Semi-Urban,Residential,0,175.16,175.16
C00851,1,778.79,,429.55,349.23,229.56,5.138,0.917,11,29,Rural,Commercial,0,,
C01265,3,124.14,102.98,75.75,48.39,232.22,0.75,0.99,8,30,Urban,Residential,0,110.67500000000001,110.67500000000001
C01329,2,193.34,228.06,114.93,78.41,226.53,1.318,0.899,7,30,Urban,Residential,0,228.06,228.06
C01010,3,268.03,252.8,193.43,74.6,224.43,1.675,0.99,10,28,Semi-Urban,Residential,0,251.615,251.615
C01223,1,287.59,,162.72,124.87,230.01,1.943,0.894,7,30,Urban,Residential,0,,
C00998,2,171.73,172.49,99.09,72.65,223.81,1.198,0.89,0,28,Urban,Residential,0,172.49,172.49
C00538,1,1082.41,,762.27,320.14,227.79,7.141,0.924,14,28,Rural,Commercial,0,,
C01486,6,200.57,206.2,147.14,53.43,223.03,1.389,0.899,2,29,Urban,Residential,0,190.0233333333333,179.96800000000002
C00076,2,307.44,332.88,210.56,96.88,228.92,1.884,0.99,6,30,Urban,Residential,0,332.88,332.88
C00622,6,358.15,359.52,237.04,121.11,233.7,2.345,0.908,10,30,Urban,Residential,0,337.00333333333333,321.962
C01331,4,730.66,606.84,469.43,261.23,236.07,4.723,0.91,1,30,Urban,Commercial,0,563.4533333333334,563.4533333333334
C01289,5,195.04,211.44,112.1,82.94,230.11,1.322,0.89,3,30,Urban,Residential,0,191.30333333333337,177.845
C00461,4,1269.1,1217.23,888.19,380.91,226.68,9.06,0.858,11,28,Rural,Commercial,0,1067.1166666666666,1067.1166666666666
C00110,5,243.12,240.48,149.48,93.63,229.0,1.731,0.852,18,30,Urban,Residential,0,196.21,194.01999999999998
C01038,4,348.27,321.62,256.11,92.16,223.22,2.217,0.978,3,30,Rural,Residential,0,308.7366666666667,308.7366666666667
C00771,1,324.15,,233.15,91.0,242.83,2.028,0.914,3,29,Urban,Residential,0,,
C00167,4,370.17,243.13,213.48,156.69,237.32,2.368,0.915,18,29,Rural,Residential,0,249.23333333333335,249.23333333333335
C00065,6,291.63,317.94,201.98,89.65,226.6,2.022,0.884,10,28,Semi-Urban,Residential,0,306.7366666666667,269.56
C00568,6,303.19,356.53,185.5,117.69,220.03,2.033,0.942,8,29,Urban,Residential,0,332.53000000000003,311.554
C00247,1,167.23,,102.61,64.63,232.68,1.031,0.968,2,29,Rural,Residential,0,,
C00374,3,4354.09,3673.89,2842.57,1511.52,233.12,26.869,0.965,7,28,Rural,Industrial,0,3559.12,3559.12
C00398,5,266.56,138.52,165.64,100.92,229.91,1.679,0.959,3,30,Urban,Residential,0,197.97000000000003,204.1725
C00166,3,178.36,167.24,103.16,75.2,220.1,1.231,0.914,14,29,Semi-Urban,Residential,0,161.965,161.965
C00654,5,55.99,186.5,31.92,24.07,231.92,0.351,0.956,4,30,Rural,Residential,0,135.67666666666668,129.45
C00496,3,342.07,270.04,235.99,106.08,237.22,2.108,0.95,10,30,Rural,Residential,0,276.025,276.025
C00565,3,3808.62,2929.84,2122.03,1686.59,230.33,23.865,0.962,5,29,Semi-Urban,Industrial,0,3022.13,3022.13
C00216,4,5387.42,4164.7,3599.12,1788.3,233.73,34.972,0.915,11,30,Semi-Urban,Industrial,0,3910.646666666666,3910.646666666666
C00305,1,176.85,,129.36,47.49,238.58,1.115,0.924,19,30,Rural,Residential,0,,
C00479,6,254.91,252.53,190.86,64.05,235.19,1.564,0.963,1,29,Urban,Residential,0,243.38666666666666,200.63
C00696,4,1176.6,913.42,718.63,457.97,228.35,7.662,0.934,12,29,Rural,Commercial,0,920.5566666666667,920.5566666666667
C00423,4,451.0,330.49,313.02,137.98,223.81,3.114,0.899,2,30,Urban,Residential,0,323.06666666666666,323.06666666666666
C01375,5,269.04,304.16,164.52,104.52,228.56,1.784,0.916,7,30,Rural,Residential,0,252.04333333333332,240.2825
C00318,6,638.19,711.06,418.83,219.36,218.08,4.674,0.87,0,29,Urban,Commercial,0,643.2833333333333,558.246
C01138,4,3821.44,3216.4,2739.24,1082.2,235.96,22.721,0.99,17,30,Urban,Industrial,0,3250.513333333334,3250.513333333334
C00062,3,148.76,156.7,101.96,46.79,230.94,0.963,0.929,3,30,Urban,Residential,0,148.375,148.375
C00192,6,391.8,404.4,271.07,120.73,230.6,2.681,0.88,5,28,Urban,Residential,0,389.0566666666667,357.456
C01048,4,764.49,695.67,513.54,250.95,234.68,5.285,0.856,5,28,Semi-Urban,Commercial,0,581.0933333333334,581.0933333333334
C00862,4,319.65,257.54,195.0,124.65,221.08,2.184,0.919,0,28,Urban,Residential,0,239.66666666666666,239.66666666666666
C00956,4,362.17,312.35,202.67,159.51,224.14,2.267,0.99,6,30,Semi-Urban,Residential,0,267.66,267.66
C00880,6,285.68,244.71,161.13,124.55,214.97,1.904,0.969,0,28,Rural,Residential,0,272.63,259.608
C01152,3,146.42,131.74,104.27,42.15,233.15,0.972,0.897,8,29,Rural,Residential,0,127.105,127.105
C00694,3,309.92,300.03,224.58,85.34,232.47,2.09,0.886,11,29,Semi-Urban,Residential,0,297.45,297.45
C00715,4,215.2,183.96,131.41,83.78,231.44,1.413,0.914,5,30,Urban,Residential,0,176.92333333333332,176.92333333333332
C01331,2,570.13,513.39,401.03,169.11,243.2,3.565,0.913,1,29,Urban,Commercial,0,513.39,513.39
C00910,4,314.28,262.98,215.79,98.49,236.79,2.154,0.856,4,30,Semi-Urban,Residential,0,236.37,236.37
C00030,1,162.24,,96.84,65.4,226.4,1.06,0.939,15,30,Urban,Residential,0,,
C00318,2,406.01,455.37,254.2,151.82,226.78,2.684,0.926,0,28,Urban,Commercial,0,455.37,455.37
C00184,2,903.38,1004.66,612.19,291.19,226.93,5.865,0.943,19,30,Semi-Urban,Commercial,0,1004.66,1004.66
C01096,3,223.84,172.08,151.55,72.29,236.84,1.442,0.91,13,28,Urban,Residential,0,158.405,158.405
C00569,1,288.33,,208.98,79.34,227.11,1.781,0.99,1,30,Rural,Residential,0,,
C00257,3,284.66,240.39,210.11,74.54,233.25,1.809,0.937,0,29,Semi-Urban,Residential,0,233.485,233.485
C00383,1,282.08,,179.95,102.13,231.61,1.877,0.901,1,30,Semi-Urban,Residential,0,,
C01401,6,154.82,179.49,101.9,52.91,227.38,0.973,0.972,17,29,Semi-Urban,Residential,0,172.6833333333333,157.10999999999999
C00228,2,2759.4,2601.49,1756.93,1002.46,232.51,18.485,0.892,1,29,Rural,Industrial,0,2601.49,2601.49
C00945,5,606.71,576.71,345.66,261.05,223.76,4.225,0.891,7,29,Urban,Commercial,0,566.5033333333334,538.22
C00898,3,214.84,189.52,144.07,70.78,230.6,1.441,0.898,1,30,Semi-Urban,Residential,0,205.48000000000002,205.48000000000002
C01065,1,270.86,,163.62,107.24,229.09,1.784,0.92,19,30,Urban,Residential,0,,
C00956,2,254.26,236.37,176.29,77.98,237.79,1.684,0.882,6,30,Semi-Urban,Residential,0,236.37,236.37
C00114,3,285.02,296.6,163.87,121.16,232.03,1.87,0.912,14,30,Semi-Urban,Residential,0,318.39,318.39
C01034,4,1337.63,1342.47,739.06,598.57,231.07,8.877,0.906,9,30,Urban,Commercial,0,1072.45,1072.45
C00611,5,189.54,186.06,129.5,60.05,222.27,1.399,0.847,9,30,Rural,Residential,0,179.2833333333333,178.35750000000002
C00277,6,674.91,708.51,386.03,288.88,238.39,4.288,0.917,15,29,Semi-Urban,Commercial,0,630.5566666666667,583.0319999999999
C00085,5,174.24,186.97,100.52,73.72,220.15,1.159,0.948,1,28,Semi-Urban,Residential,0,170.71000000000004,173.45
C00028,5,293.64,375.68,176.02,117.62,229.87,1.835,0.967,14,30,Urban,Residential,0,314.04333333333335,302.405
C01136,6,398.58,356.68,298.34,100.24,229.31,2.486,0.971,16,29,Rural,Residential,0,320.36333333333334,313.282
C00168,5,294.01,318.21,213.07,80.95,218.74,2.0,0.933,3,29,Urban,Residential,0,252.38,251.6225
C01490,6,244.23,208.09,148.25,95.98,233.3,1.614,0.901,14,30,Semi-Urban,Residential,0,208.10999999999999,194.124
C01394,3,333.05,251.31,215.68,117.37,233.87,2.293,0.863,7,29,Urban,Residential,0,246.38,246.38
C00583,3,190.37,177.28,110.75,79.62,226.18,1.197,0.977,4,30,Urban,Residential,0,176.01999999999998,176.01999999999998
C01135,1,225.94,,127.12,98.82,227.69,1.5,0.919,15,30,Rural,Residential,0,,
C01472,5,133.73,157.66,75.54,58.19,235.43,0.863,0.914,18,29,Rural,Residential,0,143.76666666666665,135.3075
C00423,5,348.64,451.0,242.96,105.69,226.59,2.376,0.899,2,30,Urban,Residential,0,362.0133333333333,355.05
C00185,1,232.29,,148.02,84.27,238.85,1.456,0.928,3,30,Semi-Urban,Residential,0,,
C00646,6,5190.36,5221.51,3783.84,1406.52,235.59,,0.943,16,30,Rural,Industrial,0,3733.6200000000003,3747.2940000000003
C01035,1,119.42,,80.97,38.45,219.38,0.805,0.939,3,30,Semi-Urban,Residential,0,,
C00293,1,188.31,,108.43,79.88,227.55,1.314,0.875,14,29,Urban,Residential,0,,
C00944,2,799.56,820.76,543.85,255.71,225.86,5.385,0.913,19,28,Rural,Commercial,0,820.76,820.76
C00487,1,176.14,,108.86,67.28,234.72,1.147,0.909,5,28,Urban,Residential,0,,
C01089,4,1294.56,814.55,839.23,455.33,226.95,8.844,0.896,5,30,Urban,Commercial,0,870.3333333333334,870.3333333333334
C00026,3,1065.74,1020.67,620.44,445.31,222.57,7.131,0.933,11,30,Urban,Commercial,0,975.26,975.26
C00652,2,244.77,267.74,169.79,74.98,228.51,1.62,0.918,7,28,Urban,Residential,0,267.74,267.74
C01376,2,298.8,302.47,197.56,101.24,231.29,1.836,0.977,16,29,Rural,Residential,0,302.47,302.47
C00426,3,333.79,266.83,222.92,110.87,226.26,2.28,0.899,10,28,Rural,Residential,0,268.19,268.19
C00463,2,204.73,177.52,136.41,68.32,234.54,1.36,0.891,10,30,Semi-Urban,Residential,0,177.52,177.52
C00826,6,143.82,144.84,103.11,40.71,233.07,0.927,0.924,2,30,Urban,Residential,0,143.72,129.858
C00592,6,244.65,257.91,161.32,83.33,240.79,1.608,0.878,12,30,Semi-Urban,Residential,0,251.48,234.748
C00621,3,467.88,441.03,299.85,168.03,228.34,2.934,0.97,15,30,Urban,Commercial,0,438.79999999999995,438.79999999999995
C00900,2,4212.84,3565.79,2861.15,1351.69,239.58,27.336,0.893,14,29,Semi-Urban,Industrial,0,3565.79,3565.79
C01211,6,1462.98,1399.9,846.93,616.05,231.41,9.36,0.938,0,30,Urban,Commercial,0,1313.8466666666668,1255.248
C01086,2,977.73,886.15,673.78,303.95,230.97,6.177,0.952,12,30,Semi-Urban,Commercial,0,886.15,886.15
C00757,3,197.75,201.37,139.16,58.59,228.2,1.258,0.957,4,30,Urban,Residential,0,209.53,209.53
C00918,1,204.89,,151.8,53.08,227.15,1.3,0.964,6,30,Semi-Urban,Residential,0,,
C00304,5,1036.28,1011.19,705.04,331.24,224.54,7.134,0.899,6,28,Urban,Commercial,0,972.36,934.1025
C00682,1,324.72,,239.43,85.3,229.48,2.063,0.952,16,29,Semi-Urban,Residential,0,,
C00833,5,1313.61,1324.28,766.2,547.42,227.57,8.254,0.971,15,29,Semi-Urban,Commercial,0,1089.55,1084.135
C01271,3,159.83,146.54,99.45,60.38,232.74,1.012,0.943,14,30,Rural,Residential,0,142.16,142.16
C00991,5,245.09,135.54,147.39,97.7,231.99,1.62,0.906,7,29,Urban,Residential,0,125.91333333333334,138.0825
C01169,5,370.47,373.06,268.09,102.38,220.17,2.736,0.854,10,28,Urban,Residential,0,324.40000000000003,313.4925
C00052,4,940.92,782.57,704.96,235.96,229.47,5.837,0.976,11,28,Semi-Urban,Commercial,0,782.3066666666667,782.3066666666667
C01044,4,1376.41,1034.39,951.87,424.54,236.16,8.393,0.964,1,30,Urban,Commercial,0,994.1033333333335,994.1033333333335
C01007,6,351.22,257.01,237.13,114.09,236.14,2.351,0.879,11,30,Semi-Urban,Residential,0,256.31666666666666,241.094
C00600,6,286.56,269.92,158.47,128.08,231.63,1.858,0.925,13,28,Urban,Residential,0,262.20666666666665,253.004
C00604,5,312.53,323.07,201.96,110.57,228.07,2.039,0.933,1,30,Semi-Urban,Residential,0,291.27,281.88
C01363,5,265.33,281.82,165.03,100.3,226.26,1.701,0.958,17,30,Semi-Urban,Residential,0,245.75666666666666,244.2425
C00576,1,834.86,,523.79,311.07,230.55,5.751,0.875,9,30,Urban,Commercial,0,,
C00766,2,299.25,272.26,198.65,100.6,230.1,1.938,,15,30,Rural,Residential,0,272.26,272.26
C00035,2,334.54,239.75,238.78,95.76,228.19,2.257,0.902,10,29,Semi-Urban,Residential,0,239.75,239.75
C00190,2,151.33,161.86,88.95,62.38,228.47,1.072,0.858,9,29,Urban,Residential,0,161.86,161.86
C00459,2,968.15,1140.86,724.38,243.77,228.25,6.823,0.863,6,30,Semi-Urban,Commercial,0,1140.86,1140.86
C00603,2,580.26,710.08,413.38,166.88,227.17,3.777,0.939,7,28,Urban,Commercial,0,710.08,710.08
C00051,6,288.99,258.69,172.11,116.88,243.22,1.919,0.86,8,30,Rural,Residential,0,260.99666666666667,264.694
C00309,2,534.97,457.12,373.66,161.3,233.34,3.606,0.883,4,29,Urban,Commercial,0,457.12,457.12
C00872,6,292.12,284.57,198.38,93.74,226.83,1.919,0.932,1,28,Urban,Residential,0,265.8666666666666,243.22799999999998
C00332,3,304.32,337.63,211.95,92.36,222.66,2.223,0.854,1,29,Urban,Residential,0,321.8,321.8
C00541,1,157.12,,109.67,47.46,228.69,0.987,0.967,15,30,Semi-Urban,Residential,0,,
C00467,3,280.91,224.53,180.88,100.03,227.92,1.854,0.923,10,30,Semi-Urban,Residential,0,242.51,242.51
C00753,4,283.16,291.96,166.29,116.87,231.87,1.879,0.903,13,30,Semi-Urban,Residential,0,256.83666666666664,256.83666666666664
C01043,5,183.68,218.48,50.81,132.87,230.13,1.228,0.903,11,28,Semi-Urban,Residential,1,176.29,171.7625
C00519,2,140.16,120.13,85.53,54.63,225.3,0.918,0.941,18,30,Urban,Residential,0,120.13,120.13
C00677,4,233.44,171.76,174.63,58.82,230.58,1.482,0.949,7,30,Urban,Residential,0,178.01999999999998,178.01999999999998
C00332,2,337.63,305.97,197.17,140.46,229.84,2.206,0.925,1,30,Urban,Residential,0,305.97,305.97
C01110,4,193.99,192.1,127.69,66.29,222.56,1.309,0.925,1,29,Urban,Residential,0,168.02666666666667,168.02666666666667
C00064,6,216.6,240.4,129.85,86.75,226.51,1.5,0.885,1,28,Semi-Urban,Residential,0,201.10666666666665,184.26399999999998
C00718,6,852.16,771.41,594.13,258.03,223.66,5.996,0.882,2,30,Urban,Commercial,0,760.11,698.606
C00565,5,4134.47,4223.11,2846.32,1288.15,229.04,26.726,0.938,5,30,Semi-Urban,Industrial,0,3653.8566666666666,3518.9975
C01322,2,837.22,827.9,594.17,243.05,230.93,5.678,0.887,3,28,Rural,Commercial,0,827.9,827.9
C00455,4,437.74,425.55,319.07,118.67,224.45,3.008,0.9,5,28,Semi-Urban,Commercial,0,318.0,318.0
C00858,5,1268.26,1344.66,705.02,563.23,234.06,8.396,0.896,6,28,Rural,Commercial,0,1107.6566666666668,1103.275
C01341,6,304.95,372.82,191.65,113.29,239.2,2.008,0.882,15,28,Urban,Residential,0,356.7166666666667,314.62
C01254,6,366.25,342.56,213.74,152.52,228.89,2.393,0.929,18,29,Semi-Urban,Residential,0,256.9166666666667,278.038
C01193,5,309.62,264.79,206.55,103.07,229.25,2.014,0.932,19,29,Semi-Urban,Residential,0,277.30333333333334,284.5025
C00639,5,344.42,352.52,247.52,96.91,230.49,2.199,0.944,9,29,Urban,Residential,0,294.9633333333333,279.41999999999996
C01475,2,97.43,94.53,57.24,40.19,239.89,0.646,0.873,6,28,Urban,Residential,0,94.53,94.53
C00797,1,4025.31,,2321.16,1704.16,235.84,26.341,0.9,3,28,Urban,Industrial,0,,
C00713,5,1109.54,1150.51,809.89,299.66,227.82,7.406,0.913,19,30,Semi-Urban,Commercial,0,1092.51,1024.7525
C00043,2,144.52,127.24,86.02,58.5,240.87,0.87,0.958,17,30,Urban,Residential,0,127.24,127.24
C01445,5,183.57,190.35,137.42,46.14,236.17,1.214,0.889,5,29,Semi-Urban,Residential,0,152.84333333333333,150.9475
C00986,5,255.63,242.31,146.99,108.64,224.01,1.735,0.914,16,29,Rural,Residential,0,199.06666666666663,195.8225
C00047,3,374.6,471.35,210.8,163.8,230.35,3.513,0.643,8,30,Semi-Urban,Commercial,1,423.38,423.38
C00543,1,131.99,,97.87,34.12,222.2,0.872,,3,29,Semi-Urban,Residential,0,,
C00414,3,371.9,310.32,236.08,135.82,232.56,2.307,0.963,18,29,Semi-Urban,Residential,0,306.58500000000004,306.58500000000004
C00049,2,852.51,807.57,582.88,269.64,232.56,5.575,0.913,12,30,Urban,Commercial,0,807.57,807.57
C01340,5,5100.41,5418.31,3367.35,1733.06,220.61,35.654,0.901,9,29,Rural,Industrial,0,4880.333333333333,4671.265
C00513,4,310.48,252.95,230.01,80.47,226.48,2.125,0.896,7,29,Urban,Residential,0,249.34666666666666,249.34666666666666
C01095,1,272.46,,197.14,75.32,232.37,1.801,0.904,11,30,Rural,Residential,0,,
C01028,1,140.52,,81.66,58.86,226.29,0.948,0.91,12,30,Urban,Residential,0,,
C01332,5,903.93,860.43,554.55,349.38,229.51,6.377,0.858,12,29,Rural,Commercial,0,753.3066666666667,746.0575
C00985,6,630.65,648.24,448.55,182.1,222.59,4.592,0.857,7,29,Urban,Commercial,0,573.2166666666666,531.258
C01465,2,312.85,310.26,202.27,110.58,233.73,2.053,0.905,15,30,Urban,Residential,0,310.26,310.26
C01166,3,890.71,690.86,631.86,258.84,232.43,5.677,0.938,3,29,Semi-Urban,Commercial,0,711.03,711.03
C00830,1,298.53,,196.82,101.71,225.74,1.855,0.99,3,28,Semi-Urban,Residential,0,,
C01472,6,124.87,133.73,69.27,55.6,234.95,0.789,0.935,18,30,Rural,Residential,0,147.21333333333334,134.99200000000002
C00046,1,299.79,,212.16,87.63,231.75,1.912,0.94,14,30,Urban,Residential,0,,
C00762,5,1212.4,1058.47,827.86,384.54,231.47,7.624,0.954,2,28,Rural,Commercial,0,1004.1566666666668,1022.885
C01064,1,619.52,,355.0,264.51,230.0,3.996,0.936,1,30,Urban,Commercial,0,,
C01082,2,444.49,522.45,280.87,163.62,228.18,3.114,0.869,9,30,Urban,Commercial,0,522.45,522.45
C01277,2,289.16,257.39,203.75,85.41,223.64,2.075,0.865,7,30,Urban,Residential,0,257.39,257.39
C01280,5,354.42,331.5,242.71,111.7,230.73,2.185,0.976,4,30,Semi-Urban,Residential,0,325.21,330.1475
C00702,2,818.61,870.51,553.25,265.35,228.17,5.398,0.923,10,30,Urban,Commercial,0,870.51,870.51
C00537,3,277.37,230.49,181.02,96.35,225.91,1.919,0.888,14,30,Rural,Residential,0,220.79500000000002,220.79500000000002
C00232,6,305.68,174.38,171.39,134.3,235.98,1.979,0.909,7,30,Urban,Residential,0,177.22333333333333,195.41
C00663,4,185.79,179.7,106.38,79.4,225.86,1.204,0.948,19,30,Rural,Residential,0,168.02333333333334,168.02333333333334
C00720,3,402.54,290.01,263.04,139.5,236.45,2.604,0.908,5,30,Rural,Residential,0,294.49,294.49
C01246,6,3576.32,3595.49,2407.41,1168.91,231.41,23.61,0.909,19,29,Semi-Urban,Industrial,0,3281.35,3093.784
C00993,4,339.75,324.6,202.84,136.91,240.74,2.049,0.957,1,30,Urban,Residential,0,284.00666666666666,284.00666666666666
C01349,1,3833.04,,2771.76,1061.28,229.43,25.751,0.901,3,30,Urban,Industrial,0,,
C00014,6,295.95,257.96,173.81,122.13,226.75,2.013,0.901,13,29,Urban,Residential,0,257.1433333333334,247.89000000000001
C00146,4,321.99,82.32,210.4,111.6,223.65,2.21,0.905,18,30,Urban,Residential,1,150.96333333333334,150.96333333333334
C01448,1,117.11,,73.69,43.42,232.27,0.729,0.96,9,29,Semi-Urban,Residential,0,,
C01033,1,95.42,,64.23,31.2,227.59,0.631,0.922,10,29,Semi-Urban,Residential,0,,
C00760,4,246.88,285.72,168.52,78.36,224.05,1.576,0.971,19,30,Urban,Residential,0,257.83,257.83
C00751,1,468.93,,326.66,142.28,232.36,3.187,0.879,11,28,Rural,Commercial,0,,
C00775,4,544.99,427.2,347.27,197.72,225.0,3.64,0.924,3,30,Urban,Commercial,0,437.3233333333333,437.3233333333333
C00340,5,212.17,244.35,156.62,55.54,232.35,1.397,0.908,12,30,Semi-Urban,Residential,0,195.71666666666667,191.0375
C01461,6,170.75,185.29,112.29,58.45,227.73,1.097,0.949,12,29,Rural,Residential,0,185.87,166.858
C00936,1,908.61,,629.4,279.21,234.38,6.033,0.892,18,30,Urban,Commercial,0,,
C00409,3,314.63,248.76,227.7,86.93,231.82,2.005,0.94,8,28,Urban,Residential,0,259.385,259.385
C00660,1,171.49,,127.46,44.02,236.97,1.025,0.98,16,29,Urban,Residential,0,,
C00389,2,208.85,138.77,114.9,93.96,224.97,1.345,0.958,13,30,Urban,Residential,0,138.77,138.77
C01374,4,631.76,589.49,391.95,239.81,233.31,4.142,0.908,8,30,Urban,Commercial,0,562.1766666666667,562.1766666666667
C01424,2,256.31,270.84,151.64,104.67,230.69,1.673,0.922,12,30,Urban,Residential,0,270.84,270.84
C01411,5,1207.49,1224.55,711.36,496.13,227.79,8.194,0.898,18,29,Urban,Commercial,0,1137.8666666666668,1116.7
C00792,1,2087.75,,1199.55,888.21,236.61,12.879,0.952,3,29,Rural,Industrial,0,,
C01412,2,171.56,181.88,109.29,62.26,235.17,1.112,0.911,16,29,Urban,Residential,0,181.88,181.88
C00878,6,285.65,314.36,213.67,71.99,232.28,1.875,,13,30,Rural,Residential,0,304.00666666666666,274.948
C01280,4,331.5,330.79,196.27,135.24,237.23,2.215,0.876,4,28,Semi-Urban,Residential,0,329.69666666666666,329.69666666666666
C00861,6,347.8,284.08,248.46,99.34,225.68,2.356,0.909,3,30,Semi-Urban,Residential,0,297.10999999999996,259.18199999999996
C01109,2,510.31,420.95,371.66,138.65,223.24,3.531,0.899,19,30,Urban,Commercial,0,420.95,420.95
C00203,5,317.34,308.4,211.28,106.06,223.62,2.083,0.946,13,30,Urban,Residential,0,311.1633333333333,303.7975
C01258,3,2159.79,2298.26,1374.47,785.31,233.63,13.884,0.925,16,29,Rural,Industrial,0,2345.4,2345.4
C00930,3,272.21,294.91,162.97,109.23,229.39,1.789,0.921,16,30,Urban,Residential,0,270.25,270.25
C00178,3,1749.12,1693.24,1012.28,736.84,229.14,11.747,0.903,3,30,Urban,Industrial,0,1515.345,1515.345
C00632,1,318.75,,192.62,126.13,231.81,2.048,0.933,15,29,Urban,Residential,0,,
C00736,1,567.74,,359.77,207.97,229.84,3.645,0.941,0,30,Rural,Commercial,0,,
C00915,6,2742.3,2770.56,1791.38,950.92,227.79,17.316,0.966,4,30,Urban,Industrial,0,2701.5266666666666,2351.4919999999997
C01296,1,3958.27,,2782.11,1176.15,228.17,26.687,0.903,10,28,Urban,Industrial,0,,
C01464,3,142.62,129.54,95.86,46.75,221.92,0.974,0.916,17,28,Semi-Urban,Residential,0,137.42000000000002,137.42000000000002
C00502,3,132.85,130.15,80.27,52.57,235.91,0.88,0.889,16,30,Urban,Residential,0,121.14500000000001,121.14500000000001
C00185,2,212.04,232.29,141.2,70.84,229.67,1.295,0.99,3,29,Semi-Urban,Residential,0,232.29,232.29
C00902,2,267.93,308.01,149.82,118.11,237.76,1.814,0.863,1,30,Rural,Residential,0,308.01,308.01
C01214,4,172.57,184.93,112.03,60.53,232.44,1.092,0.945,11,29,Urban,Residential,0,180.69000000000003,180.69000000000003
C01015,2,283.25,251.7,204.5,78.75,235.47,1.761,0.949,1,29,Semi-Urban,Residential,0,251.7,251.7
C00894,1,3172.51,,1788.34,1384.17,225.31,21.637,0.904,12,29,Urban,Industrial,0,,
C01308,4,126.74,127.71,81.19,45.54,232.8,0.818,0.924,16,30,Rural,Residential,0,115.61,115.61
C00729,2,226.56,206.37,145.87,80.69,230.07,1.452,0.942,4,30,Semi-Urban,Residential,0,206.37,206.37
C00461,6,1409.08,1515.51,868.9,540.18,237.29,8.705,0.947,11,30,Rural,Commercial,0,1333.9466666666667,1197.192
C00655,6,881.94,1024.79,596.81,285.13,231.2,6.069,0.873,4,30,Rural,Commercial,0,841.3633333333333,798.018
C00966,3,148.18,138.62,110.91,37.27,239.2,0.962,0.894,11,29,Urban,Residential,0,129.46,129.46
C01270,1,151.27,,101.73,49.53,220.64,1.06,0.898,0,28,Semi-Urban,Residential,0,,
C01017,3,175.97,191.07,105.51,70.46,227.23,1.196,0.899,10,28,Semi-Urban,Residential,0,192.35,192.35
C00867,1,227.76,,137.79,89.97,226.74,1.607,0.868,16,28,Rural,Residential,0,,
C01283,5,189.52,180.3,141.04,48.48,234.61,1.301,0.862,11,29,Urban,Residential,0,168.70666666666668,163.78750000000002
C00409,4,314.47,314.63,202.37,112.11,234.82,2.034,0.914,8,30,Urban,Residential,0,277.8,277.8
C00845,4,578.94,542.1,382.64,196.3,246.32,3.357,0.972,18,30,Semi-Urban,Commercial,0,528.4933333333333,528.4933333333333
C01160,2,305.91,290.05,185.63,120.27,229.5,1.953,0.948,10,30,Urban,Residential,0,290.05,290.05
C00638,3,296.08,304.94,192.17,103.91,235.06,1.964,0.891,14,30,Urban,Residential,0,303.655,303.655
C01338,5,445.45,369.61,324.91,120.54,235.39,2.857,0.92,17,30,Urban,Residential,0,336.46000000000004,316.7575
C00443,1,411.46,,231.8,179.66,228.48,2.782,0.899,9,28,Semi-Urban,Commercial,0,,
C01371,6,890.94,936.4,553.72,337.22,230.68,5.854,0.916,4,28,Urban,Commercial,0,892.6899999999999,826.89
C00624,6,342.7,359.35,224.64,118.06,233.56,2.125,0.959,17,29,Semi-Urban,Residential,0,361.75,322.494
C00363,5,159.19,202.98,89.02,70.17,227.91,1.011,0.96,6,30,Urban,Residential,0,170.81000000000003,162.3675
C01396,1,158.37,,116.19,42.18,232.26,1.096,0.864,15,30,Urban,Residential,0,,
C00554,1,668.84,,421.47,247.37,227.32,4.184,0.977,4,29,Urban,Commercial,0,,
C00860,2,206.91,194.12,123.79,83.12,227.98,1.421,0.887,15,29,Rural,Residential,0,194.12,194.12
C00465,4,258.72,250.94,179.32,79.4,227.53,1.71,0.924,15,30,Semi-Urban,Residential,0,222.16333333333333,222.16333333333333
C00685,2,225.82,291.65,152.89,72.94,227.72,1.645,0.837,9,28,Urban,Residential,0,291.65,291.65
C01020,4,150.65,266.41,91.61,59.04,235.21,1.294,0.687,15,29,Semi-Urban,Residential,1,248.2166666666667,248.2166666666667
C00280,3,350.03,323.92,214.79,135.24,226.87,2.45,0.875,14,30,Rural,Residential,0,314.49,314.49
C00658,6,149.17,496.08,84.77,64.4,233.21,0.923,0.962,14,28,Rural,Commercial,1,570.0333333333333,552.788
C01215,1,294.61,,188.25,106.36,230.22,2.049,0.867,13,28,Urban,Residential,0,,
C01205,1,532.96,,393.71,139.25,221.8,3.555,0.939,8,30,Urban,Commercial,0,,
C00903,1,128.56,,91.67,36.89,223.21,0.903,0.886,5,28,Semi-Urban,Residential,0,,
C01050,4,466.52,348.02,273.51,193.01,231.99,2.949,0.947,14,28,Rural,Residential,0,312.7833333333333,312.7833333333333
C01005,2,328.49,288.03,239.27,89.22,229.32,2.083,0.955,18,30,Urban,Residential,0,288.03,288.03
C00418,2,2556.72,2320.71,1621.88,934.84,230.57,16.567,0.93,3,29,Urban,Industrial,0,2320.71,2320.71
C01191,5,165.13,159.75,117.61,47.52,231.27,1.11,0.894,8,30,Semi-Urban,Residential,0,120.07333333333334,115.3825
C00395,6,72.15,135.21,47.55,24.6,235.99,0.455,0.934,16,20,Semi-Urban,Residential,1,128.99333333333334,124.38400000000001
C00370,4,348.02,149.74,200.37,147.65,232.69,2.23,0.932,3,29,Rural,Residential,0,233.92,233.92
C00370,5,277.59,348.02,204.56,73.03,229.95,1.98,0.847,3,28,Rural,Residential,0,261.18,262.445
C00555,3,234.29,157.14,151.87,82.42,228.73,,0.975,11,30,Urban,Residential,0,158.58499999999998,158.58499999999998
C01015,4,352.24,294.15,225.14,127.1,220.47,2.424,0.916,1,29,Semi-Urban,Residential,0,276.3666666666666,276.3666666666666
C00598,2,128.34,137.49,83.66,44.68,233.13,0.795,0.962,4,30,Urban,Residential,0,137.49,137.49
C01291,5,4371.31,4191.09,3176.07,1195.25,237.51,26.936,0.949,2,29,Urban,Industrial,0,3602.59,3565.9674999999997
C01108,1,199.99,,130.27,69.72,237.22,1.319,0.888,0,30,Semi-Urban,Residential,0,,
C01042,4,1252.38,1302.24,887.76,364.63,233.79,8.125,0.916,7,30,Urban,Commercial,0,1221.1166666666668,1221.1166666666668
C01134,1,237.6,,160.66,76.94,226.58,1.622,0.898,18,29,Semi-Urban,Residential,0,,
C01291,4,4191.09,3654.18,2324.96,1866.13,232.25,30.627,0.818,2,28,Urban,Industrial,0,3357.593333333333,3357.593333333333
C00015,2,144.65,134.95,85.49,59.16,,0.928,0.917,18,30,Rural,Residential,0,134.95,134.95
C00467,6,280.5,293.46,181.92,98.58,227.82,1.9,0.9,10,29,Semi-Urban,Residential,0,275.99,262.598
C00612,6,303.61,369.19,222.01,81.6,,1.926,0.964,6,30,Urban,Residential,0,325.6233333333334,289.102
C00612,2,253.83,214.81,156.2,97.64,225.73,1.592,0.981,6,28,Urban,Residential,0,214.81,214.81
C01477,1,1047.29,,614.46,432.83,225.49,6.977,0.925,9,28,Urban,Commercial,0,,
C00766,1,272.26,,170.38,101.87,227.98,1.793,0.925,15,30,Rural,Residential,0,,
C00337,4,330.54,263.0,210.4,120.14,226.83,2.228,0.908,7,29,Rural,Residential,0,250.01,250.01
C01059,5,351.35,323.97,207.38,143.97,229.76,2.423,0.877,19,30,Urban,Residential,0,308.7266666666667,297.415
C00421,6,296.26,202.48,190.18,106.08,228.78,1.947,0.924,17,29,Urban,Residential,0,197.67666666666665,189.83999999999997
C00989,3,120.4,107.98,73.81,46.59,232.17,0.822,0.877,0,28,Semi-Urban,Residential,0,107.71000000000001,107.71000000000001
C00844,2,1737.22,1719.0,1050.33,686.89,220.77,12.503,0.874,6,28,Semi-Urban,Industrial,0,1719.0,1719.0
C01274,1,266.26,,184.49,81.77,227.56,1.693,0.96,7,30,Urban,Residential,0,,
C01216,3,3876.31,3501.01,2397.03,1479.28,229.57,25.443,0.922,4,30,Semi-Urban,Industrial,0,3313.8,3313.8
C00916,2,242.07,288.16,162.97,79.11,232.25,1.817,0.797,3,28,Urban,Residential,0,288.16,288.16
C00483,4,4005.96,3237.48,2636.76,1369.2,227.03,28.034,0.874,2,29,Urban,Industrial,0,2899.933333333333,2899.933333333333
C01271,6,179.19,169.86,115.74,63.45,228.83,1.175,0.926,14,29,Rural,Residential,0,173.04333333333332,160.69
C00786,5,247.9,348.75,148.26,99.64,229.53,1.686,0.89,4,28,Urban,Residential,0,267.61,263.93
C01387,1,156.98,,90.58,66.41,231.81,1.087,0.865,7,30,Semi-Urban,Residential,0,,
C00571,6,365.24,409.11,208.5,156.74,223.65,2.573,0.882,1,29,Urban,Residential,0,340.75333333333333,327.304
C00939,1,273.31,,161.96,111.35,226.06,1.732,0.97,11,30,Rural,Residential,0,,
C00911,2,909.95,613.65,535.82,374.13,230.51,5.899,0.929,16,28,Urban,Commercial,0,613.65,613.65
C00899,2,4182.64,4641.18,2815.79,1366.86,228.05,27.355,0.931,2,28,Semi-Urban,Industrial,0,4641.18,4641.18
C00837,3,1040.42,903.69,744.64,295.79,234.95,6.992,0.88,12,29,Semi-Urban,Commercial,0,899.03,899.03
C01328,2,228.68,215.3,129.97,98.71,228.59,1.443,0.963,9,30,Semi-Urban,Residential,0,215.3,215.3
C00334,4,1412.21,1247.36,919.8,492.41,238.93,9.282,0.884,8,30,Rural,Commercial,0,1168.8933333333332,1168.8933333333332
C01231,2,327.28,348.08,208.34,118.94,224.46,2.171,0.933,11,30,Rural,Commercial,0,348.08,348.08
C00145,6,589.19,600.93,325.12,264.08,230.97,3.687,0.961,19,29,Rural,Commercial,0,556.54,525.178
C00060,3,646.97,603.66,401.46,245.51,234.5,4.034,0.95,14,30,Urban,Commercial,0,618.9849999999999,618.9849999999999
C01106,4,5698.68,4442.63,3794.39,1904.29,230.6,40.294,0.852,16,30,Rural,Industrial,0,4205.033333333334,4205.033333333334
C01042,1,1095.23,,737.46,357.77,231.01,7.166,0.919,7,29,Urban,Commercial,0,,
C00213,4,899.74,828.27,547.57,352.18,226.05,5.842,0.946,0,29,Semi-Urban,Commercial,0,823.5633333333334,823.5633333333334
C00316,1,324.62,,200.82,123.79,230.7,2.135,0.915,9,29,Rural,Residential,0,,
C01255,2,308.75,291.22,229.05,79.69,226.18,2.038,0.93,9,30,Rural,Residential,0,291.22,291.22
C01427,4,220.28,184.97,132.57,87.71,228.79,1.399,0.956,6,28,Semi-Urban,Residential,0,172.44666666666663,172.44666666666663
C01383,1,132.63,,89.54,43.09,222.37,0.947,0.875,2,30,Urban,Residential,0,,
C00594,6,62.66,162.27,45.4,17.26,225.49,0.403,0.958,15,28,Semi-Urban,Residential,1,171.80666666666664,158.33800000000002
C00827,3,1139.81,1047.08,811.26,328.55,237.5,7.036,0.947,2,30,Urban,Commercial,0,1087.12,1087.12
C01119,6,247.05,244.55,137.04,110.01,220.37,1.65,0.944,1,30,Rural,Residential,0,243.22666666666666,228.01799999999997
C00397,5,201.45,167.83,124.91,76.54,233.37,1.264,0.949,6,29,Urban,Residential,0,172.34,163.9025
C00638,2,304.94,302.37,192.87,112.08,238.73,1.875,0.946,14,30,Urban,Residential,0,302.37,302.37
C01332,3,719.0,680.49,443.75,275.25,230.05,4.916,0.883,12,28,Rural,Commercial,0,702.4,702.4
C01165,6,239.45,189.99,145.93,93.52,232.31,1.572,0.911,9,30,Urban,Residential,0,188.70333333333335,187.768
C00552,1,216.94,,154.9,62.03,232.96,1.364,0.948,18,28,Rural,Residential,0,,
C01429,3,304.78,77.75,189.63,115.15,226.66,2.182,0.856,2,28,Rural,Residential,0,189.025,189.025
C00584,2,260.93,220.84,178.03,82.91,228.88,1.689,0.937,3,28,Urban,Residential,0,220.84,220.84
C01371,2,820.53,635.85,457.42,363.11,229.08,5.309,0.937,4,30,Urban,Commercial,0,635.85,635.85
C00187,1,405.14,,285.34,119.79,230.42,2.506,0.974,17,30,Rural,Commercial,0,,
C01488,2,130.96,129.89,88.52,42.44,219.54,0.919,0.902,3,30,Urban,Residential,0,129.89,129.89
C01283,4,180.3,165.46,104.16,76.14,218.92,1.173,0.975,11,30,Urban,Residential,0,158.28333333333333,158.28333333333333
C01146,6,191.32,179.06,127.05,64.27,234.11,1.215,0.934,6,28,Semi-Urban,Residential,0,153.18333333333334,153.828
C01116,4,732.17,608.91,506.54,225.63,231.67,4.527,0.97,13,28,Urban,Commercial,0,526.4233333333333,526.4233333333333
C01077,4,275.37,229.39,200.54,74.83,227.78,1.965,0.855,15,30,Urban,Residential,0,224.43999999999997,224.43999999999997
C00608,4,258.54,222.02,172.64,85.91,232.05,1.757,0.881,16,28,Urban,Residential,0,217.76,217.76
C00417,5,168.7,144.78,111.88,56.82,234.62,1.112,0.898,17,29,Semi-Urban,Residential,0,136.49,134.98
C01376,5,406.9,466.53,243.47,163.43,232.85,2.704,0.897,16,28,Rural,Residential,0,375.11999999999995,356.9575
C00464,6,482.63,280.74,357.57,125.06,232.14,2.917,0.99,15,28,Urban,Residential,1,226.00666666666666,252.74200000000002
C00635,6,152.54,143.25,111.43,41.11,232.25,0.968,0.942,10,29,Rural,Residential,0,158.24666666666667,145.276
C00897,1,146.44,,104.57,41.86,,0.993,0.929,6,28,Urban,Residential,0,,
C01242,3,232.62,231.08,160.44,72.17,227.3,1.46,0.973,1,30,Rural,Residential,0,239.175,239.175
C01057,2,262.85,269.71,190.71,72.14,232.34,1.618,0.971,19,30,Semi-Urban,Residential,0,269.71,269.71
C00283,5,141.66,174.01,103.28,38.38,235.72,0.872,0.957,2,30,Rural,Residential,0,134.47666666666666,134.42000000000002
C00971,4,497.6,572.45,313.3,184.3,224.02,3.231,0.955,1,28,Urban,Commercial,1,784.9166666666666,784.9166666666666
C00343,1,151.97,,90.13,61.84,237.0,0.963,0.925,1,30,Urban,Residential,0,,
C00297,1,250.05,,167.52,82.53,231.85,1.798,0.833,14,30,Urban,Residential,0,,
C01187,3,1062.42,860.18,599.75,462.67,228.96,7.362,0.875,2,28,Semi-Urban,Commercial,0,843.66,843.66
C00553,2,330.2,311.84,216.16,114.05,225.78,2.142,0.948,2,30,Urban,Residential,0,311.84,311.84
C00797,6,4908.75,4364.57,3165.19,1743.56,233.94,30.672,0.95,3,30,Urban,Industrial,0,4446.083333333333,4301.414
C01186,2,305.91,361.04,186.38,119.53,229.92,2.017,0.916,9,28,Rural,Residential,0,361.04,361.04
C00918,3,257.56,199.94,176.08,81.48,234.64,1.74,0.876,6,30,Semi-Urban,Residential,0,202.415,202.415
C00266,3,179.78,151.47,132.07,47.71,225.32,1.183,0.937,9,30,Urban,Residential,0,144.24,144.24
C00288,2,750.59,579.91,455.23,295.36,230.9,5.212,0.866,1,29,Rural,Commercial,0,579.91,579.91
C01289,4,211.44,186.28,122.04,89.4,229.9,1.432,0.892,3,30,Urban,Residential,0,166.64666666666668,166.64666666666668
C00857,5,382.99,391.77,213.02,169.97,232.61,2.31,0.99,1,30,Semi-Urban,Residential,0,330.77666666666664,315.6425
C01124,2,954.15,829.53,694.74,259.41,233.98,6.149,0.921,12,29,Rural,Commercial,0,829.53,829.53
C00082,5,540.08,554.03,306.06,234.01,234.21,3.538,0.905,1,29,Rural,Commercial,0,498.98999999999995,487.275
C01375,6,299.99,269.04,177.66,122.33,236.11,2.034,0.868,7,30,Rural,Residential,0,263.2733333333333,246.03400000000002
C00581,4,1097.16,936.09,638.14,459.02,226.3,7.517,0.896,4,30,Urban,Commercial,0,849.0533333333333,849.0533333333333
C00572,6,334.47,364.78,225.39,109.08,232.59,2.145,,1,29,Semi-Urban,Residential,0,354.73333333333335,342.498
C00985,2,433.38,503.26,298.28,135.09,232.49,2.755,0.94,7,30,Urban,Commercial,0,503.26,503.26
C01043,1,158.18,,106.03,52.15,236.77,1.065,0.872,11,28,Semi-Urban,Residential,0,,
C00005,2,279.14,298.58,176.11,103.03,230.54,1.82,0.924,2,30,Rural,Residential,0,298.58,298.58
C00586,3,260.12,248.81,144.72,115.4,232.11,1.588,0.98,4,30,Rural,Residential,0,240.805,240.805
C00402,4,343.87,354.99,225.63,118.24,232.14,2.264,0.909,4,29,Urban,Residential,0,324.98,324.98
C00546,1,269.61,,167.47,102.14,224.68,1.746,0.955,9,29,Rural,Residential,0,,
C00259,5,237.62,233.33,131.68,105.94,224.28,1.572,0.936,18,28,Semi-Urban,Residential,0,221.83,222.805
C01437,5,180.06,158.15,111.95,68.11,223.35,1.173,0.955,0,30,Semi-Urban,Residential,0,144.85,145.91500000000002
C01251,4,374.42,320.47,207.83,166.59,235.6,2.318,0.952,13,29,Semi-Urban,Residential,0,319.06,319.06
C00646,2,4010.91,3524.7,2248.39,1762.53,240.59,24.709,0.937,16,29,Rural,Industrial,0,3524.7,3524.7
C00568,1,255.1,,154.43,100.67,224.99,1.771,0.889,8,28,Urban,Residential,0,,
C00755,6,199.82,185.84,136.81,63.01,232.57,1.213,0.984,12,29,Urban,Residential,0,179.13666666666666,166.94400000000002
C00164,2,128.6,111.8,76.16,52.44,225.41,0.838,0.946,18,30,Urban,Residential,0,111.8,111.8
C00443,4,433.26,404.0,267.9,165.36,226.73,2.826,0.939,9,28,Semi-Urban,Commercial,0,388.5466666666666,388.5466666666666
C00308,6,1030.94,963.33,724.84,306.1,224.48,6.856,0.93,8,30,Semi-Urban,Commercial,0,966.9933333333333,911.0440000000001
C01077,3,229.39,206.37,168.5,60.89,235.43,1.587,0.853,15,30,Urban,Residential,0,221.965,221.965
C01120,6,968.54,1168.35,558.91,409.63,231.53,7.04,0.825,8,30,Rural,Commercial,1,858.9966666666666,886.0
C01169,3,307.39,292.75,176.58,130.8,230.21,2.071,0.895,10,29,Urban,Residential,0,286.76,286.76
C01225,5,415.96,492.38,290.39,125.57,232.36,2.697,0.922,17,29,Urban,Commercial,0,462.6700000000001,459.025
C00975,4,285.65,218.39,186.21,99.44,235.6,1.798,0.936,6,29,Rural,Residential,0,205.92999999999998,205.92999999999998
C00184,5,1407.23,1381.74,991.72,415.51,234.37,9.391,0.888,19,29,Semi-Urban,Commercial,0,1188.99,1142.9075
C00547,1,175.16,,101.42,73.74,230.73,1.152,,4,29,Semi-Urban,Residential,0,,
C00998,6,281.7,248.14,171.1,110.6,235.56,1.767,0.94,0,30,Urban,Residential,0,229.0,206.244
C01224,3,187.18,174.08,116.88,70.31,236.18,1.187,0.927,15,29,Semi-Urban,Residential,0,177.65,177.65
C01149,1,1393.35,,835.59,557.76,229.58,9.746,0.865,1,29,Urban,Industrial,0,,
C00667,1,992.86,,697.85,295.02,223.84,6.99,0.881,11,30,Urban,Commercial,0,,
C00033,3,202.69,187.99,129.55,73.14,226.91,1.253,0.99,17,30,Semi-Urban,Residential,0,203.075,203.075
C00786,2,217.53,252.89,153.67,63.86,226.83,1.523,0.874,4,30,Urban,Residential,0,252.89,252.89
C00108,2,553.33,436.18,409.21,144.12,229.0,3.611,0.929,14,29,Rural,Commercial,0,436.18,436.18
C00548,4,379.69,370.99,243.07,136.62,237.62,2.413,0.92,10,30,Urban,Residential,0,306.25333333333333,306.25333333333333
C00520,3,252.41,282.09,158.06,94.34,229.45,1.634,0.935,16,30,Semi-Urban,Residential,0,291.265,291.265
C00596,6,346.13,103.53,209.36,136.78,233.03,2.258,0.914,5,29,Urban,Residential,0,238.33,249.552
C01457,4,139.56,144.79,97.43,42.13,230.32,0.933,0.902,19,29,Semi-Urban,Residential,0,129.91,129.91
C00721,1,267.44,,154.88,112.55,227.62,1.805,0.904,16,30,Rural,Residential,0,,
C00699,4,251.69,221.71,148.51,103.18,225.23,1.674,0.927,1,29,Semi-Urban,Residential,0,185.29333333333332,185.29333333333332
C00368,6,5518.24,4808.05,3835.94,1682.3,236.74,34.251,0.945,3,30,Semi-Urban,Industrial,0,4507.933333333333,4350.238
C00759,5,1758.05,1991.22,1282.31,475.74,226.89,10.87,0.99,1,30,Urban,Industrial,0,1605.2,1543.92
C00990,1,145.86,,107.46,38.39,227.58,0.934,0.953,7,29,Urban,Residential,0,,
C00620,5,273.99,230.92,178.38,95.61,234.28,1.794,0.906,17,29,Semi-Urban,Residential,0,242.84666666666666,246.875
C00163,1,187.7,,129.97,57.73,238.84,1.244,0.877,6,28,Semi-Urban,Residential,0,,
C01232,4,1153.57,1034.39,835.88,317.69,225.89,7.909,0.897,1,28,Semi-Urban,Commercial,0,994.8833333333333,994.8833333333333
C00120,6,421.74,445.33,307.11,114.63,224.32,3.051,0.856,4,30,Semi-Urban,Residential,0,378.10999999999996,341.312
C01421,5,280.88,225.88,193.36,87.52,232.99,1.873,0.894,6,29,Rural,Residential,0,205.91666666666666,199.2775
C00650,3,266.78,264.69,174.64,92.14,227.94,,0.99,10,30,Rural,Residential,0,258.765,258.765
C00468,2,216.27,197.44,138.44,77.84,231.82,1.472,0.88,10,28,Rural,Residential,0,197.44,197.44
C00428,5,370.9,352.63,277.63,93.26,231.69,2.484,0.895,3,30,Rural,Residential,0,302.26,283.47
C00671,6,249.69,322.74,141.23,108.46,225.38,1.785,0.862,6,28,Rural,Residential,0,301.09999999999997,283.46999999999997
C00006,3,5805.43,3714.03,3504.71,2300.72,225.25,39.945,0.896,1,29,Urban,Industrial,0,4127.85,4127.85
C01162,4,477.8,532.03,282.25,195.55,228.61,3.211,0.904,0,30,Semi-Urban,Commercial,0,454.18666666666667,454.18666666666667
C01295,5,411.8,441.04,282.97,128.83,,2.643,0.928,1,28,Semi-Urban,Residential,0,381.94,365.0675
C00678,2,292.7,332.19,167.73,124.97,235.44,1.883,0.917,19,30,Urban,Residential,0,332.19,332.19
C01346,1,158.26,,98.36,59.91,236.27,0.978,0.951,7,28,Urban,Residential,0,,
C00283,6,150.17,141.66,87.4,62.77,226.31,1.07,0.861,2,28,Rural,Residential,0,145.32666666666668,135.868
C00466,3,183.71,165.42,129.55,54.17,230.0,1.229,0.903,2,29,Urban,Residential,0,173.83999999999997,173.83999999999997
C00371,3,4294.46,3669.52,2983.96,1310.5,234.05,27.88,0.914,3,30,Urban,Industrial,0,3734.34,3734.34
C00628,3,1005.84,774.61,678.47,327.37,225.71,6.64,0.932,6,30,Semi-Urban,Commercial,0,903.065,903.065
C00645,3,287.08,300.78,195.37,91.71,230.82,1.869,0.924,15,29,Urban,Residential,0,313.125,313.125
C01247,1,170.87,,122.56,48.31,228.39,1.179,0.882,19,29,Urban,Residential,0,,
C01326,5,2354.85,2386.63,1631.76,723.09,225.67,14.639,0.99,9,29,Semi-Urban,Industrial,0,1998.7366666666667,2001.1825
C01264,2,261.88,238.08,193.61,68.27,237.89,1.771,0.863,10,30,Urban,Residential,0,238.08,238.08
C01460,3,204.37,187.98,125.55,78.82,233.97,1.273,0.953,0,29,Urban,Residential,0,171.115,171.115
C00627,3,137.55,241.29,100.22,37.34,237.54,0.85,0.947,9,29,Urban,Residential,0,235.95499999999998,235.95499999999998
C01101,4,286.21,254.71,210.4,75.81,236.08,1.758,0.958,3,30,Urban,Residential,0,230.38666666666666,230.38666666666666
C00538,6,685.44,775.54,287.62,397.83,222.52,7.299,0.586,14,28,Rural,Commercial,1,668.6933333333333,835.7280000000001
C01055,5,188.39,220.57,106.82,81.57,220.21,1.226,0.969,18,30,Rural,Residential,0,196.91666666666666,202.6775
C01388,3,336.41,290.35,233.19,103.23,234.3,2.373,0.84,6,29,Urban,Residential,0,280.265,280.265
C00651,5,254.38,198.82,178.24,76.14,221.44,1.685,0.947,3,28,Rural,Residential,0,199.79999999999998,201.58749999999998
C00380,4,379.57,338.54,220.15,159.42,230.5,2.31,0.99,0,29,Semi-Urban,Residential,0,286.0366666666667,286.0366666666667
C01484,3,640.6,608.79,403.85,236.75,231.57,4.115,0.934,17,29,Rural,Commercial,0,584.13,584.13
C00234,4,212.19,226.86,134.43,77.75,225.16,1.411,0.928,7,29,Urban,Residential,0,185.51,185.51
C00124,2,1750.52,1980.19,1132.69,617.83,237.96,11.096,0.921,1,28,Urban,Industrial,0,1980.19,1980.19
C00712,1,140.71,,105.37,35.34,222.62,0.992,0.885,6,30,Urban,Residential,0,,
C01487,2,141.84,138.91,90.98,50.86,234.34,0.868,0.968,2,28,Urban,Residential,0,138.91,138.91
C01354,4,327.76,254.49,203.59,124.17,228.66,2.03,0.981,13,30,Semi-Urban,Residential,0,255.62666666666667,255.62666666666667
C01009,1,123.5,,89.32,34.18,230.53,0.824,0.903,6,28,Urban,Residential,0,,
C00642,6,884.35,691.23,497.74,386.6,232.0,6.199,0.854,13,30,Semi-Urban,Commercial,0,752.7600000000001,679.076
C01411,3,1054.34,1134.71,675.96,378.38,232.15,6.68,0.944,18,30,Urban,Commercial,0,1093.955,1093.955
C01119,1,207.69,,140.15,67.54,224.57,1.439,0.893,1,29,Rural,Residential,0,,
C00880,4,316.15,257.03,192.42,123.74,227.84,2.044,0.943,0,30,Rural,Residential,0,245.72666666666666,245.72666666666666
C00927,3,620.59,482.37,389.39,231.2,236.13,3.71,0.984,1,28,Semi-Urban,Commercial,0,493.695,493.695
C00113,3,358.12,326.57,247.39,110.73,227.88,2.522,0.865,18,29,Urban,Commercial,0,342.28,342.28
C00961,2,939.96,769.54,543.67,396.29,220.58,5.978,0.99,12,30,Rural,Commercial,0,769.54,769.54
C00862,6,318.33,303.5,209.33,108.99,238.54,2.185,0.848,0,30,Urban,Residential,0,293.56333333333333,268.43
C00641,2,190.59,170.28,120.87,69.72,232.34,1.26,0.904,6,29,Urban,Residential,0,170.28,170.28
C00303,4,1283.39,927.53,920.33,363.06,221.69,8.188,0.982,16,30,Rural,Commercial,0,992.9433333333333,992.9433333333333
C01148,4,1169.54,1232.28,869.32,300.22,238.25,7.26,0.939,12,28,Semi-Urban,Commercial,0,1145.3033333333333,1145.3033333333333
C01484,1,559.47,,337.67,221.8,231.46,3.727,0.901,17,29,Rural,Commercial,0,,
C01386,1,1097.13,,817.04,280.1,,6.879,0.958,10,30,Rural,Commercial,0,,
C00776,4,385.33,324.29,247.3,138.03,234.72,2.336,0.976,12,29,Urban,Residential,0,233.03666666666666,233.03666666666666
C00989,4,136.98,120.4,92.35,44.63,,0.871,0.953,0,30,Semi-Urban,Residential,0,111.94,111.94
C00351,1,547.95,,380.39,167.56,234.76,3.43,0.945,6,30,Semi-Urban,Commercial,0,,
C00279,6,1020.68,1176.49,680.04,340.64,228.98,6.43,0.963,13,30,Urban,Commercial,0,956.18,902.064
C00351,2,544.46,547.95,372.4,172.06,235.0,3.439,0.936,6,30,Semi-Urban,Commercial,0,547.95,547.95
C00703,2,241.22,247.26,149.2,92.03,229.26,1.524,0.959,16,28,Urban,Residential,0,247.26,247.26
C00942,6,2434.31,1984.51,1799.25,635.06,233.9,16.596,0.871,7,28,Semi-Urban,Industrial,0,2012.1533333333334,1872.786
C00259,1,225.73,,130.46,95.27,228.34,1.526,0.9,18,29,Semi-Urban,Residential,0,,
C01394,6,352.05,356.77,226.01,126.04,226.53,2.331,0.926,7,30,Urban,Residential,0,334.81,299.438
C00554,6,745.61,693.21,458.95,286.66,229.7,4.779,0.943,4,29,Urban,Commercial,0,686.6999999999999,663.104
C00982,4,369.61,270.96,217.9,151.71,233.88,2.506,0.876,7,29,Semi-Urban,Residential,0,270.05333333333334,270.05333333333334
C00060,2,603.66,634.31,367.66,236.0,223.09,3.853,0.975,14,30,Urban,Commercial,0,634.31,634.31
C00244,4,302.42,269.9,214.21,88.21,230.29,1.907,0.957,10,28,Urban,Residential,0,264.23,264.23
C01246,2,2842.42,2782.45,1754.31,1088.11,225.93,18.293,0.955,19,30,Semi-Urban,Industrial,0,2782.45,2782.45
C01415,2,4575.11,4554.33,3159.23,1415.89,230.37,29.208,0.944,9,29,Semi-Urban,Industrial,0,4554.33,4554.33
C00537,5,165.94,201.19,104.3,61.65,235.0,1.033,0.95,14,30,Rural,Residential,1,236.35,230.03750000000002
C01178,3,1249.12,1200.78,833.03,416.09,230.17,8.972,0.84,3,29,Semi-Urban,Commercial,0,1188.9650000000001,1188.9650000000001
C00858,6,1348.01,1268.26,860.16,487.85,231.37,8.715,0.928,6,30,Rural,Commercial,0,1228.7066666666667,1136.2720000000002
C01066,1,153.75,,86.47,67.28,226.55,1.104,0.854,14,29,Semi-Urban,Residential,0,,
C00292,6,410.27,369.89,292.07,118.2,234.86,2.654,0.914,6,30,Urban,Residential,0,375.33,329.966
C01392,5,155.23,129.29,88.48,66.76,228.16,0.969,0.975,19,28,Semi-Urban,Residential,0,139.24666666666667,127.45750000000001
C01027,6,1458.56,1297.0,853.16,605.4,233.03,9.651,0.901,1,30,Semi-Urban,Commercial,0,1224.6066666666666,1134.33
C00296,3,280.71,201.01,193.11,87.61,229.58,1.86,0.913,17,30,Urban,Residential,0,218.5,218.5
C00200,3,204.31,213.46,150.18,54.13,231.66,1.413,0.867,4,28,Semi-Urban,Residential,0,202.99,202.99
C00314,1,1001.32,,716.77,284.55,234.33,6.401,0.927,3,30,Semi-Urban,Commercial,0,,
C00445,5,864.92,870.69,631.34,233.58,232.19,6.128,0.844,13,30,Urban,Commercial,0,775.9,747.3075
C00529,4,285.35,264.48,157.48,127.86,233.8,1.712,0.99,11,29,Urban,Residential,0,246.12,246.12
C00337,1,250.83,,156.92,93.91,221.48,1.671,0.941,7,30,Rural,Residential,0,,
C00335,2,170.5,213.43,96.27,74.23,233.24,1.102,0.922,2,30,Rural,Residential,0,213.43,213.43
C01129,1,249.66,,167.68,81.97,229.54,1.819,0.83,0,30,Rural,Residential,0,,
C00649,6,188.62,215.44,134.15,54.48,226.77,1.191,0.97,16,30,Semi-Urban,Residential,0,200.01999999999998,175.372
C00540,4,162.34,144.38,101.81,60.53,232.74,1.014,0.955,16,29,Urban,Residential,0,149.02,149.02
C00738,3,138.01,102.78,98.08,39.94,230.74,0.839,0.99,18,29,Urban,Residential,0,113.71000000000001,113.71000000000001
C00791,5,940.55,1160.19,572.36,368.19,234.15,6.062,0.92,1,28,Urban,Commercial,0,978.0066666666667,928.895
C00347,3,5311.8,4067.77,3711.77,1600.03,222.1,35.787,0.928,9,29,Urban,Industrial,0,4067.365,4067.365
C00067,1,227.51,,158.46,69.05,225.06,1.654,0.849,1,30,Urban,Residential,0,,
C00465,5,269.73,258.72,183.41,86.32,230.79,1.83,0.887,15,30,Semi-Urban,Residential,0,250.38666666666668,231.3025
C00967,3,365.22,308.35,264.73,100.49,226.44,2.507,0.893,0,28,Rural,Residential,0,268.56,268.56
C00880,5,244.71,316.15,150.49,94.22,226.86,1.701,0.881,0,30,Rural,Residential,0,273.14666666666665,263.3325
C00679,5,129.52,250.0,74.58,54.94,,0.893,0.872,4,29,Semi-Urban,Residential,0,236.0633333333333,223.9775
C01373,1,141.26,,89.38,51.88,223.05,1.03,0.854,17,29,Semi-Urban,Residential,0,,
C01433,2,165.17,149.12,121.98,43.18,231.41,1.15,0.862,9,30,Rural,Residential,0,149.12,149.12
C01020,5,252.07,150.65,155.95,96.12,225.98,1.813,0.855,15,29,Semi-Urban,Residential,0,225.11666666666667,223.82500000000002
C00254,2,508.14,399.8,337.44,170.7,227.82,3.373,0.918,17,30,Urban,Commercial,0,399.8,399.8
C01160,1,290.05,,201.0,89.04,234.57,1.814,0.947,10,30,Urban,Residential,0,,
C00230,5,283.71,250.78,169.92,113.79,227.15,1.892,0.917,2,30,Urban,Residential,0,240.54999999999998,243.92249999999999
C00171,4,229.61,228.25,152.73,76.88,235.29,1.584,0.855,2,28,Urban,Residential,0,202.38,202.38
C00432,2,239.66,251.11,177.91,61.75,240.91,1.551,0.891,12,29,Rural,Residential,0,251.11,251.11
C01033,3,127.91,102.13,88.96,38.95,226.72,0.85,0.922,10,30,Semi-Urban,Residential,0,98.775,98.775
C00835,5,4341.34,5009.15,3206.57,1134.77,225.1,29.138,0.919,3,29,Rural,Industrial,1,3994.7333333333336,4060.745
C00477,2,4195.15,4841.24,2699.42,1495.73,225.01,27.888,0.929,5,30,Semi-Urban,Industrial,0,4841.24,4841.24
C01494,1,1265.55,,794.68,470.88,225.06,8.099,0.964,10,28,Semi-Urban,Commercial,0,,
C00969,2,228.1,212.04,170.55,57.55,230.09,1.481,0.93,3,30,Urban,Residential,0,212.04,212.04
C00272,4,314.89,297.52,207.19,107.7,220.9,2.0,0.99,15,28,Urban,Residential,0,278.5833333333333,278.5833333333333
C00815,5,370.66,297.43,217.58,153.08,231.88,2.329,0.953,3,29,Rural,Residential,0,295.07,289.8075
C00755,3,162.82,145.7,107.43,55.39,225.9,1.098,0.912,12,30,Urban,Residential,0,148.655,148.655
C00588,2,103.42,115.11,58.12,45.3,239.04,0.635,0.946,13,30,Rural,Residential,0,115.11,115.11
C01052,5,244.77,241.47,147.02,97.75,235.28,1.51,0.957,6,28,Rural,Residential,0,230.49,228.4525
C00602,2,159.32,156.46,108.17,51.15,225.09,1.105,0.89,12,28,Semi-Urban,Residential,0,156.46,156.46
C01420,2,788.53,777.49,565.32,223.21,227.58,5.107,0.942,15,30,Semi-Urban,Commercial,0,777.49,777.49
C00040,1,175.46,,114.9,60.56,233.43,1.256,0.831,9,30,Rural,Residential,0,,
C01448,6,154.78,161.95,91.2,63.58,231.7,1.058,0.877,9,29,Semi-Urban,Residential,0,164.49666666666667,148.59
C00633,5,355.53,378.93,234.76,120.77,236.68,2.216,0.941,6,28,Urban,Residential,0,343.8233333333333,326.3675
C00687,3,352.31,213.15,197.32,154.99,236.97,2.246,0.919,17,30,Urban,Residential,0,233.43,233.43
C00834,4,340.52,246.37,197.87,142.65,229.2,2.168,0.952,17,30,Rural,Residential,0,258.23,258.23
C00634,3,1060.23,1070.1,782.57,277.67,222.97,7.064,0.935,7,29,Semi-Urban,Commercial,0,1082.74,1082.74
C01129,2,224.17,249.66,157.43,66.74,225.88,1.503,0.917,0,30,Rural,Residential,0,249.66,249.66
C01214,2,177.9,179.24,116.56,61.34,231.81,1.265,0.842,11,29,Urban,Residential,0,179.24,179.24
C00838,3,225.82,287.53,157.82,68.0,233.5,1.558,0.862,7,29,Semi-Urban,Residential,0,248.44,248.44
C00325,5,270.81,296.02,162.99,107.81,224.65,1.799,0.931,6,30,Urban,Residential,0,272.06,263.46
C00079,3,108.9,289.19,67.7,41.2,231.41,0.719,0.908,8,30,Urban,Residential,1,298.65,298.65
C01296,4,4429.71,3709.31,3198.52,1231.2,227.32,29.55,0.916,10,29,Urban,Industrial,0,3657.0099999999998,3657.0099999999998
C00583,1,174.76,,117.1,57.66,218.26,1.273,0.874,4,30,Urban,Residential,0,,
C00446,2,2545.9,2442.06,1701.01,844.89,232.12,15.433,0.987,0,30,Semi-Urban,Industrial,0,2442.06,2442.06
C01477,6,1321.56,1051.18,737.14,584.42,243.02,8.469,0.892,9,28,Urban,Commercial,0,967.9666666666668,954.22
C00371,5,5405.93,5837.24,3416.88,1989.05,215.92,38.133,0.912,3,30,Urban,Industrial,0,4600.406666666667,4400.094999999999
C00185,3,261.91,212.04,189.7,72.21,223.71,1.702,0.955,3,29,Semi-Urban,Residential,0,222.165,222.165
C01357,4,299.08,208.52,211.74,87.34,239.07,2.082,0.835,1,28,Urban,Residential,0,193.04,193.04
C00137,3,282.16,231.4,166.36,115.8,229.17,1.786,0.958,10,29,Semi-Urban,Residential,0,233.96,233.96
C00754,6,417.92,380.37,255.79,162.13,230.05,2.771,0.911,6,28,Semi-Urban,Residential,0,279.7066666666667,265.976
C01283,3,165.46,160.36,101.11,64.34,230.64,1.128,0.883,11,29,Urban,Residential,0,154.695,154.695
C01269,4,357.3,349.17,258.9,98.4,229.4,2.267,0.954,12,30,Semi-Urban,Residential,0,313.04,313.04
C01474,5,182.59,177.91,117.51,65.08,226.65,1.225,0.914,8,30,Semi-Urban,Residential,0,181.08,178.125
C01416,2,166.45,194.71,118.66,47.79,234.33,1.115,0.884,6,30,Semi-Urban,Residential,0,194.71,194.71
C00149,1,1706.45,,1176.04,530.4,225.11,11.627,0.906,13,28,Rural,Industrial,0,,
C00407,2,272.65,232.74,169.35,103.3,227.59,1.79,0.929,14,29,Urban,Residential,0,232.74,232.74
C00137,2,231.4,236.52,150.29,81.1,227.22,1.52,0.931,10,29,Semi-Urban,Residential,0,236.52,236.52
C01205,5,639.52,766.41,397.43,242.09,227.23,4.162,0.939,8,29,Urban,Commercial,0,627.6933333333333,604.01
C00570,1,156.89,,105.53,51.36,227.65,1.041,,8,30,Rural,Residential,0,,
C00391,2,266.56,198.93,195.86,70.7,232.82,1.766,0.9,6,30,Urban,Residential,0,198.93,198.93
C01352,2,388.11,449.01,215.21,172.9,233.23,2.352,0.982,0,30,Semi-Urban,Commercial,0,449.01,449.01
C00528,6,203.51,172.25,121.65,81.86,241.94,1.264,0.924,5,30,Urban,Residential,0,199.77666666666664,181.696
C01348,2,178.41,159.5,116.68,61.74,226.67,1.269,0.862,8,29,Rural,Residential,0,159.5,159.5
C01086,4,1039.12,1156.08,700.68,338.44,228.35,7.051,0.896,12,29,Semi-Urban,Commercial,0,1006.6533333333333,1006.6533333333333
C00211,5,193.16,228.18,119.91,73.26,234.09,1.333,0.859,11,29,Urban,Residential,0,180.66333333333333,184.63
C00848,5,307.98,310.96,189.56,118.42,230.91,1.981,0.935,5,28,Urban,Residential,0,334.3933333333334,325.8725
C00866,5,535.82,551.52,377.37,158.45,229.17,,0.905,10,28,Semi-Urban,Commercial,0,470.4266666666667,460.78999999999996
C00742,4,367.46,274.4,227.43,140.03,,2.529,0.886,14,29,Urban,Residential,0,278.84666666666664,278.84666666666664
C00825,2,3570.79,3344.99,2614.24,956.54,229.44,23.297,0.928,15,30,Rural,Industrial,0,3344.99,3344.99
C00675,2,551.02,587.1,339.28,211.73,235.51,3.282,0.99,8,29,Rural,Commercial,0,587.1,587.1
C01296,6,5088.61,4729.97,3805.31,1283.29,230.86,32.991,0.928,10,30,Urban,Industrial,0,4289.663333333334,4026.142
C01162,2,401.57,428.96,221.26,180.3,234.51,2.595,0.917,0,29,Semi-Urban,Commercial,0,428.96,428.96
C00205,5,2598.14,2833.33,1534.09,1064.06,232.94,18.128,0.855,14,29,Semi-Urban,Industrial,0,1912.3333333333333,1917.5974999999999
C00984,3,223.48,266.0,131.13,92.35,232.87,1.428,0.933,16,30,Urban,Residential,0,245.32,245.32
C00922,6,496.33,439.46,330.77,165.56,235.59,3.037,0.963,0,30,Rural,Commercial,0,475.55999999999995,441.50999999999993
C00857,6,347.19,382.99,214.97,132.22,234.32,2.166,0.95,1,28,Semi-Urban,Residential,0,353.94666666666666,329.11199999999997
C00009,5,278.25,323.43,197.09,81.16,235.79,1.722,0.952,12,30,Urban,Residential,0,247.83,250.99
C01303,4,168.28,127.7,100.95,67.33,224.8,1.101,0.944,15,30,Urban,Residential,0,141.1,141.1
C01165,2,189.89,182.84,114.41,75.48,227.35,1.172,0.99,9,29,Urban,Residential,0,182.84,182.84
C00027,4,418.44,377.48,284.0,134.44,229.01,2.609,0.973,0,30,Semi-Urban,Residential,0,336.37666666666667,336.37666666666667
C01020,6,265.71,252.07,150.28,115.43,217.05,2.549,0.667,15,30,Semi-Urban,Residential,1,223.04333333333332,229.47400000000002
C00265,4,2483.57,2211.7,1387.43,1096.14,228.31,15.783,0.957,19,30,Urban,Industrial,0,1923.07,1923.07
C00265,6,1800.29,2225.43,541.04,1259.26,232.7,15.243,0.705,19,15,Urban,Industrial,1,2306.9,2095.642
C00938,6,802.35,850.3,503.04,299.31,224.99,5.277,0.939,10,30,Semi-Urban,Commercial,0,781.6533333333333,715.612
C00893,6,303.93,267.05,170.41,133.52,234.56,2.082,0.864,13,28,Urban,Residential,0,260.58,208.804
C01040,4,379.82,318.87,274.5,105.32,238.83,2.463,0.897,1,30,Urban,Residential,0,297.87,297.87
C00644,1,92.37,,65.91,26.47,220.13,0.643,0.907,8,30,Urban,Residential,0,,
C01317,2,906.48,920.85,600.63,305.85,237.64,6.146,0.862,5,28,Semi-Urban,Commercial,0,920.85,920.85
C00907,1,238.79,,139.04,99.75,227.63,1.697,0.859,17,30,Semi-Urban,Residential,0,,
C00472,3,289.41,303.45,212.99,76.41,217.41,1.983,0.932,4,30,Rural,Residential,0,297.40999999999997,297.40999999999997
C00073,5,197.51,199.62,122.6,74.91,227.76,1.25,0.964,8,29,Semi-Urban,Residential,0,140.32333333333335,154.7225
C01454,1,194.61,,111.98,82.63,233.56,1.24,0.933,4,30,Rural,Residential,0,,
C00647,3,1139.57,1154.82,672.28,467.29,230.54,7.655,0.897,3,28,Rural,Commercial,0,1055.275,1055.275
C00265,5,2225.43,2483.57,1650.83,574.6,226.2,14.493,0.943,19,30,Urban,Industrial,0,2201.07,2063.195
C00464,3,58.87,319.18,39.12,19.75,226.8,0.388,0.928,15,30,Urban,Residential,1,292.845,292.845
C01339,6,134.31,151.95,88.55,45.76,233.97,0.811,0.983,12,29,Semi-Urban,Residential,0,139.64,127.97999999999999
C01216,1,3126.59,,1968.45,1158.15,230.71,20.552,0.916,4,30,Semi-Urban,Industrial,0,,
C01212,4,266.56,225.4,190.58,75.99,219.84,1.865,0.903,8,30,Urban,Residential,0,188.20000000000002,188.20000000000002
C00788,6,227.72,239.55,168.32,59.41,238.26,1.512,0.878,4,30,Urban,Residential,0,219.99,202.38400000000001
C00163,2,197.39,187.7,115.23,82.16,231.86,1.258,0.94,6,30,Semi-Urban,Residential,0,187.7,187.7
C00207,3,99.18,264.54,67.94,31.24,232.67,0.706,0.838,17,28,Semi-Urban,Residential,1,254.395,254.395
C00492,6,340.91,363.87,232.16,108.76,227.05,2.277,0.916,5,28,Urban,Residential,0,334.76,320.934
C00391,3,297.76,266.56,198.14,99.62,228.16,2.012,0.901,6,29,Urban,Residential,0,232.745,232.745
C00989,2,107.98,107.44,75.25,32.74,220.69,0.699,0.973,0,28,Semi-Urban,Residential,0,107.44,107.44
C00360,5,147.16,146.1,90.57,56.59,232.32,,0.943,2,30,Rural,Residential,0,124.79333333333334,121.625
C01234,6,204.1,207.64,123.06,81.04,224.75,1.333,0.946,5,28,Urban,Residential,0,178.01333333333332,167.02
C00250,4,2222.14,1410.4,1641.82,580.32,228.85,15.185,0.888,13,30,Urban,Industrial,0,1561.8233333333335,1561.8233333333335
C00758,4,5413.43,4262.86,3163.45,2249.98,223.04,35.737,0.943,9,28,Urban,Industrial,0,3997.8199999999997,3997.8199999999997
C00710,4,1044.84,780.8,644.14,400.7,233.26,6.824,0.912,19,30,Semi-Urban,Commercial,0,679.7233333333334,679.7233333333334
C00404,5,230.04,140.24,150.52,79.52,223.12,1.584,0.904,3,30,Semi-Urban,Residential,0,146.11666666666667,153.57750000000001
C00865,2,724.92,657.08,527.56,197.36,230.95,4.517,0.965,7,30,Urban,Commercial,0,657.08,657.08
C00060,4,753.38,646.97,496.74,256.65,229.16,4.823,0.947,14,30,Urban,Commercial,0,628.3133333333334,628.3133333333334
C00874,5,241.13,244.43,153.33,87.8,220.0,1.644,0.926,13,30,Urban,Residential,0,239.9666666666667,234.79000000000002
C01083,3,505.2,320.34,317.49,187.71,236.96,3.35,0.884,1,30,Urban,Residential,0,290.39,290.39
C01392,2,138.55,92.09,82.84,55.72,228.04,0.929,0.908,19,29,Semi-Urban,Residential,0,92.09,92.09
C00349,5,4094.47,3885.97,2693.98,1400.49,235.36,26.836,0.9,6,29,Semi-Urban,Industrial,0,3461.24,3301.4925
C00336,6,4401.07,5586.29,2938.25,1462.82,232.04,29.276,0.9,8,29,Semi-Urban,Industrial,0,4613.953333333334,4183.7080000000005
C01362,1,180.3,,107.86,72.44,232.02,1.149,0.939,6,30,Urban,Residential,0,,
C01202,2,186.97,183.47,107.03,79.94,234.11,1.275,0.87,10,30,Rural,Residential,0,183.47,183.47
C00032,2,211.93,199.44,138.82,73.11,225.15,1.388,0.942,13,30,Semi-Urban,Residential,0,199.44,199.44
C00978,2,771.19,641.98,516.35,254.84,232.77,4.891,0.941,3,29,Urban,Commercial,0,641.98,641.98
C00610,2,524.31,488.79,388.77,135.54,231.3,3.255,0.967,17,29,Urban,Commercial,0,488.79,488.79
C00572,1,326.11,,220.62,105.49,222.76,2.401,0.847,1,30,Semi-Urban,Residential,0,,
C00973,5,368.64,331.95,258.36,110.27,224.78,2.568,0.887,4,30,Semi-Urban,Residential,0,301.3433333333333,284.565
C00231,2,469.28,509.12,264.48,204.8,232.19,3.154,0.89,17,28,Urban,Commercial,0,509.12,509.12
C01259,3,177.71,162.97,124.91,52.79,232.22,1.161,0.916,2,29,Semi-Urban,Residential,0,166.825,166.825
C00069,6,299.64,361.92,216.43,83.21,231.95,2.06,0.871,10,30,Urban,Residential,0,329.1933333333333,300.64
C00840,4,1075.68,997.16,614.4,461.29,226.54,7.295,0.904,4,29,Semi-Urban,Commercial,0,930.9200000000001,930.9200000000001
C00817,2,203.02,234.16,121.91,81.11,221.44,1.378,0.924,10,30,Semi-Urban,Residential,0,234.16,234.16
C00557,1,286.5,,203.35,83.15,220.81,1.846,0.976,10,30,Semi-Urban,Residential,0,,
C00602,1,156.46,,94.19,62.26,232.19,1.005,0.931,12,30,Semi-Urban,Residential,0,,
C00530,2,261.34,285.17,185.7,75.64,228.39,1.754,0.906,8,30,Urban,Residential,0,285.17,285.17
C01201,2,146.09,138.97,81.77,64.32,223.42,,0.909,7,30,Urban,Residential,0,138.97,138.97
C01464,1,145.3,,87.73,57.58,231.24,0.947,0.922,17,28,Semi-Urban,Residential,0,,
C01054,6,223.65,242.34,147.81,75.84,235.29,1.357,0.973,6,28,Rural,Residential,0,224.66333333333333,205.56
C00043,5,152.13,176.36,106.75,45.38,230.64,0.952,0.963,17,30,Urban,Residential,0,152.23333333333335,145.985
C00289,3,236.64,230.75,144.86,91.78,213.12,1.71,0.902,15,30,Urban,Residential,0,220.695,220.695
C00034,3,166.54,154.62,96.67,69.87,227.33,1.178,0.864,2,30,Semi-Urban,Residential,0,170.805,170.805
C00373,4,310.06,276.6,179.65,130.41,224.63,1.962,0.977,12,29,Semi-Urban,Residential,0,265.6566666666667,265.6566666666667
C00791,4,1160.19,964.8,830.12,330.07,225.92,7.205,0.99,1,29,Urban,Commercial,0,851.7966666666666,851.7966666666666
C00295,4,178.01,142.29,99.33,78.68,,1.148,0.951,18,30,Urban,Residential,0,136.98,136.98
C00707,1,810.22,,582.2,228.02,231.16,5.329,0.913,3,28,Semi-Urban,Commercial,0,,
C01179,6,957.8,1074.79,679.35,278.45,229.66,6.702,0.864,5,29,Urban,Commercial,0,999.9399999999999,924.3380000000001
C00263,1,445.36,,289.63,155.74,224.59,3.136,0.878,11,30,Urban,Commercial,0,,
C00005,1,298.58,,216.92,81.65,230.31,1.915,0.94,2,28,Rural,Residential,0,,
C01332,1,724.31,,415.58,308.72,230.97,4.745,0.918,12,30,Rural,Commercial,0,,
C00182,3,166.88,153.49,120.52,46.36,236.75,1.063,0.921,1,30,Rural,Residential,0,157.585,157.585
C00780,1,264.57,,178.41,86.16,227.89,1.71,0.943,13,30,Urban,Residential,0,,
C00450,1,219.07,,129.27,89.8,234.12,1.394,0.932,16,29,Rural,Residential,0,,
C01025,5,2580.64,2594.44,1728.53,852.11,234.03,17.581,0.871,0,30,Urban,Industrial,0,2310.22,2226.56
C00567,3,166.3,144.69,93.19,73.11,233.42,1.138,0.87,10,29,Urban,Residential,0,149.63,149.63
C00594,2,146.87,129.4,83.82,63.05,232.44,0.95,0.924,15,28,Semi-Urban,Residential,0,129.4,129.4
C01379,3,342.78,117.17,244.44,98.34,238.55,2.032,0.982,0,28,Rural,Residential,0,199.88500000000002,199.88500000000002
C00474,4,308.8,251.39,230.1,78.71,227.61,2.178,0.865,17,30,Semi-Urban,Residential,0,223.37,223.37
C00386,2,168.08,160.62,101.77,66.32,230.45,1.056,0.959,11,30,Urban,Residential,0,160.62,160.62
C01403,1,178.44,,110.52,67.91,228.93,1.186,0.913,4,30,Urban,Residential,0,,
C00540,1,147.56,,83.93,63.63,230.07,0.917,0.971,16,30,Urban,Residential,0,,
C00693,1,296.56,,172.52,124.04,228.42,2.049,0.88,1,28,Semi-Urban,Residential,0,,
C00219,2,149.36,162.62,103.89,45.47,227.52,0.952,0.958,9,28,Semi-Urban,Residential,0,162.62,162.62
C00116,6,3212.83,3926.5,2173.08,1039.75,242.32,19.736,0.933,2,30,Rural,Industrial,0,3565.99,3221.154
C00904,2,281.1,286.68,172.67,108.42,228.99,1.851,0.921,3,30,Semi-Urban,Residential,0,286.68,286.68
C00626,3,218.76,204.25,155.37,63.38,231.03,1.405,0.936,6,30,Urban,Residential,0,206.45,206.45
C00205,4,2833.33,938.08,2105.76,727.57,220.12,,0.987,14,30,Semi-Urban,Industrial,0,1612.3533333333335,1612.3533333333335
C00334,2,1104.37,1154.95,674.14,430.22,231.09,7.495,0.886,8,30,Rural,Commercial,0,1154.95,1154.95
C00047,1,375.41,,228.99,146.42,221.97,2.47,0.951,8,30,Semi-Urban,Commercial,0,,
C00917,1,236.37,,131.66,104.71,232.75,1.757,0.803,16,28,Urban,Residential,0,,
C00958,6,342.91,294.77,201.15,141.77,225.22,2.436,0.868,2,29,Urban,Residential,0,293.5333333333333,273.088
C01305,4,484.56,513.03,276.95,207.61,216.83,3.283,0.946,13,30,Urban,Commercial,0,457.1666666666667,457.1666666666667
C00607,2,174.28,146.93,105.26,69.02,223.44,1.242,0.873,18,30,Urban,Residential,0,146.93,146.93
C01117,5,216.5,202.88,138.17,78.34,227.82,1.58,0.835,8,28,Urban,Residential,0,187.75666666666666,181.39
C00797,3,3985.25,4143.51,2780.97,1204.29,233.32,25.594,0.927,3,30,Urban,Industrial,0,4084.41,4084.41
C01462,4,230.44,214.44,154.86,75.58,224.17,1.563,0.914,3,30,Semi-Urban,Residential,0,210.21333333333334,210.21333333333334
C00687,2,213.15,253.71,155.1,58.05,236.53,1.453,0.861,17,30,Urban,Residential,0,253.71,253.71
C00952,3,122.83,115.62,87.58,35.25,235.18,0.799,0.908,6,29,Urban,Residential,0,119.095,119.095
C00190,4,223.32,192.17,157.32,66.0,225.56,1.553,0.886,9,29,Urban,Residential,0,168.45333333333335,168.45333333333335
C00462,2,1121.15,1035.94,621.22,499.92,232.93,7.037,0.95,6,30,Urban,Commercial,0,1035.94,1035.94
C01107,4,198.05,211.88,142.95,55.1,231.4,1.26,0.943,13,28,Urban,Residential,0,203.03333333333333,203.03333333333333
C01042,3,1302.24,1265.88,975.21,327.02,228.27,8.127,0.975,7,28,Urban,Commercial,0,1180.555,1180.555
C00158,1,236.08,,149.45,86.63,233.8,1.491,0.941,4,30,Urban,Residential,0,,
C01036,5,625.99,1565.9,461.37,164.62,228.81,3.946,0.963,15,30,Urban,Commercial,0,1257.3033333333333,1169.77
C01328,3,230.93,228.68,145.27,85.65,224.24,1.686,0.848,9,30,Semi-Urban,Residential,0,221.99,221.99
C00823,4,312.91,328.3,191.55,121.37,222.87,2.075,0.94,4,30,Semi-Urban,Residential,0,290.63000000000005,290.63000000000005
C00656,6,1166.27,1328.01,672.65,493.61,227.72,7.417,0.959,3,30,Urban,Commercial,0,1248.4733333333334,1094.208
C00942,4,2235.14,1816.81,1520.49,714.65,234.46,15.018,0.882,7,30,Semi-Urban,Industrial,0,1714.76,1714.76
C00398,3,229.54,225.85,166.34,63.21,226.23,1.626,0.866,3,28,Urban,Residential,0,224.315,224.315
C00020,2,1252.73,1116.22,898.19,354.54,226.89,8.49,0.903,11,30,Urban,Commercial,0,1116.22,1116.22
C01153,3,3996.73,3443.97,2360.0,1636.73,230.23,24.737,0.975,0,30,Semi-Urban,Industrial,0,3555.895,3555.895
C01189,6,176.99,226.68,124.41,52.58,234.65,1.281,0.818,12,29,Semi-Urban,Residential,0,226.9333333333333,199.036
C00520,6,352.67,401.56,221.3,131.36,236.25,2.287,0.906,16,30,Semi-Urban,Residential,0,338.0333333333333,319.32599999999996
C00710,5,1091.33,1044.84,798.58,292.75,219.55,7.599,0.909,19,29,Semi-Urban,Commercial,0,816.17,771.0024999999999
C01345,2,138.37,153.5,96.61,41.76,228.53,0.916,0.918,19,29,Urban,Residential,0,153.5,153.5
C01187,1,827.14,,525.86,301.28,223.84,5.184,0.99,2,29,Semi-Urban,Commercial,0,,
C00470,6,310.95,363.01,215.15,95.8,226.92,1.995,0.954,14,30,Urban,Residential,0,322.8,289.274
C00638,1,302.37,,192.84,109.53,232.67,1.875,0.963,14,30,Urban,Residential,0,,
C01463,5,329.37,297.39,211.49,117.87,222.74,2.228,0.922,7,30,Rural,Residential,0,295.37666666666667,284.81
C00784,2,190.06,245.9,134.4,55.66,234.08,1.243,0.907,19,29,Urban,Residential,0,245.9,245.9
C01320,6,180.46,175.01,133.43,47.03,231.47,1.142,0.948,17,29,Semi-Urban,Residential,0,156.31,143.098
C00634,5,1601.88,1394.15,966.51,635.36,231.09,10.394,0.926,7,29,Semi-Urban,Commercial,0,1174.8266666666666,1154.9650000000001
C00590,3,157.81,157.14,100.14,57.67,222.81,1.054,0.933,10,30,Urban,Residential,0,150.52999999999997,150.52999999999997
C00638,4,407.03,296.08,234.12,172.9,230.9,2.81,0.871,14,30,Urban,Residential,0,301.13,301.13
C01241,3,820.09,590.24,493.84,326.25,228.28,5.674,0.879,15,30,Semi-Urban,Commercial,0,634.2850000000001,634.2850000000001
C01230,1,527.06,,295.52,231.54,232.28,3.649,0.864,14,30,Semi-Urban,Commercial,0,,
C00802,5,1105.61,691.11,354.41,751.19,226.44,8.092,0.838,8,29,Urban,Commercial,1,809.5533333333333,796.5525
C00325,3,263.87,256.29,147.19,116.68,224.39,1.895,0.862,6,29,Urban,Residential,0,246.97500000000002,246.97500000000002
C01061,3,446.02,634.68,246.11,199.9,227.65,3.135,0.868,15,30,Rural,Commercial,1,666.135,666.135
C00966,5,163.33,171.06,121.1,42.23,232.08,1.111,0.88,11,30,Urban,Residential,0,152.62,144.54000000000002
C00890,2,128.25,144.17,76.03,52.22,226.93,0.904,0.869,0,28,Rural,Residential,0,144.17,144.17
C00582,3,3703.59,3743.35,2213.15,1490.44,230.52,22.54,0.99,3,30,Rural,Industrial,0,3695.26,3695.26
C00269,3,233.67,198.76,148.66,85.01,230.64,1.531,0.919,10,29,Semi-Urban,Residential,0,215.33999999999997,215.33999999999997
C01007,5,257.01,269.38,149.29,107.72,227.77,1.696,0.924,11,28,Semi-Urban,Residential,0,234.50666666666666,237.115
C01351,3,305.89,255.76,206.41,99.47,225.52,1.976,0.953,9,30,Urban,Residential,0,278.97,278.97
C00780,4,393.9,339.85,267.1,126.8,233.99,2.415,0.968,13,30,Urban,Residential,0,298.8433333333333,298.8433333333333
C00827,4,1114.87,1139.81,742.02,372.85,235.04,6.966,0.946,2,30,Urban,Commercial,0,1104.6833333333334,1104.6833333333334
C01388,4,309.65,336.41,190.38,119.28,236.11,1.897,0.96,6,29,Urban,Residential,0,298.98,298.98
C00794,4,300.87,237.42,212.89,87.98,230.32,1.896,0.957,10,28,Urban,Residential,0,232.78666666666666,232.78666666666666
C00366,5,5611.57,6182.31,2055.64,3555.93,233.1,36.74,0.91,7,29,Urban,Industrial,1,5169.566666666667,5226.110000000001
C01082,1,522.45,,303.46,218.99,225.41,3.415,0.943,9,30,Urban,Commercial,0,,
C00853,2,3380.03,3331.77,2441.22,938.81,231.38,21.857,0.928,15,30,Semi-Urban,Industrial,0,3331.77,3331.77
C00093,6,151.21,146.66,105.03,46.18,228.06,0.984,0.936,8,30,Rural,Residential,0,149.48666666666668,136.966
C01090,2,491.69,532.02,326.95,164.74,227.33,3.378,0.889,18,30,Urban,Commercial,0,532.02,532.02
C01258,4,2352.32,2159.79,1393.57,958.75,243.43,13.809,0.972,16,30,Rural,Industrial,0,2283.53,2283.53
C00202,2,990.82,1039.02,712.99,277.83,228.86,6.814,0.882,3,29,Semi-Urban,Commercial,0,1039.02,1039.02
C00952,6,132.2,160.48,89.3,42.9,233.3,0.872,0.903,6,30,Urban,Residential,0,140.71333333333334,132.066
C00989,1,107.44,,60.59,46.85,229.47,0.725,0.897,0,29,Semi-Urban,Residential,0,,
C00252,5,782.23,751.35,582.3,199.93,228.66,5.086,0.934,3,28,Urban,Commercial,0,646.12,671.7925
C00639,2,248.73,232.79,156.63,92.1,228.52,1.639,0.922,9,30,Urban,Residential,0,232.79,232.79
C00623,1,282.71,,179.78,102.94,233.22,1.882,0.894,1,28,Semi-Urban,Residential,0,,
C01076,4,1122.58,1160.48,784.25,338.33,226.5,7.224,0.953,13,30,Rural,Commercial,0,1100.0266666666666,1100.0266666666666
C00536,2,251.49,262.49,173.11,78.38,233.02,1.526,0.982,18,30,Semi-Urban,Residential,0,262.49,262.49
C00606,1,180.3,,133.67,46.63,234.25,1.198,0.892,1,30,Urban,Residential,0,,
C01127,3,363.58,338.43,237.79,125.79,228.4,2.382,0.928,16,30,Urban,Residential,0,303.08000000000004,303.08000000000004
C01136,5,356.68,316.15,257.23,99.44,233.14,2.209,0.962,16,28,Rural,Residential,0,297.49,302.4325
C00045,3,277.94,210.55,159.15,118.8,221.88,1.878,0.926,12,28,Rural,Residential,0,223.3,223.3
C00191,1,766.7,,435.2,331.5,230.44,4.985,0.927,16,30,Rural,Commercial,0,,
C00528,1,138.18,,92.4,45.78,224.52,0.98,0.872,5,30,Urban,Residential,0,,
C01173,2,1972.49,2055.74,1361.65,610.84,236.18,12.675,0.915,16,28,Semi-Urban,Industrial,0,2055.74,2055.74
C00622,5,359.52,377.0,198.47,161.06,228.56,2.61,0.837,10,28,Urban,Residential,0,317.6566666666667,312.5725
C00319,2,3881.45,3666.09,2467.99,1413.46,228.73,23.933,0.985,15,30,Urban,Industrial,0,3666.09,3666.09
C01397,1,127.29,,82.01,45.28,228.24,0.804,0.963,14,30,Urban,Residential,0,,
C00444,3,384.53,298.85,277.61,106.92,,2.541,0.925,8,30,Semi-Urban,Commercial,0,329.745,329.745
C00110,3,188.93,159.22,141.2,47.74,236.96,1.187,0.933,18,29,Urban,Residential,0,173.33499999999998,173.33499999999998
C01186,4,337.77,293.92,234.93,102.83,226.22,2.354,0.881,9,28,Rural,Residential,0,320.29,320.29
C01059,4,323.97,355.37,184.99,138.98,229.75,2.125,0.922,19,29,Urban,Residential,0,288.56333333333333,288.56333333333333
C00167,3,243.13,231.87,135.3,107.84,233.56,1.606,0.9,18,30,Rural,Residential,0,252.285,252.285
C01114,3,761.82,1427.81,491.93,269.9,239.93,4.455,0.99,2,30,Urban,Industrial,0,1438.3,1438.3
C00473,3,237.02,175.75,134.8,102.23,226.31,1.643,0.885,8,30,Semi-Urban,Residential,0,187.12,187.12
C01382,2,298.93,284.48,184.08,114.86,230.63,2.018,0.892,1,30,Rural,Residential,0,284.48,284.48
C00207,2,264.54,244.25,159.72,104.82,225.5,1.857,0.877,17,30,Semi-Urban,Residential,0,244.25,244.25
C00359,4,3816.01,2666.5,2473.22,1342.79,225.89,25.322,0.927,16,30,Semi-Urban,Industrial,0,2928.7533333333336,2928.7533333333336
C01071,2,252.6,254.65,154.59,98.01,223.93,1.637,0.957,18,29,Urban,Residential,0,254.65,254.65
C01372,4,212.06,165.79,150.77,61.29,226.97,1.331,0.975,4,30,Rural,Residential,0,149.12333333333333,149.12333333333333
C00849,4,352.94,329.62,211.81,141.13,219.03,2.495,0.897,9,29,Semi-Urban,Residential,0,295.32666666666665,295.32666666666665
C00365,3,151.63,130.46,103.92,47.71,227.21,0.979,0.947,1,29,Semi-Urban,Residential,0,129.24,129.24
C00190,1,161.86,,93.12,68.74,222.52,1.045,0.966,9,29,Urban,Residential,0,,
C00835,1,4258.78,,2684.84,1573.94,229.9,28.225,0.912,3,30,Rural,Industrial,0,,
C00218,2,649.91,696.49,431.43,218.48,231.65,4.179,0.933,19,29,Urban,Commercial,0,696.49,696.49
C00272,2,261.03,277.2,170.18,90.84,227.18,1.809,0.882,15,30,Urban,Residential,0,277.2,277.2
C01063,4,173.56,200.88,121.8,51.77,239.99,1.158,0.868,3,30,Semi-Urban,Residential,0,167.73666666666665,167.73666666666665
C00254,5,683.77,687.16,472.54,211.23,235.34,4.635,0.871,17,30,Urban,Commercial,0,608.91,556.6324999999999
C01479,3,3507.56,4021.73,2151.5,1356.06,234.39,22.68,0.916,9,30,Semi-Urban,Industrial,0,3549.505,3549.505
C00060,5,770.81,753.38,454.86,315.94,236.83,5.101,0.886,14,29,Urban,Commercial,0,668.0033333333333,659.5799999999999
C00024,1,116.76,,75.44,41.32,229.92,0.729,0.968,17,30,Semi-Urban,Residential,0,,
C00050,6,1453.45,1267.36,833.16,620.29,232.8,9.548,0.908,7,30,Rural,Commercial,0,930.8966666666665,980.768
C00260,3,247.18,229.88,154.4,92.77,234.94,1.557,0.938,8,30,Semi-Urban,Residential,0,228.38,228.38
C00850,6,2265.38,2129.26,1275.03,990.36,223.2,15.059,0.936,5,30,Urban,Industrial,0,2280.9633333333336,2241.532
C00064,5,240.4,183.1,136.62,103.79,234.04,1.619,0.881,1,28,Semi-Urban,Residential,0,173.22666666666666,170.23
C01142,1,133.87,,79.91,53.96,233.69,0.911,0.874,10,30,Rural,Residential,0,,
C00941,3,129.79,153.72,50.67,79.12,215.45,0.966,0.866,6,30,Urban,Residential,1,152.68,152.68
C00810,4,263.13,235.62,185.14,78.0,233.41,1.63,0.96,7,28,Rural,Residential,0,241.01,241.01
C01311,3,243.99,225.01,164.2,79.79,237.77,1.696,0.84,19,30,Urban,Residential,0,208.6,208.6
C01197,5,4669.3,5170.09,2964.2,1705.1,230.79,34.854,0.806,0,30,Urban,Industrial,0,4266.5,4161.365
C01204,5,240.03,308.56,165.0,75.03,226.66,1.702,0.864,16,30,Urban,Residential,0,252.14000000000001,249.8025
C01333,2,258.4,312.47,180.32,78.08,234.6,1.611,0.95,16,29,Urban,Residential,0,312.47,312.47
C01138,2,3281.59,3253.55,1985.19,1296.4,230.42,19.98,0.99,17,29,Urban,Industrial,0,3253.55,3253.55
C00958,3,259.9,241.76,161.83,98.07,221.59,1.767,0.922,2,30,Urban,Residential,0,242.42000000000002,242.42000000000002
C01475,6,165.59,120.49,101.03,64.57,227.09,1.088,0.931,6,29,Urban,Residential,0,134.69333333333333,119.208
C00454,4,214.77,198.27,148.66,66.12,234.83,1.407,0.903,18,30,Semi-Urban,Residential,0,181.19000000000003,181.19000000000003
C00323,1,308.5,,186.54,121.96,225.97,2.048,0.926,0,29,Semi-Urban,Residential,0,,
C01133,5,303.74,335.3,179.67,124.06,230.66,2.037,0.898,15,28,Semi-Urban,Residential,0,255.03666666666666,261.6
C00540,3,144.38,155.12,95.38,48.99,238.63,0.902,0.932,16,30,Urban,Residential,0,151.34,151.34
C00524,3,624.82,519.49,357.89,266.93,233.73,3.99,0.931,18,29,Urban,Commercial,0,507.235,507.235
C00694,6,299.44,356.67,186.73,112.71,233.66,1.951,0.912,11,30,Semi-Urban,Residential,0,343.53000000000003,325.098
C01497,6,3869.34,3349.58,2878.03,991.31,233.01,25.666,,13,30,Urban,Industrial,0,3584.7533333333336,3399.994
C00635,4,176.27,155.22,105.68,70.59,230.97,1.187,0.893,10,30,Rural,Residential,0,135.62,135.62
C01428,5,318.21,326.27,199.29,118.92,227.56,1.975,0.983,8,28,Rural,Residential,0,274.34999999999997,267.9225
C00946,1,127.34,,90.2,37.15,232.61,0.789,0.963,0,30,Semi-Urban,Residential,0,,
C00693,3,238.4,280.69,168.49,69.91,221.32,1.583,0.945,1,20,Semi-Urban,Residential,1,288.625,288.625
C00696,3,913.42,884.92,659.66,253.77,230.13,5.67,0.972,12,30,Rural,Commercial,0,924.125,924.125
C00133,5,416.49,430.7,250.84,165.65,228.02,2.646,0.959,7,30,Urban,Residential,0,357.65333333333336,341.8125
C00403,5,1369.46,1504.98,837.11,532.35,231.08,9.367,0.879,4,30,Urban,Commercial,0,1234.8333333333333,1179.615
C00131,6,178.73,193.55,100.22,78.51,233.02,1.152,0.924,7,28,Urban,Residential,0,159.88666666666666,149.458
C00527,3,286.61,245.53,168.04,118.58,227.27,1.901,0.922,7,29,Semi-Urban,Residential,0,248.74,248.74
C00021,4,252.67,212.5,177.33,75.35,233.46,1.547,0.971,2,30,Semi-Urban,Residential,0,186.42666666666665,186.42666666666665
C00363,1,137.04,,84.33,52.72,223.35,0.98,0.87,6,29,Urban,Residential,0,,
C01191,6,150.96,165.13,110.58,40.38,234.68,0.977,0.915,8,29,Semi-Urban,Residential,0,145.51333333333332,125.332
C01181,5,233.8,289.82,163.55,70.25,235.56,1.541,0.894,10,29,Semi-Urban,Residential,0,252.59,245.925
C01401,2,123.49,144.01,75.7,47.78,230.15,0.799,0.933,17,30,Semi-Urban,Residential,0,144.01,144.01
C00724,3,159.06,117.43,88.79,70.27,236.4,1.054,0.886,0,28,Semi-Urban,Residential,0,125.96000000000001,125.96000000000001
C00152,5,230.09,333.29,158.21,71.88,220.35,1.566,0.926,17,30,Semi-Urban,Residential,0,280.0833333333333,261.84000000000003
C00385,6,660.04,680.24,428.03,232.01,229.17,4.366,0.916,0,28,Urban,Commercial,0,627.1899999999999,599.3340000000001
C01456,1,129.06,,81.29,47.77,223.23,0.855,0.939,19,29,Semi-Urban,Residential,0,,
C00606,5,248.89,234.93,185.0,63.89,225.52,1.786,0.858,1,28,Urban,Residential,0,205.85333333333335,199.465
C00210,4,1037.69,1292.51,650.47,387.23,227.6,7.494,0.845,6,29,Urban,Commercial,0,1030.3266666666666,1030.3266666666666
C00744,1,137.19,,77.7,59.49,227.85,0.845,0.99,1,28,Urban,Residential,0,,
C00197,3,63.3,233.1,40.58,22.72,230.1,0.43,0.889,11,28,Urban,Residential,1,244.84499999999997,244.84499999999997
C00776,3,324.29,105.94,229.04,95.25,227.14,2.265,0.875,12,30,Urban,Residential,0,187.41,187.41
C00609,3,277.45,260.16,159.77,117.67,223.61,1.867,0.923,19,30,Urban,Residential,0,270.89,270.89
C00074,5,281.2,240.91,173.12,108.08,228.63,1.775,0.962,9,29,Urban,Residential,0,212.73666666666668,210.1925
C01480,6,1091.33,1166.98,730.83,360.5,228.44,7.376,0.9,13,30,Rural,Commercial,0,1056.1633333333332,890.95
C00234,2,164.31,165.36,99.0,65.31,230.99,1.052,0.939,7,30,Urban,Residential,0,165.36,165.36
C00243,6,223.11,347.08,156.25,66.85,228.66,2.633,0.515,10,28,Rural,Residential,1,230.76999999999998,238.69799999999995
C01267,2,261.68,282.61,153.24,108.44,230.37,1.699,0.929,8,30,Rural,Residential,0,282.61,282.61
C00176,5,628.88,650.82,412.5,216.38,231.49,3.824,0.987,8,29,Rural,Commercial,0,533.0533333333334,528.625
C01220,3,316.98,274.59,225.86,91.12,222.3,2.194,0.903,19,29,Urban,Residential,0,291.235,291.235
C00546,6,338.76,333.04,245.73,93.03,221.57,2.385,0.89,9,30,Rural,Residential,0,320.1133333333334,295.846
C01264,4,347.29,248.12,221.21,126.08,221.52,2.345,0.928,10,30,Urban,Residential,0,249.36,249.36
C00617,4,369.51,329.35,217.69,151.82,224.29,2.468,0.927,3,29,Semi-Urban,Residential,0,325.3666666666667,325.3666666666667
C00627,4,327.79,137.55,182.39,145.39,233.19,2.088,0.935,9,30,Urban,Residential,0,203.15333333333334,203.15333333333334
C00155,6,255.54,266.28,169.86,85.68,222.26,1.717,0.93,18,30,Urban,Residential,0,259.2266666666667,246.598
C01168,6,394.33,384.2,234.29,160.04,236.31,2.68,0.865,15,28,Semi-Urban,Residential,0,358.98,330.18600000000004
C00305,6,219.01,208.83,151.8,67.21,234.7,1.523,0.851,19,30,Rural,Residential,0,209.84666666666666,207.42
C00489,1,113.2,,80.17,33.03,224.61,0.745,0.939,14,29,Urban,Residential,0,,
C00939,6,383.14,437.6,271.15,112.0,225.53,2.594,0.91,11,30,Rural,Residential,0,377.74333333333334,340.172
C00704,4,1309.7,884.68,834.33,475.36,224.93,8.314,0.973,4,29,Semi-Urban,Commercial,0,889.2033333333333,889.2033333333333
C00592,1,204.2,,130.27,73.94,229.23,1.333,0.928,12,30,Semi-Urban,Residential,0,,
C01326,4,2386.63,1757.51,1598.39,788.23,223.66,16.035,0.924,9,30,Semi-Urban,Industrial,0,1872.7,1872.7
C01097,5,299.59,318.82,213.34,86.25,234.17,1.985,0.895,8,29,Urban,Residential,0,219.5533333333333,226.45
C00336,2,3967.41,3109.27,2927.31,1040.1,234.47,,0.99,8,30,Semi-Urban,Industrial,0,3109.27,3109.27
C01249,6,194.41,212.04,116.69,77.72,224.7,1.3,0.924,9,30,Semi-Urban,Residential,0,210.48,205.796
C01205,2,541.44,532.96,332.6,208.84,238.31,3.305,0.955,8,29,Urban,Commercial,0,532.96,532.96
C00537,4,201.19,277.37,142.34,58.85,232.8,2.518,0.477,14,29,Rural,Residential,1,239.65333333333334,239.65333333333334
C00435,3,1198.92,781.51,897.03,301.89,,8.066,0.922,17,28,Semi-Urban,Commercial,0,797.4649999999999,797.4649999999999
C00545,1,806.26,,517.31,288.94,235.29,5.654,0.842,8,29,Urban,Commercial,0,,
C00822,3,266.62,232.52,148.61,118.01,233.99,1.738,0.91,2,28,Urban,Residential,0,237.87,237.87
C01246,5,3595.49,3464.13,2275.59,1319.9,223.74,24.678,0.904,19,30,Semi-Urban,Industrial,0,3030.3266666666664,2968.3575
C01098,2,105.84,114.93,77.4,28.44,222.4,0.785,0.842,9,28,Urban,Residential,0,114.93,114.93
C00002,1,624.94,,447.3,177.64,222.61,4.375,0.891,3,29,Urban,Commercial,0,,
C00497,5,647.15,618.39,448.62,198.53,228.05,4.365,0.903,18,28,Semi-Urban,Commercial,0,578.56,524.8725
C00561,2,108.21,125.29,77.76,30.45,229.08,0.735,0.892,10,29,Urban,Residential,0,125.29,125.29
C00796,5,1928.19,2477.68,1326.48,601.71,235.31,12.797,0.889,8,29,Rural,Industrial,0,2117.5666666666666,2079.2
C00324,6,250.56,286.57,169.17,81.39,229.89,1.64,0.923,9,29,Urban,Residential,0,263.0,232.954
C01006,3,518.13,406.56,337.38,180.75,231.24,3.399,0.916,0,29,Urban,Commercial,0,443.37,443.37
C00917,4,336.31,331.07,248.31,87.99,236.31,2.21,0.894,16,30,Urban,Residential,0,291.80333333333334,291.80333333333334
C00273,4,158.16,109.34,111.36,46.8,231.96,0.958,0.989,5,29,Semi-Urban,Residential,0,140.98,140.98
C00191,2,957.05,766.7,568.78,388.28,228.18,6.014,0.969,16,30,Rural,Commercial,0,766.7,766.7
C01265,6,129.8,153.47,87.07,42.72,232.65,0.875,0.886,8,29,Urban,Residential,0,139.55999999999997,128.006
C01057,6,318.82,295.03,187.5,131.32,230.68,2.232,0.86,19,30,Semi-Urban,Residential,0,234.26666666666665,247.07199999999997
C00346,1,212.87,,154.43,58.44,,1.516,0.852,5,28,Semi-Urban,Residential,0,,
C00523,3,204.97,144.46,138.79,66.18,248.01,1.245,0.922,5,30,Urban,Residential,0,140.875,140.875
C00861,1,291.82,,172.58,119.24,227.02,1.817,0.983,3,28,Semi-Urban,Residential,0,,
C01442,6,339.89,289.52,247.63,92.25,224.73,2.235,0.94,19,30,Rural,Residential,0,278.65000000000003,263.01
C01132,4,119.97,132.61,79.45,40.52,229.31,0.747,0.973,2,30,Semi-Urban,Residential,0,125.57666666666667,125.57666666666667
C00374,5,4699.56,4668.74,3261.0,1438.56,228.2,31.255,0.915,7,30,Rural,Industrial,0,4232.24,4035.2675
C00246,5,351.39,339.15,212.07,139.33,231.64,2.349,0.897,19,30,Urban,Residential,0,343.71333333333337,347.92
C01223,6,324.47,388.46,209.86,114.61,224.84,2.255,0.889,7,30,Urban,Residential,0,343.8433333333333,321.27599999999995
C00315,6,307.97,281.1,229.19,78.78,,1.927,0.951,12,29,Semi-Urban,Residential,0,289.42,274.358
C00573,4,4416.33,4490.99,2627.44,1788.89,233.83,29.543,0.888,0,30,Semi-Urban,Industrial,0,4072.153333333333,4072.153333333333
C01363,3,256.58,198.87,170.88,85.7,226.29,1.68,0.938,17,29,Semi-Urban,Residential,0,219.285,219.285
C01040,6,339.31,352.64,201.74,137.56,230.32,2.377,0.861,1,29,Urban,Residential,0,350.4433333333333,325.214
C00618,4,4713.58,4781.24,3490.67,1222.91,230.08,31.268,0.91,17,28,Urban,Industrial,0,4510.34,4510.34
C00337,6,333.54,343.37,206.85,126.7,236.14,2.308,0.85,7,29,Rural,Residential,0,312.30333333333334,284.788
C00671,1,253.28,,144.68,108.6,235.28,1.538,0.972,6,30,Rural,Residential,0,,
C01295,4,441.04,345.05,268.68,172.36,233.73,3.132,0.837,1,28,Semi-Urban,Residential,0,339.74333333333334,339.74333333333334
C01177,5,208.85,323.43,64.23,144.61,233.48,2.398,0.518,18,20,Semi-Urban,Residential,1,262.7966666666667,250.45749999999998
C01269,1,316.07,,181.89,134.18,240.31,1.989,0.918,12,30,Semi-Urban,Residential,0,,
C00444,1,360.64,,270.35,90.29,226.09,2.351,0.942,8,30,Semi-Urban,Commercial,0,,
C00189,3,310.81,242.68,214.51,96.3,224.28,2.122,,18,30,Semi-Urban,Residential,0,251.605,251.605
C00994,6,263.81,332.09,184.55,79.26,230.59,1.646,0.965,17,25,Urban,Commercial,1,294.6033333333333,457.95200000000006
C00304,2,912.63,819.33,553.33,359.29,221.48,5.948,0.962,6,28,Urban,Commercial,0,819.33,819.33
C01011,3,505.0,517.74,284.09,220.92,231.95,3.261,0.927,4,29,Semi-Urban,Commercial,0,551.0350000000001,551.0350000000001
C00720,5,401.26,367.1,235.05,166.21,236.06,2.518,0.938,5,30,Rural,Residential,0,353.2166666666667,339.65500000000003
C01447,6,3026.7,3717.68,1669.95,1356.74,228.07,20.078,0.918,15,30,Semi-Urban,Industrial,0,3317.463333333333,2985.714
C00691,5,216.58,217.13,128.53,88.05,230.5,1.318,0.99,4,29,Urban,Residential,0,173.1,169.4675
C00779,2,160.56,188.12,89.86,70.7,231.09,1.111,0.869,11,28,Rural,Residential,0,188.12,188.12
C00207,1,244.25,,158.11,86.13,224.63,1.742,0.867,17,30,Semi-Urban,Residential,0,,
C00913,5,302.48,324.13,218.91,83.57,237.03,1.986,0.893,2,30,Urban,Residential,0,280.25333333333333,266.4
C01483,5,314.13,278.38,172.96,141.17,219.05,2.021,0.985,16,28,Urban,Residential,0,255.95666666666668,247.6825
C00310,3,166.88,180.14,124.46,42.42,231.31,1.162,0.862,18,28,Rural,Residential,0,187.415,187.415
C00381,3,1115.46,870.79,714.99,400.47,229.8,8.198,0.822,18,28,Urban,Commercial,0,878.345,878.345
C01120,2,924.38,928.63,533.92,390.46,229.47,6.071,0.922,8,30,Rural,Commercial,0,928.63,928.63
C01404,6,1360.28,1248.53,987.48,372.81,229.88,8.33,0.987,14,30,Semi-Urban,Commercial,0,1100.2933333333333,1007.868
C00683,2,3306.77,2765.26,2122.28,1184.49,230.81,21.687,0.918,17,29,Urban,Industrial,0,2765.26,2765.26
C00956,6,368.31,295.34,266.8,101.52,233.41,2.279,0.962,6,29,Semi-Urban,Residential,0,323.2866666666667,292.098
C00867,5,300.75,303.63,198.12,102.63,220.74,1.952,0.969,16,29,Rural,Residential,0,272.97,261.6675
C00571,2,317.73,296.53,182.41,135.31,233.33,1.91,0.99,1,28,Urban,Residential,0,296.53,296.53
C00065,3,273.45,190.52,198.18,75.27,227.9,1.71,0.975,10,30,Semi-Urban,Residential,0,213.79500000000002,213.79500000000002
C00272,3,297.52,261.03,187.0,110.51,227.83,1.904,0.953,15,29,Urban,Residential,0,269.115,269.115
C00598,4,146.37,148.3,106.87,39.5,234.36,0.958,0.906,4,29,Urban,Residential,0,138.04333333333332,138.04333333333332
C01001,5,501.12,623.51,326.48,174.64,226.45,3.172,0.969,15,29,Semi-Urban,Commercial,0,556.2366666666667,548.2175
C00453,3,311.94,275.19,199.14,112.79,228.66,2.184,0.867,16,29,Rural,Residential,0,286.44,286.44
C00970,6,244.9,234.94,178.5,66.4,222.8,1.711,0.892,3,30,Rural,Residential,0,173.05000000000004,173.2
C01175,2,240.36,288.86,151.05,89.3,227.78,1.558,0.941,5,29,Urban,Residential,0,288.86,288.86
C01405,1,165.5,,123.7,41.8,226.89,1.032,0.982,18,30,Semi-Urban,Residential,0,,
C00532,4,3322.78,3130.13,2106.38,1216.4,232.6,21.699,0.914,16,30,Rural,Industrial,0,2738.093333333333,2738.093333333333
C00578,3,378.06,268.45,242.48,135.58,228.33,2.562,0.898,1,30,Rural,Residential,0,305.515,305.515
C00718,4,802.05,706.87,535.85,266.2,232.02,5.1,0.941,2,30,Urban,Commercial,0,639.8566666666667,639.8566666666667
C00152,4,333.29,241.25,188.06,145.24,219.54,2.297,0.918,17,28,Semi-Urban,Residential,0,238.0233333333333,238.0233333333333
C00898,4,303.23,214.84,206.63,96.61,224.24,2.15,0.874,1,29,Semi-Urban,Residential,0,208.6,208.6
C01245,6,150.54,141.23,94.61,55.93,230.48,0.982,0.924,5,30,Urban,Residential,0,127.64666666666665,118.974
C00312,1,170.14,,110.11,60.02,226.64,1.07,0.974,13,29,Semi-Urban,Residential,0,,
C00308,1,850.6,,475.18,375.42,230.2,5.4,0.95,8,29,Semi-Urban,Commercial,0,,
C00417,2,130.74,130.45,97.62,33.12,222.26,0.907,0.901,17,29,Semi-Urban,Residential,0,130.45,130.45
C01431,5,2795.19,3277.77,1816.21,978.98,240.75,16.598,0.972,17,29,Urban,Industrial,0,2656.7166666666667,2526.205
C01069,2,282.79,270.96,176.15,106.64,227.8,1.83,0.942,12,30,Rural,Residential,0,270.96,270.96
C01045,1,1912.44,,1328.01,584.43,236.48,11.72,0.958,7,30,Semi-Urban,Industrial,0,,
C00843,3,735.89,869.17,531.03,204.86,231.55,4.78,0.923,11,29,Rural,Commercial,0,939.935,939.935
C00668,5,1220.85,1200.61,685.01,535.84,232.32,7.902,0.924,12,28,Urban,Commercial,0,1077.8866666666665,1078.515
C00451,3,211.38,244.92,132.5,78.88,223.78,1.421,0.923,17,30,Urban,Residential,0,223.73,223.73
C01353,4,377.95,285.57,236.9,141.05,230.37,2.55,0.894,8,30,Rural,Residential,0,271.0366666666667,271.0366666666667
C00056,2,249.5,258.12,182.44,67.06,225.7,1.586,0.968,10,29,Urban,Residential,0,258.12,258.12
C01308,6,135.25,142.73,83.17,52.08,240.63,0.874,0.894,16,29,Rural,Residential,0,132.39333333333332,123.25999999999999
C01333,6,338.43,322.05,195.41,143.02,225.11,2.263,0.923,16,29,Urban,Residential,0,326.09666666666664,309.832
C01102,6,361.16,340.51,245.98,115.17,224.98,2.397,0.93,12,30,Semi-Urban,Residential,0,363.32,330.69
C00971,5,640.76,497.6,394.65,246.1,232.14,4.078,0.94,1,25,Urban,Commercial,1,631.23,713.0875
C00410,6,537.69,692.46,403.21,134.48,229.43,6.12,0.532,11,28,Urban,Commercial,1,691.5933333333334,663.49
C00296,5,204.08,246.7,140.88,63.2,224.94,1.273,0.99,17,30,Urban,Residential,1,242.80666666666664,241.1025
C01027,5,1297.0,1294.02,900.07,396.92,224.07,8.992,0.894,1,30,Semi-Urban,Commercial,0,1122.533333333333,1093.6625
C01079,6,1111.34,978.89,613.15,498.19,234.75,7.386,0.89,0,29,Semi-Urban,Commercial,0,1031.6633333333334,1029.0539999999999
C00448,5,347.71,316.71,246.64,101.07,226.28,2.449,0.871,11,30,Semi-Urban,Residential,0,298.68666666666667,288.16499999999996
C01377,6,208.55,256.27,135.9,72.65,229.85,1.322,0.953,0,30,Rural,Residential,0,199.16333333333333,185.48399999999998
C01338,1,257.65,,144.75,112.9,234.01,1.675,0.913,17,30,Urban,Residential,0,,
C01412,5,41.64,72.61,25.55,16.09,224.67,0.269,0.958,16,20,Urban,Residential,1,133.42666666666668,145.54
C01151,1,136.84,,91.91,44.92,221.31,0.926,0.927,14,29,Urban,Residential,0,,
C01212,2,152.21,186.99,90.24,61.97,220.59,1.149,0.834,8,29,Urban,Residential,0,186.99,186.99
C01269,3,349.17,273.88,211.64,137.53,231.29,2.186,0.959,12,28,Semi-Urban,Residential,0,294.975,294.975
C01259,2,162.97,170.68,99.74,63.24,225.49,1.113,0.902,2,30,Semi-Urban,Residential,0,170.68,170.68
C01426,1,4251.8,,2644.64,1607.15,236.3,29.736,0.84,17,28,Urban,Industrial,0,,
C01240,2,156.7,172.18,101.56,55.13,237.99,0.924,0.99,17,30,Semi-Urban,Residential,0,172.18,172.18
C00911,3,975.81,909.95,705.52,270.29,231.74,6.69,0.874,16,30,Urban,Commercial,0,761.8,761.8
C00029,6,4668.31,4478.41,3023.99,1644.32,234.99,34.312,0.804,0,30,Urban,Industrial,0,4362.723333333333,3928.846
C01396,4,233.71,168.45,131.82,101.89,224.14,1.68,0.862,15,29,Urban,Residential,0,127.41333333333334,127.41333333333334
C00770,2,459.18,536.8,311.81,147.38,227.24,3.0,0.936,18,30,Urban,Commercial,0,536.8,536.8
C00554,4,695.62,671.27,508.7,186.92,224.63,4.787,0.899,4,29,Urban,Commercial,0,642.23,642.23
C00957,2,400.34,423.09,261.28,139.06,231.45,2.427,0.99,19,30,Urban,Commercial,0,423.09,423.09
C00563,1,178.58,,102.21,76.37,224.66,1.173,0.942,18,30,Semi-Urban,Residential,0,,
C00552,6,278.91,285.13,181.39,97.52,233.38,1.851,0.897,18,30,Rural,Residential,0,280.4433333333334,251.11800000000002
C01108,6,208.21,277.24,153.09,55.12,229.39,1.305,0.966,0,30,Semi-Urban,Residential,0,235.66,195.054
C01242,1,247.27,,174.18,73.09,234.77,1.525,0.959,1,30,Rural,Residential,0,,
C01291,1,3456.1,,2273.06,1183.04,228.39,23.016,0.913,2,29,Urban,Industrial,0,,
C01102,3,350.79,282.01,192.98,157.81,225.11,2.396,0.903,12,30,Semi-Urban,Residential,0,281.745,281.745
C00780,6,338.49,303.31,248.63,89.86,221.46,2.344,0.906,13,30,Urban,Residential,0,345.68666666666667,318.748
C00568,2,305.08,255.1,183.05,122.03,232.26,2.041,0.894,8,29,Urban,Residential,0,255.1,255.1
C00004,1,244.79,,148.28,96.51,226.7,1.63,0.92,2,30,Urban,Residential,0,,
C00616,2,348.15,323.1,249.07,99.08,228.32,2.185,0.969,10,30,Urban,Residential,0,323.1,323.1
C01244,5,2746.94,2428.18,1979.13,767.81,233.07,19.065,0.859,14,30,Rural,Industrial,0,2218.1433333333334,2222.75
C00683,5,3780.89,3964.9,2345.34,1435.55,226.66,25.427,0.911,17,30,Urban,Industrial,0,3489.8033333333333,3308.6675
C00605,5,1360.06,1336.67,981.34,378.72,229.86,8.43,0.975,13,30,Urban,Commercial,0,1106.91,1090.9075
C01304,2,247.09,346.91,158.69,88.4,232.18,1.839,0.804,14,30,Rural,Residential,0,346.91,346.91
C00363,3,151.05,158.4,101.17,49.88,227.94,0.93,0.99,6,28,Urban,Residential,0,147.72,147.72
C00227,1,219.48,,146.55,72.93,232.9,1.42,0.922,12,28,Urban,Residential,0,,
C00834,5,292.4,340.52,189.72,102.68,223.32,2.022,0.899,17,30,Rural,Residential,0,277.62,278.8025
C01408,3,289.18,269.88,165.8,123.38,235.22,1.818,0.939,16,28,Urban,Residential,0,302.41499999999996,302.41499999999996
C01432,4,380.1,308.41,249.15,130.94,230.77,2.529,0.905,17,29,Semi-Urban,Residential,0,302.9266666666667,302.9266666666667
C00519,5,166.82,139.27,104.42,62.4,230.98,1.184,0.847,18,29,Urban,Residential,0,132.00333333333333,129.035
C00031,3,310.34,251.38,201.75,108.59,236.35,1.924,0.948,18,30,Rural,Residential,0,262.125,262.125
C01413,1,215.29,,118.82,96.47,226.54,1.333,0.99,1,30,Urban,Residential,0,,
C01303,1,145.75,,104.18,41.57,226.25,0.991,0.903,15,30,Urban,Residential,0,,
C00303,1,1039.38,,665.62,373.76,235.91,6.508,0.94,16,30,Rural,Commercial,0,,
C01122,1,268.01,,159.69,108.31,234.75,1.646,0.963,0,29,Rural,Residential,0,,
C01176,6,297.19,300.28,210.41,86.77,235.64,1.947,0.9,9,30,Semi-Urban,Residential,0,284.7633333333333,264.524
C00819,5,314.1,338.35,233.34,80.76,230.77,2.038,0.927,2,30,Semi-Urban,Residential,0,295.89000000000004,285.6275
C01210,3,3824.64,3249.62,2854.75,969.89,225.72,25.563,0.921,7,28,Rural,Industrial,0,3377.765,3377.765
C00301,1,361.77,,221.51,140.26,224.31,2.41,0.93,13,30,Rural,Residential,0,,
C00405,6,385.93,353.72,239.6,146.32,231.66,2.696,0.858,6,30,Urban,Residential,0,330.53333333333336,310.05
C00914,5,471.18,533.92,318.84,152.34,227.6,3.065,0.938,17,29,Semi-Urban,Commercial,0,463.25,427.405
C01272,1,230.94,,131.21,99.74,230.69,1.51,0.921,18,29,Rural,Residential,0,,
C01152,6,148.94,183.6,106.59,42.36,234.74,1.02,0.864,8,28,Rural,Residential,0,163.65333333333334,149.034
C00329,1,685.97,,468.34,217.63,223.9,4.574,0.93,19,29,Rural,Commercial,0,,
C01364,4,215.07,170.52,136.28,78.78,229.49,1.504,0.865,2,30,Urban,Residential,0,181.20333333333335,181.20333333333335
C01099,5,238.94,184.16,152.95,85.98,231.11,1.45,0.99,2,29,Semi-Urban,Residential,0,171.39000000000001,163.62
C01019,2,219.47,234.03,121.45,98.02,233.35,1.347,0.97,19,30,Rural,Residential,0,234.03,234.03
C00832,2,151.74,143.3,84.9,66.84,232.65,0.974,0.93,12,29,Urban,Residential,0,143.3,143.3
C01471,1,295.28,,173.71,121.57,228.65,1.881,0.953,5,28,Urban,Residential,0,,
C00776,1,268.88,,152.75,116.13,227.3,1.778,0.924,12,29,Urban,Residential,0,,
C00194,2,127.24,113.25,87.7,39.53,232.55,0.887,0.856,2,28,Urban,Residential,0,113.25,113.25
C00203,2,279.27,281.7,205.54,73.73,217.55,2.002,0.89,13,29,Urban,Residential,0,281.7,281.7
C00992,5,222.34,194.21,150.83,71.51,229.38,1.404,0.959,11,28,Urban,Residential,0,194.53333333333333,184.1975
C00221,6,618.64,682.74,454.67,163.97,227.71,4.1,0.92,1,30,Semi-Urban,Commercial,0,654.1566666666666,606.538
C01015,1,251.7,,179.15,72.55,222.81,1.761,0.891,1,28,Semi-Urban,Residential,0,,
C01025,3,2090.67,2245.55,1420.85,669.82,228.72,13.497,0.941,0,30,Urban,Industrial,0,2110.565,2110.565
C00800,3,210.33,189.43,116.95,93.38,224.19,1.395,0.934,2,29,Urban,Residential,0,189.59,189.59
C00243,4,65.95,279.28,39.87,26.08,227.47,0.42,0.96,10,25,Rural,Residential,1,260.1533333333333,260.1533333333333
C00902,5,382.14,363.06,228.42,153.72,224.65,2.504,0.943,1,30,Rural,Residential,0,308.8666666666667,308.65250000000003
C01183,4,181.34,155.63,123.28,58.07,232.43,1.187,0.913,15,30,Urban,Residential,0,146.85333333333332,146.85333333333332
C01172,6,310.64,307.7,195.0,115.64,231.13,1.948,0.958,7,28,Urban,Residential,0,299.14000000000004,257.654
C00828,1,489.1,,324.81,164.29,227.92,3.281,0.908,6,30,Urban,Commercial,0,,
C01260,4,602.1,656.21,334.99,267.11,235.36,3.804,0.934,11,28,Urban,Commercial,0,606.0233333333333,606.0233333333333
C00275,1,126.1,,91.46,34.64,223.08,0.853,0.921,13,30,Rural,Residential,0,,
C00357,5,265.46,249.95,195.74,69.73,231.02,1.634,0.977,13,28,Rural,Residential,0,254.56000000000003,247.3625
C00757,1,217.69,,135.71,81.98,233.25,1.363,0.951,4,30,Urban,Residential,0,,
C00743,6,143.94,134.54,106.57,37.37,234.15,0.943,0.905,17,30,Urban,Residential,0,126.84999999999998,119.27799999999999
C01331,1,513.39,,286.42,226.97,223.53,3.292,0.969,1,30,Urban,Commercial,0,,
C00932,1,304.35,,199.86,104.49,225.75,2.131,0.879,17,29,Semi-Urban,Residential,0,,
C00730,5,192.13,157.06,132.76,59.37,232.42,1.336,0.859,0,30,Urban,Residential,0,148.04999999999998,142.6575
C00122,4,3483.73,2978.39,2511.88,971.85,228.38,23.11,0.917,5,29,Urban,Industrial,0,3143.0,3143.0
C00727,2,139.34,152.56,86.37,52.97,229.67,0.903,0.933,1,28,Semi-Urban,Residential,0,152.56,152.56
C01059,2,246.84,263.48,159.63,87.21,236.59,1.616,0.897,19,29,Urban,Residential,0,263.48,263.48
C00323,5,422.49,407.05,269.9,152.59,227.29,2.756,0.937,0,28,Semi-Urban,Residential,0,335.38000000000005,328.66
C00633,2,302.36,274.0,191.19,111.17,236.16,1.875,0.948,6,29,Urban,Residential,0,274.0,274.0
C00623,5,306.63,371.15,186.4,120.23,237.13,1.814,0.99,1,29,Semi-Urban,Residential,0,301.38333333333327,296.715
C00377,6,3658.8,3031.94,2726.84,931.96,224.26,24.898,0.91,3,29,Semi-Urban,Industrial,0,2455.286666666667,2465.158
C01189,4,241.48,212.64,174.98,66.5,237.12,1.745,0.811,12,28,Semi-Urban,Residential,0,175.67333333333332,175.67333333333332
C00186,1,144.5,,103.75,40.76,226.61,0.977,0.907,11,30,Rural,Residential,0,,
C01338,4,369.61,302.91,211.58,158.04,231.83,2.387,0.928,17,29,Urban,Residential,0,299.14000000000004,299.14000000000004
C00914,3,437.2,418.63,247.46,189.74,221.12,2.923,0.939,17,29,Semi-Urban,Commercial,0,369.25,369.25
C00500,5,342.3,370.97,202.86,139.44,232.03,2.165,0.946,5,30,Semi-Urban,Residential,0,339.53333333333336,321.5825
C00400,1,259.74,,145.66,114.08,225.08,1.695,0.945,3,30,Semi-Urban,Residential,0,,
C00198,4,71.09,198.34,41.88,29.21,233.24,0.458,0.924,16,28,Rural,Residential,1,189.38333333333333,189.38333333333333
C00335,4,231.04,280.94,129.17,101.86,232.22,1.504,0.918,2,30,Rural,Residential,1,221.62333333333333,221.62333333333333
C00033,2,187.99,218.16,105.59,82.4,233.67,1.29,0.866,17,28,Semi-Urban,Residential,0,218.16,218.16
C00936,2,800.15,908.61,523.13,277.02,236.67,5.286,0.888,18,30,Urban,Commercial,0,908.61,908.61
C01497,4,3938.53,3466.15,2670.68,1267.85,219.86,26.529,0.938,13,29,Urban,Industrial,0,3237.286666666667,3237.286666666667
C00097,3,1065.06,920.85,686.75,378.31,229.24,7.214,0.894,14,29,Urban,Commercial,0,1079.005,1079.005
C00921,6,175.52,177.45,124.15,51.38,229.79,1.172,,6,30,Urban,Residential,0,169.35333333333335,153.93599999999998
C00129,4,243.01,249.0,138.39,104.62,231.95,1.582,0.92,6,29,Urban,Residential,0,211.65333333333334,211.65333333333334
C00400,2,273.92,259.74,154.48,119.44,227.37,1.797,0.931,3,28,Semi-Urban,Residential,0,259.74,259.74
C00247,3,170.9,198.0,117.59,53.31,233.62,1.065,0.954,2,29,Rural,Residential,0,182.615,182.615
C00308,5,963.33,1018.05,565.74,397.58,226.55,6.434,0.918,8,30,Semi-Urban,Commercial,0,913.7633333333333,897.9725
C01500,4,1351.87,983.68,942.21,409.65,232.81,8.362,0.964,16,29,Urban,Commercial,0,931.1166666666667,931.1166666666667
C00713,3,1250.11,876.91,707.75,542.36,236.41,8.022,0.915,19,29,Semi-Urban,Commercial,0,849.1949999999999,849.1949999999999
C00624,3,329.27,283.2,228.51,100.76,232.58,2.078,0.946,17,29,Semi-Urban,Residential,0,263.61,263.61
C00767,5,211.8,191.69,117.04,94.76,237.52,1.251,0.99,4,30,Urban,Residential,0,177.33,175.4025
C01059,1,263.48,,158.42,105.06,232.01,1.827,0.863,19,29,Urban,Residential,0,,
C01097,4,318.82,89.75,105.31,213.51,236.73,,0.99,8,28,Urban,Residential,1,195.66,195.66
C00820,2,178.86,246.63,130.76,48.1,225.76,1.113,0.989,4,30,Semi-Urban,Residential,0,246.63,246.63
C00346,4,308.85,271.86,230.34,78.51,239.87,1.937,,5,29,Semi-Urban,Residential,0,248.64666666666668,248.64666666666668
C00793,3,1023.36,843.2,619.35,404.01,234.53,6.475,0.936,9,30,Urban,Commercial,0,912.735,912.735
C00317,1,449.58,,255.14,194.45,237.81,2.652,0.99,13,30,Semi-Urban,Commercial,0,,
C01213,4,219.28,230.64,127.38,91.9,224.46,1.524,0.891,3,30,Semi-Urban,Residential,0,194.00666666666666,194.00666666666666
C00610,6,592.54,641.76,409.37,183.16,223.86,4.023,0.914,17,30,Urban,Commercial,0,572.1233333333333,545.894
C00397,4,167.83,182.45,122.36,45.48,223.44,1.253,0.833,6,30,Urban,Residential,0,162.59333333333333,162.59333333333333
C00242,2,339.24,326.41,192.1,147.14,228.02,2.216,0.932,7,28,Urban,Residential,0,326.41,326.41
C00058,1,174.6,,105.62,68.98,227.35,1.148,0.929,0,30,Semi-Urban,Residential,0,,
C00855,4,241.32,188.93,172.41,68.91,233.65,1.604,0.894,10,29,Rural,Residential,0,168.85999999999999,168.85999999999999
C00523,5,229.14,239.35,167.22,61.93,227.61,1.54,0.908,5,30,Urban,Residential,0,196.26,181.51749999999998
C00422,2,146.7,142.99,83.2,63.5,240.04,0.927,0.916,2,28,Rural,Residential,0,142.99,142.99
C00122,2,3147.06,3303.55,2131.87,1015.19,233.73,20.347,0.919,5,30,Urban,Industrial,0,3303.55,3303.55
C00763,6,227.37,318.29,154.04,73.32,229.33,1.438,0.957,12,30,Urban,Residential,0,194.66,190.66
C00163,5,145.23,238.77,63.04,82.19,227.0,1.583,0.561,6,25,Semi-Urban,Residential,1,195.93666666666664,193.8775
C01163,5,34.78,41.25,21.77,13.01,234.98,0.22,0.936,14,30,Urban,Residential,1,80.20333333333333,89.19500000000001
C01355,2,220.27,213.18,158.41,61.86,228.3,1.412,0.949,8,29,Urban,Residential,0,213.18,213.18
C00587,1,233.33,,157.85,75.48,233.43,1.544,0.899,0,30,Semi-Urban,Residential,0,,
C01078,5,257.71,263.11,163.36,94.35,225.86,1.739,0.911,5,28,Semi-Urban,Residential,0,222.15,213.85500000000002
C01476,1,578.94,,362.05,216.88,227.9,4.116,0.857,4,30,Rural,Commercial,0,,
C00657,5,344.33,382.73,225.58,118.75,239.31,2.083,0.959,5,28,Urban,Residential,0,337.35999999999996,327.2425
C00217,4,409.48,343.62,253.74,155.75,227.05,2.675,0.936,14,29,Urban,Residential,0,313.31333333333333,313.31333333333333
C01472,3,150.25,123.39,104.29,45.96,229.51,0.943,0.964,18,28,Rural,Residential,0,116.66,116.66
C00225,5,148.3,155.4,84.34,63.96,229.4,0.927,,4,30,Urban,Residential,0,131.63,127.64
C00111,1,416.25,,229.45,186.8,234.23,2.666,0.926,19,30,Urban,Commercial,0,,
C00249,5,264.72,265.21,169.24,95.49,238.08,1.71,0.903,2,28,Urban,Residential,0,231.3033333333333,219.88
C01111,3,348.27,337.33,223.3,124.97,228.25,2.296,0.923,17,30,Urban,Residential,0,338.78,338.78
C01148,3,1232.28,1217.41,764.91,467.37,230.06,8.11,0.917,12,30,Semi-Urban,Commercial,0,1101.815,1101.815
C01206,2,115.64,126.43,79.5,36.14,225.17,0.819,,11,30,Rural,Residential,0,126.43,126.43
C00860,1,194.12,,110.01,84.12,233.4,1.269,0.91,15,30,Rural,Residential,0,,
C00386,6,163.86,178.51,92.05,71.82,232.86,1.143,0.855,11,28,Urban,Residential,0,191.20333333333335,180.46200000000002
C01449,2,175.8,177.53,128.76,47.04,238.2,1.122,0.914,0,28,Urban,Residential,0,177.53,177.53
C01443,5,373.21,325.81,234.33,138.88,228.05,2.313,0.983,1,29,Urban,Residential,0,312.4766666666667,299.2925
C00181,6,129.29,237.31,56.63,72.66,243.33,1.323,0.558,15,15,Urban,Residential,1,212.79666666666665,194.72
C00421,5,202.48,209.76,113.63,88.84,230.92,1.39,0.876,17,30,Urban,Residential,0,197.85,186.68
C01356,5,969.61,1165.16,577.03,392.58,234.47,5.826,0.986,6,30,Semi-Urban,Industrial,1,1566.8933333333334,1889.6275
C00896,5,317.99,321.21,231.58,86.41,227.42,2.181,0.89,18,30,Urban,Residential,0,288.75333333333333,273.81
C00534,1,228.42,,156.8,71.62,228.01,1.552,0.897,7,29,Rural,Residential,0,,
C01117,3,188.14,172.25,127.12,61.01,233.37,1.131,0.99,8,30,Urban,Residential,0,167.26999999999998,167.26999999999998
C00953,6,227.67,290.86,139.56,88.11,229.2,1.503,0.918,13,30,Urban,Residential,0,250.9766666666667,224.044
C01360,6,2117.24,2038.18,1185.76,931.49,238.65,12.81,0.962,3,30,Semi-Urban,Industrial,0,2181.596666666667,2077.31
C00012,2,597.66,724.62,409.0,188.66,223.16,3.951,0.941,2,30,Rural,Commercial,0,724.62,724.62
C01309,4,156.28,117.59,96.33,59.95,236.43,1.002,0.916,17,28,Rural,Residential,0,110.10333333333334,110.10333333333334
C00379,2,1119.45,1054.05,635.45,484.0,239.14,6.567,0.99,17,29,Urban,Commercial,0,1054.05,1054.05
C01165,1,182.84,,108.4,74.44,226.58,1.165,0.962,9,29,Urban,Residential,0,,
C00993,2,232.51,294.91,148.81,83.7,219.97,1.549,0.948,1,30,Urban,Residential,0,294.91,294.91
C01297,5,339.24,343.22,214.7,124.54,227.56,,0.909,15,29,Semi-Urban,Residential,0,306.77333333333337,297.515
C00820,3,201.1,178.86,147.58,53.52,226.15,1.398,0.884,4,30,Semi-Urban,Residential,0,212.745,212.745
C00888,1,182.76,,125.76,57.01,225.1,1.242,0.908,19,30,Urban,Residential,0,,
C00575,4,154.7,156.15,111.65,43.05,231.82,0.977,0.949,2,29,Urban,Residential,0,146.19333333333336,146.19333333333336
C00395,4,148.72,103.05,111.44,37.28,234.56,0.922,0.955,16,30,Semi-Urban,Residential,0,112.66333333333334,112.66333333333334
C00979,2,110.74,92.29,67.01,43.74,230.55,0.715,0.933,12,28,Rural,Residential,0,92.29,92.29
C01103,2,212.39,204.91,144.77,67.62,229.13,1.37,0.939,8,28,Urban,Residential,0,204.91,204.91
C00419,5,1020.84,907.78,680.02,340.82,232.23,6.379,0.957,5,30,Urban,Commercial,0,800.14,746.775
C00454,6,187.85,208.87,118.73,69.13,227.63,1.323,0.866,18,29,Semi-Urban,Residential,0,207.30333333333337,193.442
C01383,3,114.77,127.91,72.72,42.05,232.44,0.732,0.937,2,29,Urban,Residential,0,130.26999999999998,130.26999999999998
C01257,1,2718.35,,1924.71,793.63,232.23,18.483,0.88,11,29,Rural,Industrial,0,,
C00191,4,905.25,1178.72,523.05,382.2,238.37,5.725,0.921,16,29,Rural,Commercial,0,967.4900000000001,967.4900000000001
C01467,6,292.59,234.97,185.28,107.31,223.79,1.93,,3,30,Semi-Urban,Residential,0,242.32333333333335,228.87199999999999
C00978,1,641.98,,367.49,274.49,227.57,4.425,0.885,3,29,Urban,Commercial,0,,
C01449,5,178.68,197.12,100.38,78.3,230.51,1.223,0.88,0,30,Urban,Residential,0,193.74333333333334,189.69
C01389,1,754.72,,497.46,257.25,225.35,5.223,0.891,11,28,Urban,Commercial,0,,
C00789,1,891.74,,536.93,354.8,230.43,5.636,0.954,12,28,Urban,Commercial,0,,
C00916,5,326.18,326.38,206.23,119.95,232.58,2.21,0.881,3,30,Urban,Residential,0,280.74666666666667,282.6
C00960,2,127.63,124.26,75.1,52.53,232.33,0.793,0.962,7,29,Rural,Residential,0,124.26,124.26
C01022,4,341.77,298.64,217.31,124.46,222.22,2.335,0.915,7,29,Urban,Residential,0,278.56333333333333,278.56333333333333
C00632,4,433.27,326.4,290.93,142.34,222.71,2.922,0.925,15,30,Urban,Residential,0,315.83666666666664,315.83666666666664
C00371,1,3799.16,,2174.52,1624.64,237.38,25.784,0.862,3,29,Urban,Industrial,0,,
C00846,6,181.12,176.51,108.13,72.98,233.95,1.158,0.928,18,30,Semi-Urban,Residential,0,187.11666666666667,178.026
C00389,4,222.01,214.08,122.78,99.23,228.88,1.518,0.887,13,30,Urban,Residential,0,187.23333333333335,187.23333333333335
C00900,1,3565.79,,2240.86,1324.92,231.55,22.927,0.933,14,29,Semi-Urban,Industrial,0,,
C01353,3,285.57,254.33,200.97,84.6,225.0,1.92,0.918,8,30,Rural,Residential,0,263.77,263.77
C01090,4,695.47,654.02,491.46,204.01,225.47,4.948,0.866,18,29,Urban,Commercial,0,559.2433333333333,559.2433333333333
C01407,3,1012.74,894.3,755.6,257.15,231.93,7.033,0.862,4,30,Semi-Urban,Commercial,0,899.22,899.22
C00682,3,362.02,288.42,269.86,92.16,227.6,2.309,0.957,16,28,Semi-Urban,Residential,0,306.57000000000005,306.57000000000005
C00328,6,332.75,308.31,228.94,103.81,233.44,2.31,0.857,10,29,Urban,Residential,0,302.2,287.784
C01341,5,372.82,356.48,251.7,121.12,233.1,2.382,0.933,15,30,Urban,Residential,0,306.22333333333336,300.07000000000005
C01288,4,174.78,150.96,118.54,56.25,221.52,1.233,0.889,11,30,Semi-Urban,Residential,0,140.49666666666667,140.49666666666667
C01445,1,145.26,,107.23,38.03,232.41,0.922,0.941,5,30,Semi-Urban,Residential,0,,
C00728,4,240.58,208.98,139.74,100.84,233.84,1.596,0.896,7,28,Urban,Residential,0,184.58,184.58
C00071,4,429.1,304.46,286.38,142.72,234.83,2.719,0.933,5,30,Semi-Urban,Residential,0,281.03333333333336,281.03333333333336
C00047,5,567.54,367.04,381.06,186.48,229.31,3.588,0.958,8,30,Semi-Urban,Commercial,0,404.33,397.1
C00318,3,577.07,406.01,383.13,193.93,228.07,3.941,0.892,0,30,Urban,Commercial,0,430.69,430.69
C00100,2,542.11,506.26,341.69,200.42,226.04,3.568,0.934,6,30,Rural,Commercial,0,506.26,506.26
C01298,1,817.25,,567.25,249.99,221.95,5.697,0.898,7,28,Urban,Commercial,0,,
C00653,6,140.43,151.41,81.24,59.18,223.49,0.958,0.911,8,29,Semi-Urban,Residential,0,142.96333333333334,125.51399999999998
C00944,4,993.86,682.43,547.9,445.96,224.95,6.553,0.936,19,30,Rural,Commercial,0,767.5833333333334,767.5833333333334
C00964,1,175.48,,101.96,73.52,223.13,1.185,0.922,11,28,Semi-Urban,Residential,0,,
C00604,1,253.71,,182.09,71.62,236.71,1.62,0.919,1,30,Semi-Urban,Residential,0,,
C00140,6,165.89,166.71,99.0,66.88,233.76,1.034,0.953,17,28,Rural,Residential,0,149.22,136.182
C00767,1,169.62,,95.19,74.44,239.68,1.038,0.947,4,30,Urban,Residential,0,,
C01013,2,1019.15,996.6,671.91,347.24,227.15,7.039,0.885,9,30,Urban,Commercial,0,996.6,996.6
C00024,4,168.27,147.08,103.83,64.44,229.16,1.102,0.926,17,30,Semi-Urban,Residential,0,129.44000000000003,129.44000000000003
C01359,2,299.12,283.81,211.72,87.4,233.35,1.829,0.974,8,29,Urban,Residential,0,283.81,283.81
C00230,4,250.78,246.14,176.0,74.78,230.44,1.573,0.961,2,30,Urban,Residential,0,241.63666666666666,241.63666666666666
C00613,3,131.02,139.16,89.05,41.97,234.28,0.785,0.99,5,29,Semi-Urban,Residential,0,138.23000000000002,138.23000000000002
C01281,1,355.7,,261.57,94.13,235.07,2.405,0.874,17,29,Rural,Residential,0,,
C01492,3,190.74,165.24,141.65,49.09,234.38,1.253,0.902,3,28,Urban,Residential,0,163.91000000000003,163.91000000000003
C00791,2,809.03,781.56,549.39,259.64,237.05,4.971,0.954,1,28,Urban,Commercial,0,781.56,781.56
C00635,5,143.25,176.27,91.32,51.93,225.27,0.947,0.933,10,29,Rural,Residential,0,151.00666666666666,145.7825
C00190,5,188.49,223.32,125.03,63.46,233.65,1.183,0.947,9,30,Urban,Residential,0,188.93999999999997,182.17000000000002
C00377,2,2095.69,2864.24,1565.94,529.75,231.63,12.896,0.974,3,30,Semi-Urban,Industrial,0,2864.24,2864.24
C01064,3,718.39,613.03,439.78,278.6,228.52,4.546,0.961,1,30,Urban,Commercial,0,616.275,616.275
C00298,6,267.47,251.18,161.91,105.56,219.61,1.823,0.928,3,30,Urban,Residential,0,251.1,232.166
C00657,3,358.77,270.58,248.75,110.02,228.37,2.25,0.97,5,30,Urban,Residential,0,283.735,283.735
C01068,4,367.86,358.34,227.9,139.96,227.9,2.408,0.931,12,29,Rural,Residential,0,323.8566666666666,323.8566666666666
C00775,3,427.2,463.06,276.28,150.93,230.51,2.866,0.898,3,30,Urban,Commercial,0,442.385,442.385
C00077,4,145.27,111.8,94.47,50.8,229.72,0.935,0.939,6,29,Urban,Residential,0,121.34333333333332,121.34333333333332
C01438,3,313.98,308.98,217.5,96.48,225.18,2.169,0.893,15,30,Semi-Urban,Residential,0,305.555,305.555
C00159,1,97.83,,72.48,25.36,226.17,0.656,0.916,8,29,Urban,Residential,0,,
C00617,5,317.21,369.51,229.05,88.16,228.97,2.081,0.925,3,30,Semi-Urban,Residential,0,338.55,336.40250000000003
C00223,5,284.57,244.19,204.01,80.56,226.05,1.845,0.948,19,29,Semi-Urban,Residential,0,215.43666666666664,208.5325
C00772,3,168.57,143.39,125.27,43.29,230.44,1.079,0.942,7,30,Rural,Residential,0,157.105,157.105
C01311,5,299.79,266.25,174.38,125.41,219.78,1.996,0.949,19,30,Urban,Residential,0,245.08333333333334,231.86
C00268,1,152.25,,91.75,60.5,227.93,1.006,0.923,17,30,Urban,Residential,0,,
C00374,1,3444.35,,2213.62,1230.73,230.98,23.009,0.9,7,30,Rural,Industrial,0,,
C00107,4,472.25,390.67,299.93,172.32,233.17,3.153,0.892,8,30,Urban,Commercial,0,399.9066666666667,399.9066666666667
C01481,1,264.92,,157.93,107.0,230.82,1.77,0.901,14,30,Urban,Residential,0,,
C00639,3,283.64,248.73,164.23,119.41,230.34,1.835,0.932,9,29,Urban,Residential,0,240.76,240.76
C01416,4,254.12,222.39,182.41,71.71,230.39,1.59,0.963,6,28,Semi-Urban,Residential,0,194.51666666666665,194.51666666666665
C01079,5,978.89,1091.98,727.99,250.89,236.17,5.815,,0,30,Semi-Urban,Commercial,0,1049.4466666666667,1041.595
C01492,1,162.58,,99.38,63.2,228.02,1.132,0.875,3,29,Urban,Residential,0,,
C01140,5,403.49,1475.24,237.22,166.26,227.31,2.633,0.936,7,30,Urban,Commercial,1,1086.6633333333332,1087.3575
C00327,3,261.7,305.91,176.49,85.2,233.16,1.732,0.9,6,28,Semi-Urban,Residential,0,294.125,294.125
C00179,3,2595.52,2592.41,1876.94,718.58,227.37,18.285,0.867,0,30,Rural,Industrial,0,2641.935,2641.935
C00026,6,1398.78,1363.76,904.27,494.51,228.38,9.227,0.922,11,29,Urban,Commercial,0,1185.75,1101.554
C00383,4,349.87,309.47,239.91,109.96,228.23,2.162,0.985,1,30,Semi-Urban,Residential,0,298.99,298.99
C01052,1,222.34,,147.18,75.16,229.02,1.401,0.963,6,30,Rural,Residential,0,,
C00764,1,253.07,,175.9,77.17,229.11,1.571,0.976,12,28,Urban,Residential,0,,
C00182,4,182.02,166.88,104.99,77.03,233.27,1.19,0.911,1,30,Rural,Residential,0,160.68333333333334,160.68333333333334
C00491,1,708.55,,481.76,226.79,234.26,4.431,0.948,17,29,Semi-Urban,Commercial,0,,
C00121,4,1345.65,1255.32,898.47,447.18,233.36,8.928,0.897,17,29,Urban,Commercial,0,1086.8133333333333,1086.8133333333333
C00731,5,273.61,320.11,152.51,121.11,233.0,1.769,0.922,2,29,Rural,Residential,0,251.68999999999997,240.2275
C00156,1,175.96,,107.27,68.69,237.37,1.078,0.955,11,29,Semi-Urban,Residential,0,,
C00485,6,363.15,410.23,252.98,110.17,229.38,2.397,0.917,10,30,Rural,Residential,0,381.55,335.856
C01061,5,918.4,495.25,644.29,274.11,234.78,6.578,0.826,15,30,Rural,Commercial,0,525.3166666666666,568.385
C00150,2,261.07,269.51,150.32,110.74,236.95,1.767,0.866,4,29,Urban,Residential,0,269.51,269.51
C00542,2,3036.92,2804.75,1787.88,1249.05,223.68,19.051,0.99,0,30,Urban,Industrial,0,2804.75,2804.75
C00388,5,200.43,240.16,129.66,70.77,231.74,1.382,0.869,12,30,Urban,Residential,0,209.40666666666667,202.845
C01463,4,297.39,325.79,210.84,86.56,224.08,1.997,0.923,7,30,Rural,Residential,0,280.6166666666667,280.6166666666667
C01025,4,2594.44,2090.67,1540.79,1053.65,227.48,17.415,0.91,0,29,Urban,Industrial,0,2103.9333333333334,2103.9333333333334
C01325,5,264.47,279.18,152.35,112.12,224.66,1.762,0.928,18,30,Urban,Residential,0,213.61666666666667,228.455
C00840,5,1020.07,1075.68,710.96,309.11,237.51,6.467,0.922,4,29,Semi-Urban,Commercial,0,983.6933333333333,967.11
C00690,3,128.8,131.07,95.35,33.44,233.75,0.809,0.945,11,30,Urban,Residential,0,145.135,145.135
C01393,4,382.96,368.71,262.41,120.55,228.12,2.754,0.847,5,29,Urban,Residential,0,309.76,309.76
C00286,6,180.84,173.55,106.4,74.45,227.04,1.214,0.911,7,30,Semi-Urban,Residential,0,174.8066666666667,170.606
C00284,1,251.9,,148.53,103.38,233.25,1.52,0.986,7,28,Semi-Urban,Residential,0,,
C01461,3,189.24,140.71,122.3,66.93,230.08,1.276,0.895,12,29,Rural,Residential,0,138.34,138.34
C01439,4,105.97,126.63,78.57,27.39,229.35,0.669,0.96,15,28,Urban,Residential,0,113.53666666666668,113.53666666666668
C01476,2,581.45,578.94,388.02,193.42,227.94,3.795,0.934,4,28,Rural,Commercial,0,578.94,578.94
C01116,1,471.76,,321.91,149.84,241.38,2.925,0.928,13,28,Urban,Commercial,0,,
C00639,4,352.52,283.64,253.88,98.63,233.13,2.225,0.944,9,29,Urban,Residential,0,255.0533333333333,255.0533333333333
C00559,1,182.1,,114.93,67.17,221.15,1.191,0.96,0,28,Semi-Urban,Residential,0,,
C01435,1,604.17,,400.91,203.26,230.08,3.802,0.959,1,30,Urban,Commercial,0,,
C00165,2,125.26,110.18,79.17,46.08,232.01,0.799,0.938,13,29,Semi-Urban,Residential,0,110.18,110.18
C00304,4,1011.19,993.26,674.71,336.48,224.96,7.306,0.854,6,30,Urban,Commercial,0,908.4066666666668,908.4066666666668
C00762,6,1477.77,1212.4,984.64,493.14,223.37,9.51,0.966,2,29,Rural,Commercial,0,1074.0533333333333,1060.788
C00098,6,259.17,162.88,171.7,87.47,227.07,1.651,0.96,9,29,Semi-Urban,Residential,0,225.91666666666666,214.82200000000003
C01471,2,318.15,295.28,187.31,130.84,226.86,2.162,0.901,5,30,Urban,Residential,0,295.28,295.28
C00847,2,231.13,207.21,139.46,91.67,232.74,1.595,0.865,12,30,Urban,Residential,0,207.21,207.21
C01052,6,298.42,244.77,222.47,75.94,232.53,1.839,0.969,6,29,Rural,Residential,0,239.10000000000002,231.71599999999998
C01211,2,1212.5,1122.2,896.53,315.97,237.12,7.729,0.919,0,30,Urban,Commercial,0,1122.2,1122.2
C01435,5,745.88,763.44,487.51,258.37,228.21,4.939,0.919,1,30,Urban,Commercial,0,677.3766666666667,659.075
C01273,6,327.6,350.74,185.81,141.79,228.1,2.147,0.929,10,30,Semi-Urban,Residential,0,319.6333333333334,291.206
C00914,6,511.23,471.18,300.59,210.64,233.13,3.468,0.878,17,28,Semi-Urban,Commercial,0,480.76666666666665,436.15999999999997
C01047,4,203.41,151.47,120.81,82.6,228.42,1.373,0.901,6,28,Semi-Urban,Residential,0,136.04666666666665,136.04666666666665
C01140,6,336.51,403.49,243.46,93.04,238.3,2.263,0.866,7,20,Urban,Commercial,1,927.1866666666666,950.5840000000001
C00920,1,189.06,,138.32,50.74,232.25,1.254,0.901,19,28,Urban,Residential,0,,
C01307,1,194.69,,132.27,62.43,226.13,1.305,0.916,4,30,Rural,Residential,0,,
C00926,4,210.89,198.7,131.73,79.16,226.67,1.43,0.904,2,30,Semi-Urban,Residential,0,163.38333333333333,163.38333333333333
C00593,6,969.03,950.55,700.92,268.11,236.25,6.007,0.948,11,29,Semi-Urban,Commercial,0,876.73,837.5200000000001
C00233,4,347.75,348.52,223.56,124.19,230.86,2.27,0.922,8,30,Urban,Residential,0,307.81666666666666,307.81666666666666
C00045,1,236.05,,147.72,88.33,227.49,1.529,0.942,12,30,Rural,Residential,0,,
C00592,2,215.1,204.2,130.17,84.93,232.63,1.297,0.99,12,30,Semi-Urban,Residential,0,204.2,204.2
C01394,1,241.45,,148.84,92.61,236.17,1.5,0.946,7,29,Urban,Residential,0,,
C00512,4,2926.81,2187.09,2016.8,910.01,227.17,18.477,0.968,15,30,Semi-Urban,Industrial,0,2001.7066666666667,2001.7066666666667
C00838,4,280.07,225.82,190.54,89.53,230.7,1.84,0.916,7,30,Semi-Urban,Residential,0,240.9,240.9
C01382,4,366.09,356.28,252.08,114.01,232.33,2.554,0.857,1,29,Rural,Residential,0,313.23,313.23
C00645,1,325.47,,200.61,124.86,229.97,2.255,0.872,15,29,Urban,Residential,0,,
C01366,3,194.17,167.55,112.52,81.64,225.99,1.347,0.886,11,30,Rural,Residential,0,162.69,162.69
C00401,1,201.29,,137.51,63.78,235.0,1.361,0.874,9,29,Urban,Residential,0,,
C01192,3,208.79,179.14,116.8,91.99,227.01,1.367,0.935,13,30,Urban,Residential,0,167.89999999999998,167.89999999999998
C00619,4,157.47,155.36,106.44,51.03,223.6,1.065,0.918,4,29,Urban,Residential,0,139.88,139.88
C00042,1,652.5,,483.71,168.79,233.83,3.999,0.969,3,28,Urban,Commercial,0,,
C00266,5,214.89,191.21,148.59,66.3,228.59,1.436,0.909,9,30,Urban,Residential,0,174.15333333333334,164.8675
C01465,4,359.84,256.46,244.69,115.15,238.84,2.205,0.949,15,29,Urban,Residential,0,293.19,293.19
C00255,6,271.46,237.7,156.61,114.86,229.79,1.699,0.966,10,29,Urban,Residential,0,232.3066666666667,212.48200000000003
C01115,6,314.75,313.66,213.88,100.87,233.24,2.128,0.881,6,29,Urban,Residential,0,184.13,206.10399999999998
C00154,6,332.53,155.64,198.8,133.73,227.17,2.131,0.954,5,30,Urban,Residential,0,275.3433333333333,251.484
C01021,1,864.83,,514.78,350.05,239.67,5.731,0.874,6,30,Urban,Commercial,0,,
C00728,3,208.98,168.53,134.9,74.08,232.59,1.331,0.938,7,29,Urban,Residential,0,172.38,172.38
C00112,4,293.02,267.84,170.57,122.44,233.61,1.921,0.907,14,28,Urban,Residential,0,226.00666666666666,226.00666666666666
C00601,5,317.54,294.06,218.36,99.18,238.37,1.916,0.966,19,30,Rural,Residential,0,284.71333333333337,276.2525
C00852,3,277.22,271.28,175.98,101.23,233.12,1.803,0.916,18,28,Urban,Residential,0,259.65999999999997,259.65999999999997
C00319,3,3943.7,3881.45,2282.06,1661.64,227.59,25.595,0.94,15,28,Urban,Industrial,0,3773.77,3773.77
C01150,4,726.47,683.23,508.31,218.16,227.46,4.62,0.96,10,29,Urban,Commercial,0,640.4066666666666,640.4066666666666
C00875,5,288.77,201.93,172.16,116.61,224.68,1.803,0.99,3,30,Semi-Urban,Residential,0,231.3766666666667,230.82
C00660,5,248.35,217.23,176.43,71.91,231.16,1.685,0.886,16,30,Urban,Residential,0,195.80666666666664,189.7275
C00941,4,118.07,129.79,41.11,76.95,229.29,1.446,0.495,6,25,Urban,Residential,1,145.04999999999998,145.04999999999998
C00450,3,278.95,210.24,190.41,88.54,,1.808,0.897,16,29,Rural,Residential,0,214.655,214.655
C00432,6,255.99,319.75,190.19,65.79,227.99,1.785,0.874,12,29,Rural,Residential,0,303.91,280.5
C00297,6,402.12,397.14,238.83,163.29,224.28,2.699,0.923,14,29,Urban,Residential,0,339.27333333333337,313.55
C00503,2,776.55,889.12,518.17,258.38,229.62,4.839,0.971,0,30,Semi-Urban,Commercial,0,889.12,889.12
C00385,4,597.85,603.48,433.33,164.51,233.36,3.813,0.933,0,30,Urban,Commercial,0,572.86,572.86
C00985,1,503.26,,296.26,207.0,234.3,3.384,0.881,7,30,Urban,Commercial,0,,
C00616,1,323.1,,234.95,88.15,228.41,2.167,0.907,10,30,Urban,Residential,0,,
C00115,4,1357.21,1215.15,946.23,410.98,226.88,8.9,0.934,18,29,Urban,Commercial,0,1076.6733333333334,1076.6733333333334
C00103,1,172.27,,98.4,73.86,229.62,1.148,0.908,8,30,Semi-Urban,Residential,0,,
C01470,5,1040.12,1078.44,676.93,363.19,220.8,6.609,0.99,6,30,Semi-Urban,Commercial,0,920.6500000000001,868.325
C00534,3,281.42,327.09,167.14,114.28,227.14,1.933,0.89,7,28,Rural,Residential,0,277.755,277.755
C00378,6,805.04,821.06,472.54,332.5,219.33,5.149,0.99,12,29,Urban,Commercial,0,716.0133333333333,651.288
C01475,1,94.53,,54.91,39.62,239.98,0.619,0.883,6,30,Urban,Residential,0,,
C01252,3,151.9,140.48,87.32,64.58,233.7,0.954,0.946,10,29,Urban,Residential,0,146.62,146.62
C00317,3,387.94,405.51,263.3,124.63,234.08,2.38,0.967,13,29,Semi-Urban,Commercial,0,427.54499999999996,427.54499999999996
C01436,6,1294.77,1176.65,841.33,453.44,229.25,9.09,0.863,8,30,Semi-Urban,Commercial,0,1035.9166666666667,978.4720000000001
C01201,5,155.57,148.56,115.45,40.12,231.1,1.056,0.885,7,28,Urban,Residential,0,157.23,152.665
C00044,1,183.19,,136.09,47.1,236.55,1.199,0.897,9,29,Urban,Residential,0,,
C00488,3,266.1,288.08,178.23,87.87,232.82,1.777,0.893,8,30,Urban,Residential,0,265.54499999999996,265.54499999999996
C00824,6,272.87,290.14,198.49,74.37,233.0,1.875,0.867,4,28,Urban,Residential,0,277.05333333333334,261.61199999999997
C00471,3,886.8,1042.43,644.11,242.68,229.49,5.69,0.943,18,30,Rural,Commercial,0,993.665,993.665
C00557,4,317.95,250.74,192.96,124.99,231.62,2.061,,10,28,Semi-Urban,Residential,0,250.8066666666667,250.8066666666667
C00588,4,148.73,96.41,105.14,43.59,229.3,0.96,0.938,13,30,Rural,Residential,0,104.98,104.98
C00761,4,1774.53,1770.39,1252.65,521.88,224.46,12.143,0.904,9,30,Urban,Industrial,0,1576.08,1576.08
C00889,2,331.48,273.75,199.85,131.62,228.77,2.16,0.931,6,28,Urban,Residential,0,273.75,273.75
C00871,4,657.66,557.01,462.15,195.51,227.21,4.53,0.887,9,29,Rural,Commercial,0,513.9533333333333,513.9533333333333
C00381,6,1071.87,962.2,693.71,378.16,229.9,7.23,0.896,18,28,Urban,Commercial,0,1034.55,972.068
C00776,5,347.46,385.33,198.5,148.95,224.57,2.365,0.908,12,30,Urban,Residential,0,271.8533333333333,271.11
C01317,4,1210.79,1221.25,815.53,395.26,237.33,8.145,0.87,5,28,Semi-Urban,Commercial,0,1016.1933333333333,1016.1933333333333
C00081,5,775.6,748.35,565.87,209.73,237.48,5.035,0.901,5,28,Urban,Commercial,0,706.1300000000001,670.355
C00369,4,891.35,678.84,616.97,274.38,232.86,5.667,0.938,18,30,Semi-Urban,Commercial,0,629.6166666666667,629.6166666666667
C00903,5,167.39,208.62,107.2,60.18,238.6,1.055,0.924,5,30,Semi-Urban,Residential,0,154.25666666666666,147.8325
C01022,5,279.66,341.77,203.46,76.21,,1.833,0.927,7,28,Urban,Residential,0,306.69666666666666,294.365
C00426,6,356.18,386.44,257.66,98.52,222.77,2.51,0.885,10,30,Rural,Residential,0,376.97,333.45799999999997
C00002,2,564.17,624.94,318.71,245.47,231.62,3.74,0.905,3,30,Urban,Commercial,0,624.94,624.94
C00610,4,595.12,479.49,408.04,187.07,237.73,3.512,0.99,17,30,Urban,Commercial,0,497.53,497.53
C01380,4,926.1,676.64,673.8,252.3,233.08,6.15,0.897,10,28,Urban,Commercial,0,678.39,678.39
C00813,3,338.53,336.1,244.02,94.51,229.84,2.221,0.921,5,30,Rural,Residential,0,333.53,333.53
C00734,5,164.48,155.36,105.07,59.41,226.84,1.129,0.892,4,28,Urban,Residential,0,139.32333333333335,136.8625
C00925,3,143.25,126.26,82.56,60.68,235.64,0.898,0.941,17,30,Urban,Residential,0,129.27,129.27
C01330,1,126.01,,70.28,55.73,231.02,0.812,0.934,2,29,Urban,Residential,0,,
C00405,3,294.12,281.06,214.62,79.5,240.0,1.79,0.951,6,29,Urban,Residential,0,279.325,279.325
C00303,3,927.53,1011.92,552.88,374.65,226.85,6.522,0.871,16,30,Rural,Commercial,0,1025.65,1025.65
C01450,6,344.22,138.47,200.69,143.53,228.42,2.404,0.871,11,20,Urban,Residential,1,116.39,135.75799999999998
C00380,1,261.48,,188.55,72.93,218.01,1.929,0.864,0,28,Semi-Urban,Residential,0,,
C00169,4,207.14,151.34,118.52,88.61,219.95,1.403,0.932,2,29,Urban,Residential,0,153.64333333333332,153.64333333333332
C01117,4,202.88,188.14,144.63,58.25,233.87,1.316,0.915,8,29,Urban,Residential,0,174.22666666666666,174.22666666666666
C00178,6,2491.36,2077.71,1605.02,886.34,230.46,15.989,0.939,3,30,Urban,Industrial,0,1970.6899999999998,1788.5520000000001
C00332,6,391.41,457.62,288.25,103.16,234.17,2.753,0.843,1,29,Urban,Residential,0,364.7833333333333,347.59000000000003
C00662,5,835.56,841.46,517.57,317.99,233.23,5.045,0.986,15,30,Urban,Commercial,0,730.4066666666668,695.0025
C01366,4,225.9,194.17,150.63,75.27,233.4,1.509,0.891,11,30,Rural,Residential,0,173.1833333333333,173.1833333333333
C00980,6,5216.27,5612.61,3494.54,1721.73,223.39,35.356,0.917,5,28,Semi-Urban,Industrial,0,5420.39,5294.418
C01173,5,2714.82,1550.15,1744.42,970.4,244.94,16.724,0.92,16,29,Semi-Urban,Industrial,0,1972.1133333333335,1993.02
C00758,1,3951.92,,2186.34,1765.59,227.65,26.794,0.9,9,28,Urban,Industrial,0,,
C01405,5,208.41,225.74,128.81,79.6,226.14,1.364,0.939,18,30,Semi-Urban,Residential,0,189.52666666666667,183.52
C00645,4,313.38,287.08,195.93,117.44,233.25,1.885,0.99,15,30,Urban,Residential,0,304.4433333333333,304.4433333333333
C01419,5,218.85,218.27,151.44,67.41,238.62,1.455,0.875,1,30,Urban,Residential,0,181.20666666666668,171.8975
C00509,1,217.55,,129.63,87.92,223.24,1.524,0.888,0,28,Urban,Residential,0,,
C00131,2,130.76,136.87,78.93,51.83,238.41,0.855,0.891,7,30,Urban,Residential,0,136.87,136.87
C00446,6,3165.56,3311.99,1802.49,1363.07,236.28,18.796,0.99,0,30,Semi-Urban,Industrial,0,3267.9166666666665,2958.3419999999996
C00292,4,399.89,356.21,222.88,177.01,230.79,2.58,0.933,6,29,Urban,Residential,0,293.34999999999997,293.34999999999997
C00466,2,165.42,182.26,107.75,57.67,235.73,1.007,0.967,2,29,Urban,Residential,0,182.26,182.26
C00963,3,303.15,277.01,225.93,77.22,226.3,2.079,0.895,11,30,Urban,Residential,0,271.195,271.195
C00830,6,394.7,344.8,230.41,164.29,227.48,2.742,0.879,3,30,Semi-Urban,Residential,0,347.4533333333334,319.656
C00182,6,52.92,107.11,30.59,22.33,228.6,0.35,0.92,1,20,Rural,Residential,1,152.00333333333333,154.23600000000002
C01140,2,881.92,1089.44,490.49,391.43,230.25,6.187,0.86,7,29,Urban,Commercial,0,1089.44,1089.44
C00772,2,143.39,170.82,94.39,49.0,233.0,0.908,0.941,7,28,Rural,Residential,0,170.82,170.82
C00388,3,183.45,204.61,133.9,49.55,234.98,1.218,0.89,12,30,Urban,Residential,0,193.885,193.885
C01337,1,203.43,,133.75,69.68,231.51,1.294,0.943,5,30,Urban,Residential,0,,
C00843,4,728.34,735.89,281.14,447.2,225.5,7.942,0.565,11,25,Rural,Commercial,1,871.9200000000001,871.9200000000001
C00435,5,1093.13,1227.66,754.33,338.8,225.13,7.264,0.928,17,30,Semi-Urban,Commercial,0,1069.3633333333335,1005.3775
C01349,6,5489.35,5094.56,3672.76,1816.58,226.43,38.38,0.877,3,28,Urban,Industrial,0,4584.496666666667,4269.696
C00382,5,596.44,612.41,392.69,203.76,224.43,4.067,0.908,14,30,Semi-Urban,Commercial,0,562.2766666666666,517.9825
C00288,6,833.64,829.31,516.76,316.88,233.28,5.013,0.99,1,30,Rural,Commercial,0,838.6566666666668,769.2940000000001
C00102,5,213.97,216.58,152.13,61.83,236.97,1.322,0.948,17,30,Semi-Urban,Residential,0,177.87333333333333,170.25
C00778,5,219.08,190.13,138.93,80.15,230.82,1.523,0.865,5,30,Semi-Urban,Residential,0,180.76999999999998,174.34
C01159,3,200.29,222.84,114.09,86.2,228.56,1.24,0.982,7,29,Urban,Residential,1,211.74,211.74
C00058,2,190.95,174.6,111.35,79.6,227.18,1.273,0.917,0,29,Semi-Urban,Residential,0,174.6,174.6
C01153,5,4581.87,6193.93,2626.62,1955.25,227.79,28.793,0.97,0,28,Semi-Urban,Industrial,0,4544.876666666667,4325.6125
C01284,4,875.8,840.46,632.85,242.95,233.86,6.175,0.842,19,29,Semi-Urban,Commercial,0,739.1999999999999,739.1999999999999
C00626,1,208.65,,152.0,56.65,230.0,1.406,0.896,6,30,Urban,Residential,0,,
C01450,1,171.57,,100.5,71.06,227.76,1.228,0.852,11,28,Urban,Residential,0,,
C01403,1,178.44,,110.52,67.91,228.93,1.186,0.913,4,30,Urban,Residential,0,,
C00536,6,351.22,332.57,214.85,136.37,224.37,2.245,0.968,18,28,Semi-Urban,Residential,0,280.4433333333333,271.062
C00017,2,163.06,156.23,116.65,46.41,233.59,0.987,0.983,3,30,Rural,Residential,0,156.23,156.23
C01037,1,531.18,,397.54,133.64,,,0.987,8,30,Semi-Urban,Commercial,0,,
C00863,5,237.6,307.62,154.52,83.08,240.49,1.58,0.868,12,29,Urban,Residential,0,253.17666666666665,254.3075
C00257,2,240.39,226.58,136.14,104.25,231.27,1.523,0.948,0,28,Semi-Urban,Residential,0,226.58,226.58
C00599,1,228.45,,161.79,66.65,227.59,1.495,0.932,12,28,Rural,Residential,0,,
C01002,3,280.26,207.64,180.16,100.11,229.82,1.991,0.851,14,29,Rural,Residential,0,226.665,226.665
C00609,1,281.62,,205.65,75.97,229.67,1.756,0.97,19,30,Urban,Residential,0,,
C01311,2,225.01,192.19,161.29,63.72,228.0,1.466,0.935,19,29,Urban,Residential,0,192.19,192.19
C01021,2,983.11,864.83,579.14,403.97,229.9,6.134,0.968,6,30,Urban,Commercial,0,864.83,864.83
C00253,6,395.48,349.04,245.1,150.39,239.81,2.652,0.864,4,29,Semi-Urban,Residential,0,305.0133333333334,300.912
C00844,4,2369.05,2213.02,1514.81,854.25,228.02,15.968,0.904,6,28,Semi-Urban,Industrial,0,1889.7466666666667,1889.7466666666667
C01409,3,204.64,200.95,119.59,85.05,240.36,1.205,0.982,10,30,Semi-Urban,Residential,0,205.14999999999998,205.14999999999998
C00771,5,266.08,360.45,162.23,103.86,228.78,1.798,0.898,3,30,Urban,Residential,0,311.9266666666667,314.98249999999996
C00713,1,821.48,,611.73,209.75,234.01,5.505,0.886,19,28,Semi-Urban,Commercial,0,,
C00612,4,339.76,267.92,224.55,115.21,240.28,2.219,0.885,6,30,Urban,Residential,0,245.52,245.52
C00967,5,415.2,442.82,257.32,157.89,233.82,2.668,0.924,0,28,Rural,Residential,0,372.13000000000005,336.29
C00349,3,3348.6,3149.15,2134.45,1214.15,230.44,22.383,0.902,6,28,Semi-Urban,Industrial,0,2985.7,2985.7
C00096,3,137.28,124.7,80.13,57.16,228.25,0.868,0.962,18,30,Urban,Residential,0,124.13499999999999,124.13499999999999
C01441,1,258.05,,144.26,113.79,228.08,1.754,0.896,6,30,Urban,Residential,0,,
C01248,3,218.24,211.47,125.3,92.94,229.94,1.444,0.913,4,30,Semi-Urban,Residential,0,206.70499999999998,206.70499999999998
C01366,5,231.65,225.9,146.45,85.2,239.52,1.43,,11,30,Rural,Residential,0,195.87333333333333,186.3625
C00511,3,247.18,187.95,179.74,67.44,226.12,1.534,0.99,13,29,Urban,Residential,0,206.02499999999998,206.02499999999998
C01398,2,985.65,1078.66,726.43,259.23,226.25,6.989,0.866,8,29,Urban,Commercial,0,1078.66,1078.66
C01471,6,324.39,371.14,237.67,86.72,229.9,2.076,0.944,5,30,Urban,Residential,0,387.96000000000004,355.462
C01072,2,638.97,673.76,441.98,196.99,229.75,,0.931,0,29,Rural,Commercial,0,673.76,673.76
C01318,3,277.18,250.3,207.15,70.02,234.06,1.827,0.9,12,29,Urban,Residential,0,279.93,279.93
C01105,3,2436.84,1648.51,1804.52,632.32,225.54,16.867,0.89,18,29,Semi-Urban,Industrial,0,1851.8899999999999,1851.8899999999999
C00747,4,44.11,90.15,28.38,15.73,230.95,0.284,0.934,16,20,Urban,Residential,1,112.07000000000001,112.07000000000001
C00825,5,4538.03,4433.45,3060.56,1477.46,243.33,29.016,0.893,15,28,Rural,Industrial,0,4205.96,3990.7174999999997
C00997,1,607.5,,424.54,182.96,230.38,4.147,0.883,3,30,Urban,Commercial,0,,
C00062,5,62.73,180.27,39.67,23.07,223.87,0.431,0.903,3,30,Urban,Residential,0,161.91,156.445
C00324,1,203.39,,118.5,84.89,229.41,1.279,0.963,9,30,Urban,Residential,0,,
C01167,3,169.62,132.48,126.37,43.25,223.61,1.249,0.843,13,30,Urban,Residential,0,120.425,120.425
C00293,2,179.06,188.31,133.69,45.36,229.23,1.225,0.885,14,29,Urban,Residential,0,188.31,188.31
C00612,5,369.19,339.76,213.52,155.67,231.03,2.417,0.918,6,29,Urban,Residential,0,287.17,269.08000000000004
C00609,5,325.48,368.49,209.44,116.04,226.21,2.146,0.931,19,30,Urban,Residential,0,302.03333333333336,296.93
C00867,6,301.72,300.75,220.7,81.02,229.84,2.079,0.877,16,30,Rural,Residential,0,295.93,269.48400000000004
C00394,4,241.32,206.91,148.48,92.84,238.89,1.518,0.924,15,30,Rural,Residential,0,195.92999999999998,195.92999999999998
C00711,1,164.21,,92.84,71.37,226.82,1.019,0.987,13,30,Rural,Residential,0,,
C00906,3,176.82,160.91,121.75,55.07,224.12,1.107,0.99,11,29,Urban,Residential,0,159.84,159.84
C00832,6,151.99,154.6,108.16,43.83,219.95,0.969,0.99,12,30,Urban,Residential,0,163.95000000000002,157.378
C01069,5,324.74,361.26,200.06,124.68,238.78,2.201,0.858,12,29,Rural,Residential,0,317.6033333333333,305.9425
C01426,2,3861.0,4251.8,2496.05,1364.95,225.96,25.205,0.942,17,30,Urban,Industrial,0,4251.8,4251.8
C00623,6,366.63,306.63,266.72,99.91,233.38,2.283,0.956,1,29,Semi-Urban,Residential,0,328.88000000000005,298.698
C01016,2,220.11,210.57,163.38,56.73,233.87,1.548,0.844,0,28,Urban,Residential,0,210.57,210.57
C01138,3,3216.4,3281.59,1839.98,1376.42,229.02,21.292,0.916,17,29,Urban,Industrial,0,3267.57,3267.57
C01145,5,544.2,633.81,333.11,211.09,222.21,3.576,0.951,14,30,Semi-Urban,Commercial,0,518.6666666666666,489.3375
C00932,6,429.63,386.84,263.12,166.51,232.33,2.846,0.902,17,30,Semi-Urban,Residential,0,362.77,341.38
C00196,2,200.54,212.51,117.21,83.33,232.0,1.307,0.919,10,29,Semi-Urban,Residential,0,212.51,212.51
C01497,5,3349.58,3938.53,2197.6,1151.99,224.05,22.642,0.917,13,30,Urban,Industrial,0,3603.34,3412.5975
C00238,1,172.06,,97.18,74.88,235.26,1.2,,10,28,Rural,Residential,0,,
C01423,5,210.46,208.05,130.3,80.16,243.64,1.228,0.977,7,28,Semi-Urban,Residential,0,179.13000000000002,174.0575
C01409,4,213.01,204.64,151.73,61.28,223.35,1.44,0.92,10,30,Semi-Urban,Residential,0,204.98,204.98
C01084,4,248.36,244.44,137.72,110.64,224.59,1.73,0.888,1,29,Urban,Residential,0,226.12,226.12
C01380,3,676.64,769.5,500.28,176.36,225.08,4.47,0.934,10,28,Urban,Commercial,0,679.265,679.265
C00146,5,254.46,321.99,184.71,69.75,230.47,1.746,0.878,18,29,Urban,Residential,0,190.6,193.72
C00383,6,348.04,345.07,215.99,132.05,227.82,2.344,0.905,1,29,Semi-Urban,Residential,0,334.80333333333334,318.382
C00441,4,160.64,124.95,101.99,58.65,226.43,1.046,0.942,9,28,Rural,Residential,0,123.02333333333335,123.02333333333335
C01185,3,220.02,151.33,144.21,75.81,234.06,1.319,0.99,4,30,Rural,Residential,0,156.735,156.735
C00287,4,253.17,182.98,171.16,82.01,224.98,1.821,0.858,12,29,Semi-Urban,Residential,0,180.17666666666665,180.17666666666665
C00892,2,577.56,535.01,351.89,225.67,232.52,,0.874,7,28,Urban,Commercial,0,535.01,535.01
C00989,5,119.01,136.98,73.78,45.23,239.56,0.742,0.93,0,30,Semi-Urban,Residential,0,121.78666666666668,118.2
C00141,1,322.15,,187.45,134.7,236.76,2.199,0.859,7,30,Urban,Residential,0,,
C01498,6,1341.57,1381.99,758.78,582.79,226.64,8.37,0.982,18,30,Urban,Commercial,0,1334.5200000000002,1227.868
C00097,6,1505.97,1465.96,906.48,599.5,234.29,9.905,,14,28,Urban,Commercial,0,1332.8733333333332,1231.326
C00035,1,239.75,,161.97,77.78,234.43,1.715,,10,30,Semi-Urban,Residential,0,,
C00274,4,281.82,237.53,176.85,104.97,231.87,1.856,0.909,4,30,Semi-Urban,Residential,0,219.03666666666666,219.03666666666666
C00336,5,5586.29,4363.61,4100.83,1485.46,226.18,36.515,0.939,8,30,Semi-Urban,Industrial,0,4074.3266666666664,3833.0625
C00543,2,147.71,131.99,83.51,64.21,218.31,1.001,0.939,3,30,Semi-Urban,Residential,0,131.99,131.99
C01019,1,234.03,,145.95,88.08,230.35,1.571,0.898,19,30,Rural,Residential,0,,
C00151,6,339.58,424.18,211.41,128.17,226.39,2.316,0.9,13,29,Rural,Residential,0,370.29333333333335,358.546
C00106,2,220.26,187.92,143.93,76.33,220.87,1.496,0.926,17,30,Urban,Residential,0,187.92,187.92
C01171,2,165.29,225.73,106.51,58.78,233.18,1.031,0.955,12,30,Urban,Residential,0,225.73,225.73
C01058,4,159.0,133.79,111.31,47.68,227.65,1.039,0.934,10,30,Urban,Residential,0,131.33,131.33
C00330,1,191.18,,139.08,52.1,224.99,1.211,0.974,2,30,Rural,Residential,0,,
C00028,1,267.49,,165.63,101.86,227.58,1.661,0.983,14,29,Urban,Residential,0,,
C00834,1,282.35,,183.94,98.41,228.44,1.918,0.895,17,29,Rural,Residential,0,,
C01126,3,671.23,743.18,396.6,274.63,235.18,4.072,0.973,0,30,Semi-Urban,Commercial,0,743.01,743.01
C01424,3,193.08,256.31,119.08,74.0,229.28,1.795,0.652,12,28,Urban,Residential,1,263.575,263.575
C01124,4,436.54,934.93,284.38,152.16,233.52,2.869,0.905,12,30,Rural,Commercial,0,906.2033333333333,906.2033333333333
C00786,4,348.75,236.55,239.86,108.89,225.85,2.31,0.929,4,28,Urban,Residential,0,235.65666666666667,235.65666666666667
C00146,6,226.92,254.46,155.27,71.65,228.4,1.626,0.849,18,28,Urban,Residential,1,219.59,205.868
C00239,4,186.58,236.35,123.58,62.99,232.48,1.237,0.901,8,20,Semi-Urban,Residential,1,281.3633333333333,281.3633333333333
C00774,6,381.45,298.92,210.76,170.68,228.32,2.604,0.891,8,29,Semi-Urban,Residential,0,350.15000000000003,329.664
C00847,5,286.75,297.82,213.54,73.22,235.86,1.875,0.901,12,30,Urban,Residential,0,262.99,249.04500000000002
C00964,6,233.08,201.47,147.43,85.65,229.99,1.539,0.915,11,30,Semi-Urban,Residential,0,218.74666666666667,198.206
C01376,4,466.53,360.03,265.94,200.59,235.92,2.774,0.99,16,29,Rural,Residential,0,320.43333333333334,320.43333333333334
C01030,4,158.59,138.11,107.18,51.4,228.28,1.141,0.845,15,30,Semi-Urban,Residential,0,120.07333333333334,120.07333333333334
C01087,2,227.59,215.92,128.78,98.82,229.97,1.606,0.856,17,29,Urban,Residential,0,215.92,215.92
C01049,3,1166.96,915.56,797.8,369.16,224.27,7.591,0.952,11,29,Rural,Commercial,0,945.31,945.31
C01422,5,398.38,346.65,276.84,121.54,231.74,2.603,0.917,1,30,Semi-Urban,Residential,0,274.84999999999997,280.21500000000003
C00477,1,4841.24,,2984.37,1856.87,221.87,32.568,0.931,5,30,Semi-Urban,Industrial,0,,
C00311,2,994.53,938.38,639.23,355.3,233.61,6.37,0.928,13,28,Semi-Urban,Commercial,0,938.38,938.38
C00444,2,298.85,360.64,187.13,111.73,,1.992,0.889,8,30,Semi-Urban,Commercial,0,360.64,360.64
C00565,1,3114.42,,2041.27,1073.16,231.45,20.769,0.9,5,29,Semi-Urban,Industrial,0,,
C01441,6,362.97,405.58,270.01,92.96,229.1,2.318,0.949,6,30,Urban,Residential,0,342.4333333333334,316.476
C01474,2,152.55,169.26,96.47,56.08,225.78,1.024,0.916,8,29,Semi-Urban,Residential,0,169.26,169.26
C01093,3,349.16,280.92,237.92,111.24,235.22,2.117,0.974,11,29,Semi-Urban,Residential,0,299.32000000000005,299.32000000000005
C01150,6,633.32,272.61,356.89,276.43,232.45,,0.917,10,28,Urban,Commercial,0,560.77,584.0600000000001
C00789,6,936.36,1131.89,659.02,277.34,232.73,6.093,0.917,12,30,Urban,Commercial,0,797.4333333333334,816.958
C00556,2,187.24,280.47,118.13,69.11,232.52,1.205,0.928,6,30,Urban,Residential,0,280.47,280.47
C01346,3,188.66,159.91,111.55,77.12,243.3,1.148,0.938,7,28,Urban,Residential,0,159.08499999999998,159.08499999999998
C01239,4,196.52,189.44,118.22,78.3,234.75,1.184,0.982,13,30,Semi-Urban,Residential,0,176.72333333333333,176.72333333333333
C01361,2,686.56,626.98,489.89,196.66,222.46,4.565,0.939,5,28,Urban,Commercial,0,626.98,626.98
C00350,3,269.42,188.97,192.83,76.59,231.16,1.728,0.937,4,30,Urban,Residential,0,204.185,204.185
C00334,6,1427.29,1174.25,999.07,428.22,229.54,9.512,0.908,8,30,Rural,Commercial,0,1277.9399999999998,1218.628
C01402,1,135.65,,98.25,37.4,236.99,0.863,0.921,19,30,Semi-Urban,Residential,0,,
C01297,3,298.13,278.97,210.76,87.38,230.3,,0.99,15,30,Semi-Urban,Residential,0,274.355,274.355
C01121,6,198.95,209.27,127.78,71.17,223.99,1.484,0.831,0,30,Urban,Residential,0,197.35333333333332,177.638
C00837,2,903.69,894.37,529.68,374.02,,5.972,0.92,12,29,Semi-Urban,Commercial,0,894.37,894.37
C00092,1,310.29,,205.94,104.35,235.18,1.867,0.981,16,28,Rural,Residential,0,,
C00242,4,430.56,409.07,279.05,151.5,234.88,2.724,0.935,7,29,Urban,Residential,0,358.24,358.24
C01144,5,149.33,170.8,105.32,44.01,217.46,0.972,0.982,3,30,Urban,Residential,0,144.58,140.995
C00436,1,283.5,,178.32,105.18,231.06,1.824,0.934,18,28,Urban,Residential,0,,
C00317,5,488.25,469.34,294.63,193.62,226.98,3.161,0.945,13,29,Semi-Urban,Commercial,0,420.93,428.0925
C01478,1,184.19,,111.84,72.35,230.01,1.224,0.908,14,29,Urban,Residential,0,,
C00460,4,365.89,348.65,259.46,106.43,225.27,2.292,0.984,14,28,Rural,Residential,0,312.27666666666664,312.27666666666664
C00315,2,252.33,251.2,187.08,65.25,233.41,1.8,0.834,12,30,Semi-Urban,Residential,0,251.2,251.2
C01481,4,330.94,250.58,211.64,119.3,236.92,2.264,0.857,14,29,Urban,Residential,0,252.17,252.17
C00957,3,434.63,400.34,322.73,111.9,219.66,3.05,0.901,19,30,Urban,Commercial,0,411.715,411.715
C01248,4,257.3,218.24,188.06,69.24,238.34,1.597,0.939,4,30,Semi-Urban,Residential,0,210.54999999999998,210.54999999999998
C00982,5,354.23,369.61,218.48,135.74,224.67,2.369,0.924,7,28,Semi-Urban,Residential,0,296.6766666666667,294.9425
C00350,4,304.56,269.42,191.77,112.79,231.37,1.926,0.949,4,28,Urban,Residential,0,225.92999999999998,225.92999999999998
C01400,1,178.48,,101.86,76.61,226.52,1.139,0.961,5,30,Rural,Residential,0,,
C00949,5,389.0,367.84,270.22,118.78,234.15,2.55,0.905,13,30,Urban,Residential,0,338.52666666666664,332.34
C00084,2,173.13,161.89,116.11,57.02,234.51,1.038,0.988,10,30,Urban,Residential,0,161.89,161.89
C00938,3,586.48,702.49,328.56,257.92,224.9,3.669,0.987,10,29,Semi-Urban,Commercial,0,616.55,616.55
C00140,3,118.08,118.24,73.57,44.51,239.29,0.709,0.966,17,30,Rural,Residential,0,116.625,116.625
C00579,4,236.3,216.79,146.49,89.82,233.13,1.581,0.891,9,29,Rural,Residential,0,224.95333333333335,224.95333333333335
C00783,6,316.76,368.64,192.74,124.02,222.34,2.111,0.938,13,30,Semi-Urban,Residential,0,345.83,320.07399999999996
C01489,3,332.35,338.26,197.44,134.91,229.75,2.058,0.976,9,30,Semi-Urban,Residential,0,311.575,311.575
C00362,6,2996.48,3736.51,1739.63,1256.85,229.16,19.346,0.939,17,30,Urban,Industrial,0,3247.8266666666664,3087.41
C01390,6,279.46,296.95,198.64,80.82,230.75,1.837,0.916,19,28,Rural,Residential,0,265.55333333333334,239.68
C00947,3,275.23,272.02,157.81,117.42,229.39,,0.884,5,30,Rural,Residential,0,270.685,270.685
C01383,2,127.91,132.63,86.48,41.43,230.21,0.845,0.913,2,30,Urban,Residential,0,132.63,132.63
C00067,3,268.01,247.11,187.57,80.43,225.67,1.894,0.871,1,30,Urban,Residential,0,237.31,237.31
C00336,1,3109.27,,1962.97,1146.3,235.99,19.78,0.925,8,30,Semi-Urban,Industrial,0,,
C00862,1,206.01,,140.92,65.1,224.44,1.397,0.913,0,29,Urban,Residential,0,,
C00979,4,141.9,113.75,90.29,51.61,228.43,0.968,0.892,12,29,Rural,Residential,0,105.59333333333332,105.59333333333332
C01476,5,846.93,793.0,520.13,326.8,227.0,5.442,0.952,4,30,Rural,Commercial,0,706.4733333333334,674.59
C00214,6,3196.29,3205.44,2145.69,1050.61,226.09,21.492,0.914,7,28,Semi-Urban,Industrial,0,2929.883333333333,2690.55
C01163,4,41.25,48.23,27.11,14.15,226.37,0.267,0.948,14,30,Urban,Residential,1,105.17666666666668,105.17666666666668
C01205,3,575.23,541.44,316.67,258.56,217.81,4.122,0.89,8,30,Urban,Commercial,0,537.2,537.2
C00710,3,780.8,622.87,430.5,350.3,220.87,4.967,0.989,19,28,Semi-Urban,Commercial,0,629.185,629.185
C00307,1,159.64,,99.64,59.99,231.41,1.016,0.943,18,28,Urban,Residential,0,,
C01365,1,116.89,,73.0,43.88,225.22,0.735,0.981,0,30,Semi-Urban,Residential,0,,
C00170,6,710.7,643.85,396.62,314.08,225.25,4.623,0.948,15,29,Urban,Commercial,0,631.6433333333333,599.216
C01193,2,295.94,306.1,171.04,124.91,232.53,1.993,0.887,19,30,Semi-Urban,Residential,0,306.1,306.1
C00222,1,130.86,,85.66,45.21,236.46,0.851,0.903,2,30,Urban,Residential,0,,
C01256,1,179.67,,128.74,50.94,227.56,1.179,0.93,14,30,Urban,Residential,0,,
C00080,2,195.23,256.08,110.12,85.12,235.79,1.184,0.971,19,29,Semi-Urban,Residential,0,256.08,256.08
C00469,3,307.45,246.08,210.3,97.14,224.96,2.129,0.892,7,30,Urban,Residential,0,263.19,263.19
C01237,5,480.19,480.46,272.45,207.74,228.86,3.351,0.87,2,29,Semi-Urban,Commercial,0,435.02666666666664,431.6225
C00276,2,440.96,497.22,276.96,164.0,231.51,2.908,0.91,1,29,Urban,Commercial,0,497.22,497.22
C01448,5,161.95,167.73,112.0,49.95,,1.113,0.906,9,30,Semi-Urban,Residential,0,154.63,145.25
C00195,6,311.21,356.98,205.06,106.15,226.0,2.125,0.9,4,30,Semi-Urban,Residential,0,322.14000000000004,297.264
C00422,3,119.97,146.7,89.11,30.86,227.76,0.767,0.954,2,30,Rural,Residential,0,144.845,144.845
C00202,1,1039.02,,749.96,289.06,234.08,6.53,0.944,3,30,Semi-Urban,Commercial,0,,
C01072,3,793.1,638.97,577.42,215.68,224.22,5.475,0.897,0,30,Rural,Commercial,0,656.365,656.365
C00912,4,4823.22,4951.13,2797.59,2025.63,230.18,32.92,0.884,15,30,Semi-Urban,Industrial,0,4453.186666666667,4453.186666666667
C01414,6,223.54,95.03,129.54,93.99,229.27,1.441,0.939,10,29,Urban,Residential,0,145.38,149.458
C01267,5,274.56,357.36,178.45,96.11,238.49,1.741,0.919,8,30,Rural,Residential,0,308.20666666666665,301.8075
C01041,3,179.85,156.96,123.89,55.96,232.35,1.167,0.922,10,28,Urban,Residential,0,149.19,149.19
C00145,4,507.63,561.06,313.49,194.14,226.09,3.15,0.99,19,29,Rural,Commercial,0,505.77666666666664,505.77666666666664
C00496,5,383.88,344.13,254.07,129.81,233.89,2.52,0.904,10,30,Rural,Residential,0,318.74666666666667,309.5625
C00873,5,217.54,168.76,161.32,56.22,225.3,,0.905,1,28,Urban,Residential,0,147.10333333333335,145.395
C00849,6,331.38,381.93,216.85,114.53,228.93,2.149,0.935,9,29,Semi-Urban,Residential,0,354.83,324.16999999999996
C00906,4,190.37,176.82,132.9,57.47,236.05,1.298,0.863,11,28,Urban,Residential,0,165.5,165.5
C00091,2,4132.87,3968.51,2292.92,1839.95,216.8,29.19,0.907,13,29,Rural,Industrial,0,3968.51,3968.51
C00866,6,537.26,535.82,300.64,236.62,229.5,3.438,0.946,10,30,Semi-Urban,Commercial,0,504.1366666666666,475.796
C00189,5,326.44,293.46,231.11,95.33,222.0,2.25,0.908,18,30,Semi-Urban,Residential,0,282.31666666666666,276.87
C01483,6,313.2,314.13,178.79,134.4,226.82,2.071,0.926,16,28,Urban,Residential,0,273.78333333333336,260.97200000000004
C01299,2,356.89,313.43,217.39,139.5,233.3,2.324,0.914,16,29,Urban,Residential,0,313.43,313.43
C01406,6,1220.44,1181.97,708.39,512.05,232.98,8.195,0.888,14,30,Rural,Commercial,0,1071.8766666666668,1002.042
C00566,1,296.66,,204.43,92.23,230.58,2.02,0.885,11,29,Urban,Residential,0,,
C01416,6,287.42,237.17,207.25,80.17,226.19,1.937,0.911,6,30,Semi-Urban,Residential,0,237.89333333333335,214.968
C00494,5,238.6,235.04,133.53,105.07,227.58,1.548,0.941,2,30,Urban,Residential,0,199.63,193.2025
C00693,4,345.51,238.4,204.92,140.6,224.01,2.282,0.939,1,29,Semi-Urban,Residential,0,271.8833333333333,271.8833333333333
C00544,2,547.27,374.83,337.35,209.92,228.95,3.543,0.937,16,30,Urban,Commercial,0,374.83,374.83
C01006,5,615.71,582.61,412.24,203.47,228.32,4.149,0.903,0,30,Urban,Commercial,0,502.43333333333334,496.87
C00016,4,382.89,352.38,221.25,161.63,222.61,2.474,0.966,4,30,Semi-Urban,Residential,0,305.5233333333333,305.5233333333333
C01498,5,1381.99,1444.66,817.91,564.08,227.77,9.341,0.902,18,29,Urban,Commercial,0,1219.9233333333334,1189.3375
C00431,4,288.6,334.33,214.58,74.02,226.21,1.8,0.985,14,29,Urban,Residential,0,294.16,294.16
C00469,6,294.01,300.84,186.31,107.69,235.39,1.872,0.927,7,29,Urban,Residential,0,299.49,284.96999999999997
C01277,6,366.58,386.18,259.24,107.34,227.29,2.5,0.896,7,29,Urban,Residential,0,347.10666666666674,317.574
C00492,2,277.32,323.07,156.81,120.5,220.39,1.945,0.899,5,29,Urban,Residential,0,323.07,323.07
C00863,3,215.61,236.3,123.3,92.32,229.97,1.393,0.935,12,30,Urban,Residential,0,247.0,247.0
C01156,5,168.8,190.4,96.12,72.68,228.02,1.119,0.919,7,29,Urban,Residential,0,169.62,167.645
C00598,5,155.84,146.37,98.82,57.02,237.89,1.001,0.909,4,28,Urban,Residential,0,141.00333333333333,140.125
C01390,3,245.81,207.19,184.01,61.8,226.49,1.737,0.868,19,28,Rural,Residential,0,200.87,200.87
C01080,2,117.12,112.52,77.97,39.15,226.63,0.799,0.898,10,30,Rural,Residential,0,112.52,112.52
C00428,2,260.55,227.1,178.3,82.25,235.79,,0.906,3,28,Rural,Residential,0,227.1,227.1
C00439,3,146.77,156.75,92.29,54.48,222.09,0.996,0.922,5,30,Urban,Residential,0,161.68,161.68
C01318,6,348.23,268.57,236.51,111.72,223.36,2.548,0.85,12,28,Urban,Residential,0,293.06333333333333,287.81
C01052,2,218.94,222.34,157.77,61.17,222.63,1.495,,6,30,Rural,Residential,0,222.34,222.34
C00840,3,997.16,878.24,715.44,281.72,224.62,6.964,0.885,4,29,Semi-Urban,Commercial,0,897.8,897.8
C00181,1,172.49,,99.59,72.9,219.84,1.257,0.867,15,30,Urban,Residential,0,,
C00714,6,453.92,468.37,295.49,158.43,238.85,3.042,0.868,18,30,Semi-Urban,Commercial,0,430.0366666666667,414.646
C01081,3,162.37,122.52,117.24,45.14,241.59,0.965,0.967,2,29,Urban,Residential,0,121.475,121.475
C00348,4,245.02,237.02,173.44,71.58,227.94,1.625,0.919,15,29,Urban,Residential,0,219.53666666666666,219.53666666666666
C00409,5,275.94,314.47,195.36,80.59,229.14,1.748,0.957,8,29,Urban,Residential,0,292.62,286.9675
C00828,5,682.36,743.04,430.45,251.92,240.73,4.45,0.885,6,28,Urban,Commercial,0,668.4333333333334,623.6
C00338,2,195.89,194.18,145.43,50.46,226.77,1.399,0.857,17,30,Rural,Residential,0,194.18,194.18
C01147,4,3126.34,2788.19,1750.75,1375.59,229.53,19.193,0.986,12,28,Semi-Urban,Industrial,0,2610.8799999999997,2610.8799999999997
C01341,2,221.34,281.61,141.04,80.3,238.16,1.363,0.947,15,29,Urban,Residential,0,281.61,281.61
C01265,5,153.47,141.07,94.61,58.86,227.27,1.008,0.931,8,29,Urban,Residential,0,122.73,121.64
C00038,5,311.96,316.72,205.9,106.06,228.81,2.13,0.889,13,29,Rural,Residential,0,272.57666666666665,256.9825
C00169,6,181.39,188.22,128.45,52.93,229.45,1.218,0.901,2,30,Urban,Residential,0,182.23333333333335,171.25799999999998
C00322,4,332.14,268.79,228.57,103.57,231.55,2.18,0.914,13,29,Urban,Residential,0,251.91333333333333,251.91333333333333
C01177,3,208.0,256.96,130.23,77.77,237.45,1.277,0.953,18,30,Semi-Urban,Residential,1,235.2,235.2
C00876,2,192.96,234.85,137.69,55.28,234.17,1.21,0.946,16,29,Urban,Residential,0,234.85,234.85
C00235,1,215.41,,159.35,56.05,226.0,1.458,0.908,0,29,Urban,Residential,0,,
C00364,2,179.21,191.27,120.6,58.6,229.29,1.229,0.883,8,29,Urban,Residential,0,191.27,191.27
C00117,2,244.28,269.55,175.32,68.97,221.84,1.692,0.904,15,30,Semi-Urban,Residential,0,269.55,269.55
C00188,3,1352.82,1342.48,916.65,436.17,234.04,8.8,0.912,9,30,Urban,Commercial,0,1243.13,1243.13
C00650,2,264.69,252.84,186.29,78.4,234.25,1.711,0.917,10,30,Rural,Residential,0,252.84,252.84
C01113,5,260.42,296.96,185.39,75.03,,1.737,0.879,6,29,Semi-Urban,Residential,0,236.10666666666665,222.54500000000002
C00852,5,304.9,312.71,202.45,102.45,223.97,2.058,0.919,18,29,Urban,Residential,0,287.07,277.3125
C00297,3,262.18,299.88,146.38,115.8,240.37,1.616,0.937,14,30,Urban,Residential,0,274.96500000000003,274.96500000000003
C01053,3,378.37,94.28,251.93,126.44,228.41,2.394,0.961,4,28,Urban,Residential,0,194.57999999999998,194.57999999999998
C00440,1,258.53,,146.71,111.82,223.1,1.767,0.911,12,30,Semi-Urban,Residential,0,,
C00582,4,3906.92,3703.59,2657.67,1249.25,232.7,25.762,0.905,3,30,Rural,Industrial,0,3698.036666666667,3698.036666666667
C01125,1,151.86,,90.03,61.83,230.9,1.037,0.881,7,30,Rural,Residential,0,,
C00173,6,225.68,188.29,144.06,81.63,231.73,1.515,0.893,11,30,Urban,Residential,0,176.80666666666664,163.78
C01016,4,308.71,216.27,227.05,81.65,220.63,2.119,0.917,0,30,Urban,Residential,0,215.65,215.65
C00377,1,2864.24,,1641.06,1223.18,228.85,20.221,0.86,3,30,Semi-Urban,Industrial,0,,
C01105,6,3244.12,3205.28,1839.39,1404.73,227.56,,0.968,18,30,Semi-Urban,Industrial,0,2983.17,2530.6580000000004
C00436,4,350.12,236.99,201.3,148.82,228.57,2.29,0.929,18,30,Urban,Residential,0,250.75666666666666,250.75666666666666
C00053,2,352.63,339.1,200.2,152.43,231.76,2.195,0.963,17,29,Semi-Urban,Residential,0,339.1,339.1
C00442,4,336.85,326.83,211.57,125.28,230.7,2.181,0.93,15,29,Urban,Residential,0,329.8066666666667,329.8066666666667
C00381,2,870.79,885.9,504.07,366.73,226.44,5.585,0.956,18,29,Urban,Commercial,0,885.9,885.9
C01182,2,183.81,202.94,118.73,65.09,229.22,1.256,0.887,15,28,Semi-Urban,Residential,0,202.94,202.94
C00425,4,284.51,238.54,183.27,101.24,228.09,1.99,0.87,3,30,Urban,Residential,0,225.85999999999999,225.85999999999999
C00919,5,213.49,164.74,127.52,85.97,228.46,1.398,0.928,13,29,Urban,Residential,0,160.92666666666665,156.9425
C00856,3,243.18,222.08,142.73,100.45,232.57,1.633,0.889,2,30,Urban,Residential,0,238.29500000000002,238.29500000000002
C00360,6,136.17,147.16,76.93,59.24,229.75,0.904,0.911,2,29,Rural,Residential,0,135.51999999999998,126.732
C00523,6,198.72,229.14,138.67,60.05,220.43,1.396,0.897,5,30,Urban,Residential,0,224.48666666666668,191.042
C01367,4,134.96,121.92,78.11,56.85,230.29,0.822,0.99,12,30,Rural,Residential,0,122.97333333333334,122.97333333333334
C00976,1,160.96,,93.48,67.47,232.52,1.025,0.938,16,30,Urban,Residential,0,,
C00662,2,700.23,588.79,411.65,288.59,228.45,4.776,0.891,15,28,Urban,Commercial,0,588.79,588.79
C00239,1,328.96,,224.43,104.54,230.18,2.129,0.932,8,29,Semi-Urban,Residential,0,,
C01171,5,259.96,272.23,155.59,104.37,234.02,1.758,0.878,12,28,Urban,Residential,0,220.62666666666667,221.9025
C00421,1,153.17,,85.36,67.81,236.35,0.965,0.933,17,28,Urban,Residential,0,,
C01060,4,333.03,299.33,236.68,96.35,228.12,2.294,0.884,18,30,Urban,Residential,0,287.04333333333335,287.04333333333335
C01193,4,264.79,271.18,167.38,97.41,228.5,1.743,0.923,19,29,Semi-Urban,Residential,0,291.0733333333333,291.0733333333333
C01219,1,159.93,,102.4,57.53,225.9,1.122,0.876,10,30,Urban,Residential,0,,
C01238,3,360.48,305.98,243.62,116.85,224.59,2.367,0.942,19,30,Semi-Urban,Residential,0,273.22,273.22
C00934,5,254.27,229.58,175.09,79.18,224.64,1.751,0.898,0,30,Rural,Residential,0,212.8066666666667,204.29250000000002
C01488,3,132.48,130.96,96.42,36.06,229.34,0.87,0.922,3,30,Urban,Residential,0,130.425,130.425
C00075,5,296.48,267.87,172.08,124.4,236.77,1.835,0.948,12,29,Urban,Residential,0,251.67666666666665,241.57
C01320,2,111.31,135.25,77.12,34.19,235.37,0.675,,17,29,Semi-Urban,Residential,0,135.25,135.25
C00215,1,857.84,,600.0,257.84,230.47,6.134,0.843,17,29,Rural,Commercial,0,,
C01000,2,718.04,579.43,456.16,261.88,235.31,4.692,0.903,2,30,Urban,Commercial,0,579.43,579.43
C00622,2,301.48,297.32,198.03,103.45,233.51,2.005,0.895,10,29,Urban,Residential,0,297.32,297.32
C00061,2,265.54,207.48,177.05,88.49,232.4,1.769,0.897,4,30,Semi-Urban,Residential,0,207.48,207.48
C00872,5,284.57,274.84,199.8,84.77,233.38,1.792,0.945,1,30,Urban,Residential,0,243.2833333333333,232.89249999999998
C01327,3,95.73,119.35,64.38,31.35,234.98,0.63,0.898,8,30,Urban,Residential,0,111.645,111.645
C01313,2,971.87,849.15,615.42,356.45,234.77,6.233,0.922,13,30,Urban,Commercial,0,849.15,849.15
C00988,5,884.16,826.19,571.84,312.33,225.34,6.179,0.882,14,29,Semi-Urban,Commercial,0,751.6066666666667,747.095
C00859,2,1153.72,1122.96,668.25,485.47,228.69,7.608,0.921,11,30,Urban,Commercial,0,1122.96,1122.96
C00411,1,194.82,,144.78,50.04,237.84,1.263,0.901,7,29,Rural,Residential,0,,
C00004,5,370.26,311.74,220.42,149.85,230.05,2.469,0.905,2,30,Urban,Residential,0,277.84666666666664,269.5825
C00345,3,223.51,174.09,134.94,88.57,226.26,1.485,0.924,2,30,Urban,Residential,0,188.555,188.555
C00276,4,636.78,559.95,442.99,193.79,231.68,4.268,0.894,1,30,Urban,Commercial,0,499.3766666666667,499.3766666666667
C00118,1,263.0,,184.3,78.71,226.63,1.802,0.894,11,29,Semi-Urban,Residential,0,,
C01193,6,296.18,309.62,199.88,96.31,220.68,2.05,0.909,19,30,Semi-Urban,Residential,0,281.8633333333333,289.526
C00458,2,847.35,702.47,547.88,299.47,228.02,5.562,0.928,7,29,Rural,Commercial,0,702.47,702.47
C00230,3,246.14,224.73,70.8,175.34,219.96,1.649,0.943,2,30,Urban,Residential,1,239.385,239.385
C01339,2,111.12,109.86,64.67,46.46,227.34,0.729,0.931,12,29,Semi-Urban,Residential,0,109.86,109.86
C00412,3,706.22,687.9,397.22,309.01,229.12,4.861,0.881,5,30,Semi-Urban,Commercial,0,664.315,664.315
C00626,5,255.08,279.55,178.43,76.65,217.9,1.89,0.86,6,28,Urban,Residential,0,234.1866666666667,227.8025
C00388,4,240.16,183.45,163.04,77.12,232.7,1.641,0.874,12,28,Urban,Residential,0,190.40666666666667,190.40666666666667
C00077,5,157.58,145.27,104.88,52.7,234.12,0.981,0.953,6,30,Urban,Residential,0,130.1,127.325
C00861,4,322.17,285.08,210.94,111.23,233.51,2.151,0.891,3,28,Semi-Urban,Residential,0,229.88666666666666,229.88666666666666
C00698,2,135.79,119.55,91.65,44.13,229.23,0.899,0.915,11,30,Semi-Urban,Residential,0,119.55,119.55
C01351,6,354.25,390.69,252.63,101.62,229.15,2.454,0.875,9,30,Urban,Residential,0,354.73,324.42600000000004
C00681,3,318.09,211.08,177.32,140.76,231.32,2.081,0.918,0,29,Semi-Urban,Residential,0,210.615,210.615
C00248,5,272.27,283.51,177.46,94.8,232.94,1.874,0.866,0,30,Urban,Residential,0,258.0466666666667,251.6625
C00614,1,260.61,,152.4,108.2,229.32,1.754,0.9,4,28,Urban,Residential,0,,
C00048,1,182.47,,105.47,77.0,226.94,1.216,0.919,5,29,Semi-Urban,Residential,0,,
C00760,5,272.19,246.88,161.89,110.29,229.96,1.821,0.903,19,30,Urban,Residential,0,268.03000000000003,255.0925
C00719,1,494.82,,341.31,153.51,226.57,3.197,0.949,16,28,Semi-Urban,Commercial,0,,
C00811,6,3996.86,3067.8,2716.1,1280.76,225.11,28.651,0.861,8,30,Urban,Industrial,0,3264.17,3116.218
C00590,4,165.11,157.81,100.87,64.24,228.82,1.054,0.951,10,29,Urban,Residential,0,152.95666666666668,152.95666666666668
C01325,2,245.24,272.97,173.92,71.33,229.26,1.695,0.877,18,30,Urban,Residential,0,272.97,272.97
C00431,2,274.88,273.27,169.85,105.03,229.76,1.793,0.927,14,28,Urban,Residential,0,273.27,273.27
C00229,1,209.25,,138.9,70.35,224.1,1.382,0.939,8,30,Urban,Residential,0,,
C01427,3,184.97,176.14,114.89,70.07,218.31,1.301,0.905,6,29,Semi-Urban,Residential,0,166.185,166.185
C01334,2,231.19,240.26,168.08,63.11,235.55,1.377,0.99,4,29,Rural,Residential,0,240.26,240.26
C00100,4,741.28,517.97,499.66,241.62,230.16,4.604,0.972,6,29,Rural,Commercial,0,522.1133333333333,522.1133333333333
C00726,2,266.28,246.96,168.15,98.13,237.35,1.699,0.917,9,29,Urban,Residential,0,246.96,246.96
C01338,3,302.91,336.86,207.36,95.55,230.12,1.975,0.926,17,29,Urban,Residential,0,297.255,297.255
C00794,1,216.69,,135.53,81.15,223.86,1.441,0.933,10,29,Urban,Residential,0,,
C00108,5,686.64,544.57,468.94,217.7,231.54,4.701,0.876,14,29,Rural,Commercial,0,552.3266666666667,523.2900000000001
C01462,3,214.44,193.46,134.3,80.14,230.71,1.519,0.85,3,30,Semi-Urban,Residential,0,208.10000000000002,208.10000000000002
C01004,6,314.72,302.56,231.5,83.22,221.25,2.186,0.904,14,30,Rural,Residential,0,287.59,270.856
C01076,2,1078.96,1060.64,702.74,376.21,234.0,6.748,0.949,13,30,Rural,Commercial,0,1060.64,1060.64
C00579,1,209.36,,129.2,80.17,229.03,1.421,0.894,9,30,Rural,Residential,0,,
C01055,1,219.96,,153.94,66.02,224.83,1.489,0.912,18,30,Rural,Residential,0,,
C00499,3,95.82,339.04,67.95,27.87,231.74,0.612,0.939,13,25,Urban,Residential,1,308.52,308.52
C01418,3,906.88,665.2,656.55,250.34,233.44,6.144,0.878,1,29,Urban,Commercial,0,740.345,740.345
C00813,4,432.84,338.53,287.84,145.01,221.27,2.962,0.917,5,28,Rural,Residential,0,335.19666666666666,335.19666666666666
C00425,1,216.66,,129.22,87.45,231.82,1.379,0.942,3,30,Urban,Residential,0,,
C01225,1,448.09,,317.3,130.79,219.27,3.031,0.937,17,30,Urban,Commercial,0,,
C00891,2,164.83,117.87,91.16,73.67,227.45,1.149,0.876,4,28,Semi-Urban,Residential,0,117.87,117.87
C01393,3,368.71,291.24,223.22,145.49,235.63,2.454,0.886,5,30,Urban,Residential,0,280.28499999999997,280.28499999999997
C00112,3,267.84,220.01,176.79,91.05,231.29,1.825,0.881,14,30,Urban,Residential,0,205.08999999999997,205.08999999999997
C00678,5,429.5,402.04,254.36,175.14,230.11,3.027,0.857,19,30,Urban,Residential,0,353.39000000000004,348.09000000000003
C00665,5,922.61,970.59,573.24,349.37,232.51,5.567,0.99,4,30,Urban,Commercial,0,904.7333333333332,856.78
C00361,1,115.68,,68.74,46.94,227.44,0.747,0.946,7,30,Urban,Residential,0,,
C00115,2,1071.26,943.61,728.36,342.9,225.15,7.208,0.917,18,30,Urban,Commercial,0,943.61,943.61
C01053,1,294.88,,169.94,124.94,224.61,2.036,0.896,4,30,Urban,Residential,0,,
C00541,4,276.7,158.1,153.67,123.03,235.09,1.651,0.99,15,30,Semi-Urban,Residential,0,159.79,159.79
C01348,4,238.43,187.48,157.38,81.06,220.86,1.658,0.905,8,29,Rural,Residential,0,175.13,175.13
C01104,1,255.94,,168.69,87.26,236.31,1.599,0.941,19,30,Semi-Urban,Residential,0,,
C01274,5,360.89,420.71,230.42,130.47,235.41,2.222,0.958,7,29,Urban,Residential,0,325.18,310.45
C00681,4,291.44,318.09,166.03,125.4,234.01,1.893,0.914,0,30,Semi-Urban,Residential,0,246.43999999999997,246.43999999999997
C00473,6,237.03,233.41,140.38,96.65,236.92,1.442,0.963,8,30,Semi-Urban,Residential,0,229.53333333333333,212.56799999999998
C00617,2,316.79,329.96,181.6,135.19,225.22,2.178,0.897,3,28,Semi-Urban,Residential,0,329.96,329.96
C01045,4,1882.93,1964.38,1107.04,775.89,225.6,12.543,0.924,7,30,Semi-Urban,Industrial,0,1917.5033333333333,1917.5033333333333
C00824,4,296.44,244.58,192.94,103.51,,1.936,0.906,4,29,Urban,Residential,0,240.49333333333334,240.49333333333334
C00992,1,153.19,,107.59,45.6,227.88,1.019,0.916,11,28,Urban,Residential,0,,
C00764,6,350.95,319.15,221.96,128.99,232.42,2.328,0.901,12,30,Urban,Residential,0,251.45666666666668,255.196
C00965,1,155.5,,98.92,56.58,231.93,0.953,0.977,17,28,Rural,Residential,0,,
C00674,3,163.78,149.83,121.58,42.2,231.44,1.133,0.868,2,30,Urban,Residential,0,154.53500000000003,154.53500000000003
C00372,5,434.74,457.55,315.37,119.37,223.65,2.789,0.968,8,28,Urban,Commercial,0,420.53333333333336,433.2325
C01492,4,194.8,190.74,137.32,57.47,228.1,1.275,0.93,3,30,Urban,Residential,0,172.85333333333335,172.85333333333335
C00387,5,719.93,810.9,514.12,205.81,229.82,4.788,0.909,10,30,Urban,Commercial,0,610.58,589.0275
C00814,1,94.22,,69.52,24.7,230.28,0.579,0.982,10,29,Urban,Residential,0,,
C00087,6,298.67,295.83,213.0,85.67,220.87,1.961,0.958,15,29,Urban,Residential,0,279.7966666666666,256.45
C00088,1,122.42,,77.05,45.37,225.95,0.76,0.99,16,29,Urban,Residential,0,,
C00891,6,228.23,226.03,148.0,80.23,228.08,1.537,,4,30,Semi-Urban,Residential,0,191.27666666666664,171.30599999999998
C01285,6,2768.53,1388.84,1690.35,1078.18,237.02,17.573,0.923,11,30,Rural,Industrial,0,2122.5133333333333,2091.118
C01325,4,279.18,116.43,200.55,78.63,239.19,1.803,0.899,18,29,Urban,Residential,0,211.5466666666667,211.5466666666667
C01384,6,57.48,71.78,36.62,20.86,229.92,0.374,0.929,9,29,Semi-Urban,Residential,1,105.90333333333332,127.73799999999999
C01441,3,261.12,297.03,159.55,101.57,232.04,1.709,0.914,6,30,Urban,Residential,0,277.53999999999996,277.53999999999996
C01243,2,152.06,199.23,89.02,63.04,224.0,1.043,0.904,12,29,Urban,Residential,0,199.23,199.23
C00131,1,136.87,,92.67,44.2,231.54,0.921,0.892,7,30,Urban,Residential,0,,
C01439,1,100.9,,69.61,31.29,223.11,0.7,0.897,15,30,Urban,Residential,0,,
C01118,4,229.65,195.8,153.91,75.74,232.75,1.597,0.858,10,28,Rural,Residential,0,203.4466666666667,203.4466666666667
C00935,4,368.17,355.91,205.22,162.95,245.1,2.32,0.899,16,30,Rural,Residential,0,324.0266666666667,324.0266666666667
C00997,3,699.38,696.11,473.82,225.56,233.71,4.198,0.99,3,30,Urban,Commercial,0,651.8050000000001,651.8050000000001
C00109,4,416.43,324.06,298.95,117.48,230.36,3.069,0.818,18,30,Urban,Residential,0,282.34,282.34
C01229,3,496.73,508.17,278.8,217.93,224.12,,0.873,0,28,Urban,Commercial,0,492.48,492.48
C00367,1,656.28,,392.69,263.59,229.15,4.257,0.934,12,28,Semi-Urban,Commercial,0,,
C01170,4,795.54,766.09,592.23,203.31,235.78,5.255,0.892,5,29,Urban,Commercial,0,716.9066666666668,716.9066666666668
C00062,4,180.27,148.76,110.43,69.84,226.09,1.204,0.92,3,30,Urban,Residential,0,148.50333333333333,148.50333333333333
C01085,1,181.71,,133.24,48.47,230.54,1.282,0.854,8,29,Rural,Residential,0,,
C00703,3,226.21,241.22,143.3,82.92,232.74,1.434,0.942,16,29,Urban,Residential,0,244.24,244.24
C00063,6,179.18,147.24,114.7,64.48,235.04,1.261,0.84,14,30,Semi-Urban,Residential,0,152.76333333333332,142.972
C01497,2,3405.34,2840.37,1952.75,1452.59,225.87,21.785,0.961,13,28,Urban,Industrial,0,2840.37,2840.37
C00370,3,149.74,285.78,105.33,44.41,227.14,0.947,0.967,3,30,Rural,Residential,0,276.01,276.01
C01254,3,88.81,322.74,50.18,38.64,229.47,0.6,0.896,18,29,Semi-Urban,Residential,0,309.72,309.72
C00269,6,301.89,268.94,170.79,131.1,,1.88,0.961,10,29,Semi-Urban,Residential,0,245.88666666666668,233.66799999999998
C00305,4,238.63,182.08,140.85,97.79,229.55,1.467,0.984,19,28,Rural,Residential,0,196.54666666666665,196.54666666666665
C00606,3,211.02,171.61,144.01,67.0,227.28,1.303,0.99,1,30,Urban,Residential,0,175.955,175.955
C00161,3,120.14,133.34,82.7,37.44,241.19,0.784,0.882,17,29,Urban,Residential,0,121.42,121.42
C00499,6,349.92,294.34,95.23,254.69,235.66,2.343,0.88,13,29,Urban,Residential,1,259.1433333333333,278.894
C01458,3,1076.05,931.25,775.93,300.13,230.45,7.006,0.926,14,30,Rural,Commercial,0,1008.775,1008.775
C01484,6,688.92,715.61,474.24,214.67,236.71,4.083,0.99,17,30,Rural,Commercial,0,661.63,630.63
C01118,5,252.61,229.65,178.92,73.7,226.39,1.779,0.871,10,29,Rural,Residential,0,214.35666666666668,209.9975
C00060,6,770.04,770.81,536.22,233.83,227.03,5.345,0.881,14,30,Urban,Commercial,0,723.7199999999999,681.826
C00640,6,247.64,227.66,146.69,100.95,232.52,1.702,0.869,15,30,Urban,Residential,0,230.54,213.496
C01105,2,1648.51,2055.27,969.92,678.59,231.48,10.896,0.908,18,30,Semi-Urban,Industrial,0,2055.27,2055.27
C00208,5,956.79,1025.4,574.16,382.63,235.09,6.843,0.826,17,30,Rural,Commercial,0,990.5466666666667,910.1175000000001
C01151,2,128.66,136.84,78.57,50.09,229.65,0.825,0.943,14,30,Urban,Residential,0,136.84,136.84
C00848,6,433.39,307.98,240.84,192.55,222.58,2.95,0.917,5,29,Urban,Residential,0,330.2733333333333,322.294
C00616,5,371.24,385.74,260.29,110.96,224.44,2.626,0.875,10,29,Urban,Residential,0,362.95,352.9875
C00263,2,401.21,445.36,231.97,169.24,230.76,2.654,0.91,11,28,Urban,Commercial,0,445.36,445.36
C01047,6,198.33,183.22,131.4,66.93,231.4,1.271,0.937,6,29,Semi-Urban,Residential,0,179.36666666666667,158.954
C01208,5,372.5,359.29,266.07,106.43,238.77,2.465,0.879,14,30,Rural,Residential,0,338.53666666666663,317.39
C00428,6,323.68,370.9,224.62,99.07,237.72,1.975,0.957,3,30,Rural,Residential,0,339.04333333333335,300.956
C00571,4,247.98,365.17,163.96,84.02,223.63,2.778,0.554,1,29,Urban,Residential,1,326.4766666666667,326.4766666666667
C00340,4,244.35,171.82,163.53,80.82,241.64,1.557,0.902,12,30,Semi-Urban,Residential,0,173.26666666666665,173.26666666666665
C00129,5,250.0,243.01,170.14,79.86,241.03,1.488,0.968,6,29,Urban,Residential,0,222.39666666666668,219.4925
C00897,5,215.99,207.68,141.76,74.23,237.75,1.44,0.876,6,29,Urban,Residential,0,169.29666666666665,163.5825
C01442,2,237.55,241.55,136.27,101.29,237.25,1.546,0.899,19,30,Rural,Residential,0,241.55,241.55
C00594,5,162.27,200.35,106.56,55.7,231.64,1.121,0.868,15,29,Semi-Urban,Residential,0,166.67333333333335,157.35500000000002
C00094,5,490.9,414.62,278.22,212.69,236.06,3.075,0.939,8,29,Semi-Urban,Commercial,0,420.24,411.37
C00425,3,238.54,222.38,159.77,78.77,232.09,1.574,0.907,3,30,Urban,Residential,0,219.51999999999998,219.51999999999998
C00919,3,184.6,133.44,113.35,71.26,232.45,1.169,0.944,13,30,Urban,Residential,0,139.215,139.215
C00889,3,335.89,331.48,199.54,136.35,230.02,2.13,0.952,6,29,Urban,Residential,0,302.615,302.615
C01235,3,332.39,314.3,214.35,118.04,237.07,2.024,0.962,5,30,Urban,Residential,0,284.985,284.985
C00756,2,205.5,214.17,152.01,53.49,221.57,1.394,0.924,4,30,Rural,Residential,0,214.17,214.17
C00280,1,305.06,,180.69,124.37,229.06,2.031,0.911,14,30,Rural,Residential,0,,
C00061,6,254.74,336.57,168.74,86.0,235.29,1.57,0.958,4,30,Semi-Urban,Residential,0,287.9666666666667,267.384
C01084,2,228.0,205.92,155.82,72.18,236.64,1.44,0.929,1,28,Urban,Residential,0,205.92,205.92
C01067,2,278.48,253.65,181.36,97.11,230.26,1.91,0.879,3,30,Semi-Urban,Residential,0,253.65,253.65
C00722,2,173.06,174.01,127.51,45.55,228.38,1.235,0.852,17,28,Urban,Residential,0,174.01,174.01
C00025,4,1172.97,1044.99,866.66,306.31,229.44,8.152,0.871,9,28,Urban,Commercial,0,961.9533333333334,961.9533333333334
C00279,1,740.17,,519.3,220.87,230.6,4.89,0.912,13,30,Urban,Commercial,0,,
C00515,5,194.88,220.45,135.39,59.49,229.3,1.211,0.975,8,30,Semi-Urban,Residential,0,184.83333333333334,187.01749999999998
C01299,4,399.69,380.13,264.08,135.61,232.35,2.538,0.941,16,28,Urban,Residential,0,350.15000000000003,350.15000000000003
C00068,6,328.02,289.42,204.85,123.17,226.82,2.302,0.872,2,28,Urban,Residential,0,304.23333333333335,296.40999999999997
C01444,5,389.41,416.94,228.42,160.98,226.66,2.417,0.987,18,28,Urban,Residential,0,296.19,290.34749999999997
C00577,1,222.48,,124.11,98.36,240.83,1.403,0.914,19,28,Urban,Residential,0,,
C01032,1,994.38,,630.59,363.79,234.15,6.038,0.977,5,29,Urban,Commercial,0,,
C00698,1,119.55,,70.53,49.02,229.91,0.815,0.886,11,30,Semi-Urban,Residential,0,,
C00597,1,323.26,,202.87,120.39,227.57,2.095,0.942,8,30,Urban,Residential,0,,
C00546,2,249.28,269.61,145.93,103.35,228.92,1.608,0.94,9,30,Rural,Residential,0,269.61,269.61
C00824,3,244.58,261.65,174.01,70.58,220.71,1.747,0.881,4,30,Urban,Residential,0,238.45,238.45
C00172,6,318.2,333.1,209.27,108.93,230.68,2.02,0.948,3,29,Urban,Residential,0,285.15333333333336,268.066
C01428,1,248.64,,163.76,84.88,230.61,1.63,0.919,8,29,Rural,Residential,0,,
C01330,5,172.98,179.62,115.07,57.92,230.97,1.099,0.946,2,29,Urban,Residential,0,158.71333333333334,150.5375
C01479,4,4797.77,3507.56,2911.66,1886.12,231.63,32.965,0.873,9,30,Semi-Urban,Industrial,0,3535.523333333333,3535.523333333333
C00143,4,855.98,619.89,625.35,230.63,238.7,5.586,0.892,18,30,Semi-Urban,Commercial,0,743.3466666666667,743.3466666666667
C00655,3,691.16,773.04,454.51,236.65,233.17,4.491,0.917,4,29,Rural,Commercial,0,733.0,733.0
C00014,1,249.6,,142.63,106.97,245.39,1.464,0.965,13,29,Urban,Residential,0,,
C00375,4,2446.03,2031.06,1503.2,942.83,236.2,15.159,0.949,16,30,Rural,Industrial,0,1683.7633333333333,1683.7633333333333
C01263,2,126.06,95.95,94.22,31.84,234.1,0.885,0.845,18,29,Rural,Residential,0,95.95,95.95
C01500,5,1120.42,1351.87,625.42,495.0,236.82,7.612,0.863,16,30,Urban,Commercial,0,1075.5166666666667,1036.3049999999998
C01442,5,289.52,315.09,171.62,117.9,228.95,1.901,0.924,19,30,Rural,Residential,0,261.32666666666665,256.3825
C01274,3,296.65,258.18,209.5,87.15,234.8,1.888,0.929,7,29,Urban,Residential,0,262.22,262.22
C01434,2,106.21,156.51,75.06,31.15,237.85,0.745,0.833,3,28,Semi-Urban,Residential,0,156.51,156.51
C00132,3,286.09,274.41,160.77,125.32,231.71,1.886,0.909,14,30,Semi-Urban,Residential,0,272.96000000000004,272.96000000000004
C00380,6,316.6,331.62,181.33,135.27,235.85,2.124,0.878,0,30,Semi-Urban,Residential,0,349.91,313.86
C00683,4,3964.9,3197.74,2607.49,1357.41,230.59,24.667,0.968,17,30,Urban,Industrial,0,3089.9233333333336,3089.9233333333336
C00650,4,343.21,266.78,194.47,148.74,,2.154,0.967,10,30,Rural,Residential,0,261.43666666666667,261.43666666666667
C01074,6,719.66,707.83,414.97,304.7,231.11,5.013,0.863,15,29,Urban,Commercial,0,609.9933333333333,574.562
C01367,1,119.29,,67.4,51.89,236.17,0.838,0.838,12,30,Rural,Residential,0,,
C01424,5,429.83,433.42,319.26,110.57,238.58,2.546,0.983,12,30,Urban,Residential,0,294.27,288.4125
C00606,2,171.61,180.3,97.75,73.86,,1.165,0.907,1,29,Urban,Residential,0,180.3,180.3
C01234,1,144.54,,95.25,49.29,225.46,0.953,0.935,5,29,Urban,Residential,0,,
C01046,3,1181.65,973.16,808.52,373.13,239.28,7.186,0.954,12,30,Semi-Urban,Commercial,0,1010.2850000000001,1010.2850000000001
C00071,5,365.14,429.1,244.41,120.73,223.23,2.53,0.898,5,30,Semi-Urban,Residential,0,332.41,318.05
C00066,3,148.01,138.54,104.69,43.33,233.08,0.983,0.897,4,30,Rural,Residential,0,143.23,143.23
C01230,4,580.98,629.64,343.21,237.76,233.29,3.846,0.899,14,29,Semi-Urban,Commercial,0,535.5166666666667,535.5166666666667
C00003,5,133.6,146.23,91.98,41.62,223.45,0.839,0.99,12,29,Urban,Residential,0,130.74333333333334,127.855
C01232,1,933.04,,570.82,362.22,233.19,6.269,0.886,1,30,Semi-Urban,Commercial,0,,
C00701,1,207.34,,134.6,72.74,223.11,1.333,0.968,16,28,Semi-Urban,Residential,0,,
C00446,3,3049.03,2545.9,1838.99,1210.04,226.05,20.055,0.934,0,30,Semi-Urban,Industrial,0,2493.98,2493.98
C00408,3,134.54,117.15,89.9,44.64,229.15,0.858,0.95,9,30,Urban,Residential,0,117.535,117.535
C01180,1,252.85,,181.82,71.03,230.4,1.681,0.907,15,29,Semi-Urban,Residential,0,,
C01115,5,313.66,142.47,207.88,105.78,226.51,2.121,0.907,6,28,Urban,Residential,0,156.86333333333334,179.215
C00583,2,177.28,174.76,111.11,66.17,,1.145,0.926,4,30,Urban,Residential,0,174.76,174.76
C01008,3,329.5,321.64,216.32,113.17,222.63,2.081,0.988,3,29,Urban,Residential,0,319.58,319.58
C00244,2,257.73,265.06,178.23,79.5,234.49,1.625,0.94,10,29,Urban,Residential,0,265.06,265.06
C01190,6,278.46,241.73,153.83,124.64,231.75,1.686,0.99,1,30,Semi-Urban,Residential,0,228.44999999999996,211.81199999999998
C01495,6,186.0,161.21,129.64,56.35,232.35,1.186,0.937,13,30,Semi-Urban,Residential,0,156.34666666666666,144.664
C01114,6,1928.86,1656.49,1068.31,860.55,231.66,11.826,0.978,2,28,Urban,Industrial,0,1390.66,1409.716
C01095,6,176.09,273.33,98.18,77.91,226.13,1.551,0.697,11,29,Rural,Residential,1,191.59666666666666,216.658
C00640,2,186.95,188.91,111.63,75.31,224.64,1.276,0.906,15,29,Urban,Residential,0,188.91,188.91
C01404,1,851.05,,565.09,285.96,227.46,5.327,0.976,14,30,Semi-Urban,Commercial,0,,
C00948,2,215.8,222.04,142.8,73.0,241.86,1.358,0.912,13,30,Semi-Urban,Residential,0,222.04,222.04
C01304,5,345.54,328.48,223.34,122.2,231.22,2.235,0.929,14,30,Rural,Residential,0,302.10999999999996,313.31
C00972,2,198.9,234.34,146.66,52.24,227.36,1.391,0.873,16,30,Urban,Residential,0,234.34,234.34
C01469,6,186.22,165.72,120.21,66.01,229.01,1.172,0.964,16,30,Semi-Urban,Residential,0,134.54333333333332,133.98
C00788,3,212.24,185.12,138.15,74.09,232.98,1.378,0.918,4,30,Urban,Residential,0,175.97500000000002,175.97500000000002
C01278,4,161.9,159.49,92.81,69.09,229.07,1.061,0.925,12,30,Urban,Residential,0,160.00666666666666,160.00666666666666
C00982,2,249.46,289.74,153.06,96.4,229.88,1.537,0.981,7,29,Semi-Urban,Residential,0,289.74,289.74
C00393,4,154.96,141.45,115.58,39.38,234.57,1.049,0.874,3,28,Rural,Residential,0,125.77,125.77
C01007,1,244.94,,145.53,99.41,229.3,1.621,0.915,11,28,Semi-Urban,Residential,0,,
C00800,5,227.53,232.8,169.56,57.96,227.86,1.557,0.891,2,30,Urban,Residential,0,210.85333333333335,205.57750000000001
C00408,1,117.92,,66.88,51.04,,0.792,0.904,9,29,Urban,Residential,0,,
C01474,4,177.91,212.78,113.17,64.73,233.05,1.071,0.99,8,30,Semi-Urban,Residential,0,178.1966666666667,178.1966666666667
C00766,3,283.13,299.25,198.24,84.89,237.85,1.712,0.966,15,30,Rural,Residential,0,285.755,285.755
C01281,3,345.65,340.86,216.79,128.86,228.89,2.119,0.99,17,30,Rural,Residential,0,348.28,348.28
C00078,3,1038.99,1168.32,758.97,280.03,230.61,7.113,0.88,15,29,Rural,Commercial,0,1057.865,1057.865
C00028,2,273.01,267.49,176.73,96.28,238.42,1.764,0.902,14,30,Urban,Residential,0,267.49,267.49
C01395,5,1294.24,689.84,939.39,354.85,230.81,8.432,0.924,0,30,Rural,Commercial,0,941.5933333333332,997.1775
C01441,5,405.58,360.6,241.78,163.8,220.92,2.908,0.877,6,30,Urban,Residential,0,306.25,294.2
C01167,5,171.22,170.3,98.9,72.32,229.17,,0.917,13,29,Urban,Residential,0,157.46666666666667,145.1925
C01474,3,212.78,152.55,140.99,71.79,234.7,1.422,0.885,8,30,Semi-Urban,Residential,0,160.905,160.905
C00041,2,248.35,283.12,186.18,62.17,237.57,1.536,0.945,11,30,Urban,Residential,0,283.12,283.12
C00335,6,251.76,201.62,166.86,84.9,234.83,1.569,0.949,2,29,Rural,Residential,0,237.86666666666667,219.506
C01060,3,299.33,281.49,173.98,125.35,233.53,1.972,0.903,18,29,Urban,Residential,0,280.9,280.9
C00515,1,193.57,,143.24,50.33,227.16,1.323,0.895,8,28,Semi-Urban,Residential,0,,
C01035,5,156.67,123.46,96.6,60.06,222.87,1.039,0.94,3,30,Semi-Urban,Residential,0,121.14666666666665,120.715
C00151,1,325.67,,187.46,138.2,225.33,2.375,0.845,13,28,Rural,Residential,0,,
C00924,5,281.7,312.53,175.15,106.55,225.09,1.769,,18,28,Semi-Urban,Residential,0,299.62333333333333,282.28999999999996
C01482,1,272.99,,199.51,73.48,228.2,1.767,0.94,5,28,Urban,Residential,0,,
C01288,6,163.32,185.81,91.47,71.85,224.73,1.14,0.885,11,29,Semi-Urban,Residential,0,170.51666666666668,156.416
C00807,2,293.86,291.29,204.62,89.24,239.12,1.864,0.916,14,30,Urban,Residential,0,291.29,291.29
C00383,2,305.42,282.08,227.05,78.37,228.6,1.972,0.941,1,30,Semi-Urban,Residential,0,282.08,282.08
C01079,1,1018.04,,731.18,286.86,227.72,6.592,0.942,0,29,Semi-Urban,Commercial,0,,
C00747,6,135.66,92.41,42.73,92.93,220.79,0.95,0.899,16,29,Urban,Residential,1,75.55666666666667,94.546
C00884,5,530.96,556.1,294.81,236.15,226.89,3.468,0.937,13,30,Rural,Commercial,0,474.3866666666666,455.20500000000004
C00768,4,207.39,165.71,145.82,61.57,228.1,1.546,0.817,17,30,Rural,Residential,0,176.01999999999998,176.01999999999998
C00620,3,254.75,242.87,171.15,83.6,235.44,1.62,0.928,17,30,Semi-Urban,Residential,0,250.915,250.915
C01366,2,167.55,157.83,102.28,65.27,236.19,1.058,0.931,11,28,Rural,Residential,0,157.83,157.83
C01024,3,191.88,201.83,119.32,72.56,237.26,1.314,0.855,2,29,Semi-Urban,Residential,0,186.33,186.33
C00295,1,120.94,,86.62,34.32,224.45,0.822,0.911,18,29,Urban,Residential,0,,
C00259,2,192.03,225.73,107.37,84.66,231.45,1.278,0.902,18,29,Semi-Urban,Residential,0,225.73,225.73
C00505,6,370.53,372.86,254.14,116.39,232.69,2.407,0.919,15,30,Urban,Residential,0,358.1366666666666,323.05
C01244,4,2428.18,2245.16,1745.71,682.47,229.52,16.926,0.868,14,29,Rural,Industrial,0,2154.273333333333,2154.273333333333
C01050,5,398.19,466.52,248.41,149.78,233.4,2.579,0.919,14,30,Rural,Residential,0,372.5733333333333,351.2175
C00341,5,355.83,305.52,251.4,104.43,227.07,2.315,0.94,17,30,Urban,Residential,0,282.59666666666664,274.0125
C00128,6,114.07,196.99,84.92,29.16,217.92,1.317,0.552,16,28,Urban,Residential,1,215.35,201.506
C00949,6,374.18,389.0,227.32,146.86,224.1,2.721,0.852,13,28,Urban,Residential,0,368.5833333333333,343.67199999999997
C00252,3,680.53,506.48,492.88,187.65,230.86,4.362,0.939,3,30,Urban,Commercial,0,627.645,627.645
C00551,3,334.04,253.69,250.32,83.72,220.38,2.29,0.919,8,30,Rural,Residential,0,266.525,266.525
C00753,6,306.33,285.21,207.73,98.6,230.61,2.119,0.871,13,30,Semi-Urban,Residential,0,286.77666666666664,267.776
C00704,2,926.42,856.51,667.44,258.98,224.23,6.173,0.93,4,29,Semi-Urban,Commercial,0,856.51,856.51
C01367,3,121.92,127.71,82.37,39.56,224.15,0.794,0.952,12,30,Rural,Residential,0,123.5,123.5
C01080,3,59.71,117.12,33.06,26.64,219.89,0.399,0.946,10,29,Rural,Residential,0,114.82,114.82
C00549,5,375.94,335.27,220.84,155.11,229.58,2.69,0.846,18,29,Urban,Residential,0,318.59999999999997,312.27
C00137,4,256.0,282.16,148.47,107.53,233.16,1.54,0.99,10,28,Semi-Urban,Residential,0,250.02666666666667,250.02666666666667
C00234,6,247.59,229.48,153.39,94.2,228.1,1.617,0.933,7,30,Urban,Residential,0,222.84333333333333,199.64000000000001
C00231,3,519.18,469.28,322.54,196.65,225.06,3.236,0.99,17,30,Urban,Commercial,0,489.2,489.2
C00359,1,3041.95,,2154.95,887.0,236.24,20.377,0.878,16,28,Semi-Urban,Industrial,0,,
C00946,2,118.51,127.34,81.44,37.06,232.68,0.755,0.937,0,30,Semi-Urban,Residential,0,127.34,127.34
C00274,1,235.27,,145.7,89.57,231.44,1.511,0.934,4,30,Semi-Urban,Residential,0,,
C00982,6,364.57,354.23,213.24,151.33,231.82,2.342,0.933,7,30,Semi-Urban,Residential,0,331.59999999999997,306.8
C00102,3,147.76,169.28,95.72,52.04,229.68,0.949,0.941,17,29,Semi-Urban,Residential,0,158.32999999999998,158.32999999999998
C00067,4,339.26,268.01,232.66,106.6,232.68,2.167,0.935,1,29,Urban,Residential,0,247.54333333333332,247.54333333333332
C01068,5,325.93,367.86,234.4,91.53,226.87,2.122,0.941,12,30,Rural,Residential,0,335.98333333333335,334.8575
C00148,1,177.89,,111.36,66.53,230.82,1.127,0.95,3,30,Urban,Residential,0,,
C00595,2,265.38,275.03,179.72,85.67,229.68,1.789,0.897,18,28,Urban,Residential,0,275.03,275.03
C00715,2,175.99,170.82,122.6,53.38,226.57,1.181,0.914,5,30,Urban,Residential,0,170.82,170.82
C00197,4,429.28,63.3,255.67,173.61,237.39,2.718,0.924,11,25,Urban,Residential,1,184.33,184.33
C00909,1,297.89,,171.03,126.86,,1.92,0.954,10,30,Urban,Residential,0,,
C00708,3,172.3,159.71,127.99,44.31,223.34,1.201,0.892,4,29,Rural,Residential,0,180.71,180.71
C00870,5,336.88,273.72,201.84,135.04,225.98,2.222,0.932,8,30,Semi-Urban,Residential,0,189.51,197.7475
C01126,2,743.18,742.84,453.3,289.88,231.08,5.297,0.843,0,29,Semi-Urban,Commercial,0,742.84,742.84
C00356,1,258.46,,192.07,66.39,228.42,1.891,0.831,0,29,Urban,Residential,0,,
C00847,3,260.02,231.13,169.45,90.57,234.07,1.655,0.932,12,30,Urban,Residential,0,219.17000000000002,219.17000000000002
C00077,1,119.0,,72.05,46.95,231.66,0.758,0.941,6,29,Urban,Residential,0,,
C01452,4,171.26,158.08,97.29,73.97,231.55,1.077,0.954,17,28,Urban,Residential,0,137.91,137.91
C00863,4,307.62,215.61,191.83,115.79,224.74,2.025,0.939,12,28,Urban,Residential,0,236.53666666666666,236.53666666666666
C00326,1,145.91,,86.72,59.2,223.47,0.999,0.908,17,29,Urban,Residential,0,,
C00896,3,296.29,248.76,164.75,131.54,228.41,2.055,0.877,18,29,Urban,Residential,0,238.87,238.87
C00115,6,1351.72,1295.95,778.15,573.58,236.65,8.155,0.973,18,30,Urban,Commercial,0,1289.4366666666667,1176.636
C01446,6,726.1,820.31,457.3,268.81,232.7,4.535,0.956,3,30,Rural,Commercial,0,675.65,621.796
C01481,2,241.01,264.92,157.63,83.38,229.71,1.741,0.837,14,30,Urban,Residential,0,264.92,264.92
C01082,3,518.79,444.49,366.08,152.71,222.85,3.549,0.911,9,29,Urban,Commercial,0,483.47,483.47
C00326,4,170.2,150.48,101.79,68.41,227.96,1.082,0.959,17,30,Urban,Residential,0,146.35999999999999,146.35999999999999
C00940,3,751.33,758.51,489.63,261.7,220.92,5.157,0.916,5,28,Urban,Commercial,0,694.47,694.47
C01412,4,72.61,156.11,54.22,18.38,228.0,0.487,0.908,16,28,Urban,Residential,1,169.85,169.85
C00452,5,198.64,178.48,140.49,58.16,234.92,1.289,0.911,1,30,Urban,Residential,0,171.1866666666667,166.725
C01217,3,173.99,259.76,117.66,56.33,223.54,1.266,0.854,14,30,Urban,Residential,0,243.055,243.055
C01223,5,388.46,345.56,237.76,150.7,221.54,2.612,0.932,7,30,Urban,Residential,0,310.11,304.48
C00725,6,1121.79,1181.59,634.38,487.41,224.0,7.375,0.943,13,30,Rural,Commercial,0,1053.9733333333334,1023.6700000000001
C00690,5,178.06,172.81,113.56,64.51,235.23,1.062,0.99,11,29,Urban,Residential,0,144.22666666666666,147.97
C00315,1,251.2,,182.38,68.81,227.15,1.673,0.918,12,28,Semi-Urban,Residential,0,,
C01240,5,260.86,187.15,155.03,105.83,227.33,1.799,0.886,17,30,Semi-Urban,Residential,0,177.86333333333334,176.4425
C00748,4,4019.39,3621.44,2575.98,1443.4,229.21,24.897,0.978,1,30,Urban,Industrial,0,3917.3799999999997,3917.3799999999997
C00416,5,177.59,244.72,121.4,56.19,231.65,1.131,0.942,8,29,Rural,Residential,0,192.95333333333335,193.8025
C01176,3,262.7,210.77,178.19,84.51,221.05,1.731,0.953,9,28,Semi-Urban,Residential,0,234.16500000000002,234.16500000000002
C00507,1,208.07,,135.21,72.86,227.03,1.381,0.922,14,28,Urban,Residential,0,,
C00963,6,270.84,332.94,158.99,111.85,221.29,1.872,0.908,11,30,Urban,Residential,0,306.56,292.414
C00601,4,294.06,300.42,181.41,112.65,232.23,1.858,0.946,19,30,Rural,Residential,0,270.31666666666666,270.31666666666666
C00141,6,367.45,378.16,258.48,108.97,226.18,2.363,0.955,7,29,Urban,Residential,0,364.8333333333333,330.31000000000006
C00091,3,4486.38,4132.87,2820.27,1666.11,225.42,28.634,0.965,13,29,Rural,Industrial,0,4050.69,4050.69
C00621,5,485.86,493.18,318.36,167.49,228.01,3.203,0.924,15,29,Urban,Commercial,0,467.3633333333334,459.66499999999996
C00698,6,170.26,154.88,120.71,49.55,231.85,1.111,0.918,11,28,Semi-Urban,Residential,0,146.72333333333333,139.102
C00614,2,297.12,260.61,187.3,109.82,231.15,1.891,0.944,4,30,Urban,Residential,0,260.61,260.61
C01315,1,186.75,,123.42,63.32,231.47,1.207,0.929,18,30,Rural,Residential,0,,
C01013,4,1228.83,976.17,767.15,461.68,238.82,7.687,0.93,9,28,Urban,Commercial,0,997.3066666666667,997.3066666666667
C01116,2,498.6,471.76,305.66,192.94,226.59,3.286,,13,30,Urban,Commercial,0,471.76,471.76
C01346,4,216.31,188.66,122.47,93.84,225.58,1.478,0.901,7,29,Urban,Residential,0,168.94333333333333,168.94333333333333
C01133,4,335.3,336.75,192.53,142.77,228.85,2.183,0.932,15,30,Semi-Urban,Residential,0,237.03333333333333,237.03333333333333
C00495,1,154.32,,108.8,45.52,239.59,0.914,0.979,13,30,Rural,Residential,0,,
C00422,4,174.33,119.97,108.58,65.75,232.31,1.084,0.962,2,30,Rural,Residential,0,136.5533333333333,136.5533333333333
C00963,1,265.38,,177.81,87.57,227.78,1.744,0.928,11,30,Urban,Residential,0,,
C00175,5,215.92,276.17,135.52,80.4,227.5,1.362,,2,28,Urban,Residential,0,249.76999999999998,227.8225
C00327,5,335.87,101.45,236.42,99.45,235.19,2.175,0.912,6,30,Semi-Urban,Residential,0,223.02,237.85
C00422,5,187.48,174.33,114.13,73.35,225.26,1.271,0.91,2,30,Rural,Residential,0,147.0,145.9975
C01213,6,298.06,246.84,222.95,75.11,234.83,1.868,0.944,3,29,Semi-Urban,Residential,0,232.25333333333333,209.628
C01088,3,196.79,386.55,144.91,51.87,236.28,1.211,0.955,11,29,Urban,Commercial,0,363.83500000000004,363.83500000000004
C00040,4,182.76,123.58,114.69,68.07,228.03,1.232,0.904,9,29,Rural,Residential,0,151.93,151.93
C00820,4,233.49,201.1,147.8,85.69,231.52,1.44,0.973,4,30,Semi-Urban,Residential,0,208.86333333333334,208.86333333333334
C01080,6,142.64,145.82,106.58,36.05,231.28,0.922,0.929,10,30,Rural,Residential,0,115.96333333333332,115.506
C00189,6,312.08,326.44,199.82,112.26,234.31,2.061,0.898,18,30,Semi-Urban,Residential,0,310.2366666666666,286.784
C00984,4,305.34,223.48,209.68,95.65,224.77,2.066,0.913,16,29,Urban,Residential,0,238.04,238.04
C01361,4,1071.89,862.83,653.87,418.02,226.9,6.704,0.979,5,28,Urban,Commercial,0,725.4566666666666,725.4566666666666
C00710,6,975.07,1091.33,686.84,288.23,240.71,6.07,0.927,19,30,Semi-Urban,Commercial,0,972.3233333333333,835.068
C01298,5,926.57,1058.49,562.36,364.21,233.35,6.036,0.914,7,30,Urban,Commercial,0,971.9200000000001,933.2525
C00887,2,319.12,633.16,217.02,102.1,217.28,2.252,0.906,7,30,Urban,Commercial,0,633.16,633.16
C01218,5,156.27,159.89,108.94,47.32,233.13,0.94,0.99,4,29,Semi-Urban,Residential,0,139.89666666666668,128.3775
C01238,4,442.72,360.48,300.4,142.32,232.97,2.899,0.91,19,30,Semi-Urban,Residential,0,302.3066666666667,302.3066666666667
C00943,5,5218.87,5423.33,2921.93,2296.94,229.24,34.461,0.918,7,30,Urban,Industrial,0,5029.606666666667,4855.1775
C01295,6,372.98,411.8,237.74,135.24,233.62,2.491,0.89,1,29,Semi-Urban,Residential,0,399.2966666666666,374.41400000000004
C01323,2,174.69,181.76,96.75,77.94,221.51,1.106,0.99,17,30,Urban,Residential,0,181.76,181.76
C00985,4,562.23,509.18,350.26,211.97,223.37,3.75,0.932,7,28,Urban,Commercial,0,481.94,481.94
C00497,3,566.52,550.77,385.75,180.78,232.37,3.512,0.964,18,28,Semi-Urban,Commercial,0,457.28999999999996,457.28999999999996
C01303,6,163.45,152.29,114.14,49.31,232.88,1.195,0.815,15,29,Urban,Residential,0,149.42333333333332,148.774
C00921,5,177.45,180.81,99.67,77.78,231.96,1.195,0.889,6,29,Urban,Residential,0,154.34333333333333,148.0575
C01266,6,387.08,94.12,280.01,107.08,230.82,2.613,0.891,18,30,Semi-Urban,Residential,0,181.62333333333333,228.45999999999998
C01114,2,1427.81,1448.79,835.29,592.51,228.18,8.96,0.97,2,30,Urban,Industrial,0,1448.79,1448.79
C01228,6,370.39,391.56,234.42,135.97,228.22,2.277,0.99,5,30,Urban,Residential,0,362.06666666666666,339.148
C00654,2,102.58,110.77,63.78,38.8,237.01,0.634,0.947,4,30,Rural,Residential,0,110.77,110.77
C00524,1,494.98,,331.98,163.0,236.85,3.264,0.889,18,30,Urban,Commercial,0,,
C01419,6,208.48,218.85,146.56,61.92,236.53,1.3,0.942,1,30,Urban,Residential,0,207.5233333333333,181.288
C00965,6,171.57,174.71,99.42,72.15,234.91,1.108,0.916,17,30,Rural,Residential,0,157.91,150.072
C00679,6,270.88,129.52,198.93,71.95,232.77,1.743,0.927,4,30,Semi-Urban,Residential,0,201.4433333333333,205.086
C00548,6,385.02,344.48,270.36,114.66,236.29,,0.944,10,29,Urban,Residential,0,365.05333333333334,328.586
C00539,2,259.89,214.96,158.01,101.88,231.11,1.666,0.937,4,30,Semi-Urban,Residential,0,214.96,214.96
C00305,3,182.08,230.71,112.44,69.64,,1.119,0.925,19,28,Rural,Residential,0,203.78,203.78
C00925,5,153.3,172.71,94.98,58.32,234.08,1.015,0.896,17,29,Urban,Residential,0,147.40666666666667,143.625
C00099,6,833.9,815.04,614.55,219.35,237.85,5.277,0.923,17,30,Rural,Commercial,0,756.96,682.496
C00455,2,205.51,322.94,151.96,53.55,234.43,1.272,0.958,5,29,Semi-Urban,Commercial,0,322.94,322.94
C00690,4,172.81,128.8,122.32,50.49,233.11,1.086,0.948,11,29,Urban,Residential,0,139.69,139.69
C00094,3,415.81,430.29,255.29,160.53,231.74,2.822,0.883,8,28,Semi-Urban,Commercial,0,407.525,407.525
C01137,6,350.28,425.22,247.65,102.63,228.71,2.149,0.99,15,30,Rural,Residential,0,390.5833333333333,344.698
C01450,2,158.05,171.57,102.01,56.04,231.52,1.048,0.905,11,30,Urban,Residential,0,171.57,171.57
C00041,4,344.31,305.01,202.08,142.24,239.42,2.035,0.982,11,29,Urban,Residential,0,278.82666666666665,278.82666666666665
C00906,6,213.69,203.75,122.81,90.88,227.72,1.488,0.876,11,30,Urban,Residential,0,190.31333333333336,178.124
C00740,4,3081.14,2191.28,1716.28,1364.86,231.4,19.366,0.955,2,29,Rural,Industrial,0,2093.4933333333333,2093.4933333333333
C01145,1,401.35,,300.37,100.99,223.54,2.673,0.933,14,30,Semi-Urban,Commercial,0,,
C00068,4,326.78,296.5,238.67,88.12,236.19,2.131,0.902,2,29,Urban,Residential,0,288.6166666666666,288.6166666666666
C00241,3,353.02,270.86,218.37,134.65,227.27,2.283,0.945,14,30,Urban,Residential,0,284.56,284.56
C00044,4,212.87,189.09,158.95,53.92,228.67,1.376,0.939,9,28,Urban,Residential,0,174.73666666666668,174.73666666666668
C01107,1,190.46,,136.45,54.01,232.15,1.204,0.946,13,29,Urban,Residential,0,,
C01437,3,139.44,136.96,101.68,37.75,227.83,0.95,0.895,0,29,Semi-Urban,Residential,0,143.03500000000003,143.03500000000003
C00282,4,360.91,315.34,207.75,153.16,238.46,2.311,0.91,1,30,Urban,Residential,0,289.83666666666664,289.83666666666664
C00288,4,969.47,717.19,660.58,308.89,226.53,6.366,0.934,1,29,Rural,Commercial,0,682.5633333333334,682.5633333333334
C01417,4,197.84,133.56,131.01,66.83,235.1,1.23,0.95,3,29,Rural,Residential,0,145.12666666666667,145.12666666666667
C00822,5,339.68,268.45,230.84,108.84,225.01,2.578,0.813,2,29,Urban,Residential,0,255.86333333333332,252.7025
C00994,5,332.09,261.92,229.35,102.74,226.71,2.359,0.863,17,30,Urban,Commercial,1,450.5166666666667,489.4175
C00417,1,130.45,,78.81,51.64,225.46,0.927,0.867,17,30,Semi-Urban,Residential,0,,
C01018,5,297.83,301.28,196.55,101.27,239.97,1.829,0.943,4,29,Semi-Urban,Residential,0,275.75,263.1925
C01109,6,557.27,609.74,354.86,202.41,220.4,3.984,0.881,19,29,Urban,Commercial,0,595.12,543.324
C00057,5,1023.58,899.66,633.64,389.95,224.15,6.649,0.954,7,30,Semi-Urban,Commercial,0,860.0,797.3175
C01151,4,143.55,48.16,105.22,38.33,232.17,0.948,0.906,14,30,Urban,Residential,0,104.55333333333333,104.55333333333333
C00267,6,333.12,342.58,187.64,145.48,228.19,2.192,0.925,17,30,Rural,Residential,0,355.75,342.258
C01352,1,449.01,,324.41,124.6,216.97,3.03,0.949,0,30,Semi-Urban,Commercial,0,,
C00964,5,201.47,249.07,110.83,90.64,228.85,1.345,0.909,11,30,Semi-Urban,Residential,0,204.6933333333333,197.39
C00763,5,318.29,123.48,189.34,128.95,228.33,2.051,0.944,12,30,Urban,Residential,1,148.79666666666665,158.7525
C00621,6,442.84,485.86,326.54,116.3,230.98,2.845,0.936,15,30,Urban,Commercial,0,482.3066666666667,464.904
C00427,1,233.86,,171.58,62.28,229.27,,0.973,9,30,Semi-Urban,Residential,0,,
C00465,2,241.5,174.05,171.47,70.03,228.67,1.62,0.906,15,30,Semi-Urban,Residential,0,174.05,174.05
C00254,6,570.75,683.77,359.94,210.81,228.68,3.794,0.914,17,29,Urban,Commercial,0,667.4533333333333,582.06
C01228,4,388.8,305.84,235.14,153.66,223.3,2.561,0.944,5,28,Urban,Residential,0,305.1266666666666,305.1266666666666
C00472,6,396.86,387.03,223.18,173.68,230.75,2.733,0.874,4,30,Rural,Residential,0,346.07666666666665,326.61
C00169,5,188.22,207.14,120.58,67.64,236.24,1.159,0.955,2,30,Urban,Residential,0,171.70666666666668,167.01749999999998
C01455,5,171.68,182.97,109.29,62.39,238.95,1.098,0.909,7,29,Rural,Residential,0,158.5,151.875
C01331,6,762.43,711.54,548.92,213.51,227.81,4.695,0.99,1,30,Urban,Commercial,0,683.0133333333333,626.512
C00295,3,142.29,147.71,88.83,53.46,229.6,0.924,0.932,18,28,Urban,Residential,0,134.325,134.325
C00759,4,1991.22,1541.26,1322.48,668.74,230.53,12.447,0.964,1,30,Urban,Industrial,0,1394.82,1394.82
C01092,4,347.65,339.96,234.6,113.05,229.82,2.399,0.876,17,30,Rural,Residential,0,302.58,302.58
C00673,6,172.68,177.77,111.47,61.22,228.58,1.142,0.919,1,30,Semi-Urban,Residential,0,153.16666666666666,153.012
C01299,5,420.57,399.69,274.47,146.11,231.36,2.654,0.951,16,30,Urban,Residential,0,378.90333333333336,362.53499999999997
C01458,2,931.25,1086.3,652.73,278.52,225.85,6.703,0.854,14,30,Rural,Commercial,0,1086.3,1086.3
C01427,2,176.14,156.23,120.11,56.03,234.84,1.236,0.843,6,29,Semi-Urban,Residential,0,156.23,156.23
C01454,6,275.05,325.1,195.83,79.22,240.23,1.698,0.937,4,29,Rural,Residential,0,283.29333333333335,248.88400000000001
C00061,4,272.59,254.74,175.09,97.49,235.41,1.676,0.96,4,30,Semi-Urban,Residential,0,242.58666666666667,242.58666666666667
C00895,4,238.43,199.48,171.99,66.44,227.82,1.734,0.838,4,28,Semi-Urban,Residential,0,211.38333333333333,211.38333333333333
C01500,1,918.67,,529.33,389.34,223.89,6.535,0.872,16,30,Urban,Commercial,0,,
C01168,5,384.2,377.94,248.04,136.15,225.8,2.529,0.935,15,30,Semi-Urban,Residential,0,321.8233333333333,316.6825
C01424,6,385.72,429.83,267.19,118.53,233.44,2.491,0.921,12,28,Urban,Residential,0,352.10999999999996,316.696
C00788,4,208.18,212.24,115.46,92.72,229.9,1.332,0.944,4,29,Urban,Residential,0,188.06333333333336,188.06333333333336
C00741,4,343.64,289.15,227.18,116.46,227.89,2.221,0.943,10,30,Semi-Urban,Residential,0,274.08,274.08
C01313,3,1118.79,971.87,628.02,490.77,229.18,7.022,0.966,13,30,Urban,Commercial,0,910.51,910.51
C01444,6,347.87,389.41,201.49,146.38,224.41,2.387,0.902,18,30,Urban,Residential,0,319.70666666666665,310.15999999999997
C00428,1,227.1,,147.68,79.42,236.6,1.409,0.946,3,30,Rural,Residential,0,,
C01154,3,280.54,227.51,172.22,108.32,231.81,1.799,0.934,6,30,Rural,Residential,0,243.325,243.325
C01447,4,2879.93,3354.78,1898.94,980.99,221.94,19.661,0.917,15,29,Semi-Urban,Industrial,0,2776.986666666666,2776.986666666666
C00920,6,256.49,295.44,149.82,106.67,228.82,1.806,0.862,19,29,Urban,Residential,0,286.99333333333334,251.204
C01449,1,177.53,,119.67,57.86,236.9,1.051,0.99,0,30,Urban,Residential,0,,
C00514,6,296.71,308.03,203.22,93.48,225.5,1.951,0.937,7,28,Semi-Urban,Residential,0,282.0466666666667,260.134
C00494,2,190.88,173.92,119.16,71.71,221.52,1.243,0.963,2,30,Urban,Residential,0,173.92,173.92
C00351,3,501.57,544.46,321.58,179.99,230.1,3.469,0.873,6,30,Semi-Urban,Commercial,0,546.205,546.205
C00106,3,227.5,220.26,132.85,94.65,226.76,1.571,0.887,17,28,Urban,Residential,0,204.08999999999997,204.08999999999997
C00416,4,244.72,193.24,152.02,92.69,230.46,1.705,0.865,8,29,Rural,Residential,0,176.83,176.83
C00445,2,724.41,661.53,529.13,195.28,229.73,4.85,0.903,13,30,Urban,Commercial,0,661.53,661.53
C01436,1,840.46,,483.38,357.08,226.44,5.601,0.92,8,29,Semi-Urban,Commercial,0,,
C00735,3,230.13,204.65,150.56,79.57,235.98,1.372,0.987,1,30,Urban,Residential,0,250.65500000000003,250.65500000000003
C01211,4,1330.89,1210.75,818.5,512.39,230.82,8.459,0.947,0,29,Urban,Commercial,0,1181.8166666666666,1181.8166666666666
C01224,1,181.22,,118.71,62.52,221.17,1.278,0.891,15,28,Semi-Urban,Residential,0,,
C00390,1,299.28,,208.72,90.56,226.71,2.037,0.9,9,30,Semi-Urban,Residential,0,,
C01416,3,222.39,166.45,160.4,61.99,222.88,1.4,0.99,6,30,Semi-Urban,Residential,0,180.57999999999998,180.57999999999998
C01100,3,325.5,340.79,198.91,126.59,232.73,2.114,0.919,10,29,Urban,Residential,0,300.745,300.745
C00604,2,249.1,253.71,164.26,84.84,226.11,1.715,0.892,1,30,Semi-Urban,Residential,0,253.71,253.71
C00927,6,532.88,640.36,326.31,206.58,223.58,3.609,0.917,1,29,Semi-Urban,Commercial,0,624.2366666666667,572.02
C00648,2,505.29,459.38,279.64,225.65,226.06,3.136,0.99,10,28,Urban,Commercial,0,459.38,459.38
C01120,5,1168.35,604.01,785.15,383.19,242.29,7.232,0.926,8,28,Rural,Commercial,0,777.6733333333333,815.4125
C00702,6,1091.05,1123.65,797.39,293.67,230.77,6.816,0.963,10,28,Urban,Commercial,0,1086.8066666666666,989.908
C01433,1,149.12,,108.1,41.02,225.08,1.005,0.915,9,30,Rural,Residential,0,,
C00250,1,1696.15,,1005.45,690.7,231.42,11.068,0.92,13,29,Urban,Industrial,0,,
C00401,2,200.84,201.29,123.84,77.01,232.15,1.323,0.908,9,28,Urban,Residential,0,201.29,201.29
C00646,5,5221.51,2194.6,3307.28,1914.22,233.91,31.694,0.978,16,30,Rural,Industrial,0,3330.0866666666666,3378.74
C00206,3,335.42,315.6,201.8,133.62,220.14,2.272,0.932,5,28,Semi-Urban,Residential,0,286.65,286.65
C00444,4,413.7,384.53,260.75,152.94,238.62,2.66,0.905,8,28,Semi-Urban,Commercial,0,348.00666666666666,348.00666666666666
C00470,4,313.64,291.75,209.49,104.15,230.89,2.057,0.917,14,30,Urban,Residential,0,256.5733333333333,256.5733333333333
C01127,5,455.84,344.19,340.55,115.29,231.16,3.196,0.857,16,29,Urban,Residential,0,348.73333333333335,328.4825
C00463,3,188.13,204.73,132.61,55.52,239.28,1.185,0.921,10,28,Semi-Urban,Residential,0,191.125,191.125
C01480,2,487.49,798.77,282.31,205.18,224.58,3.585,0.841,13,30,Rural,Commercial,0,798.77,798.77
C01322,4,1031.92,979.46,586.99,444.93,226.97,6.976,0.905,3,30,Rural,Commercial,0,881.5266666666666,881.5266666666666
C00693,2,280.69,296.56,165.89,114.8,234.58,1.818,0.914,1,28,Semi-Urban,Residential,0,296.56,296.56
C01228,5,391.56,388.8,279.88,111.68,223.74,2.703,0.899,5,30,Urban,Residential,0,334.15666666666664,326.04499999999996
C00511,2,187.95,224.1,140.01,47.93,237.68,1.253,0.876,13,30,Urban,Residential,0,224.1,224.1
C00012,1,724.62,,535.46,189.16,237.58,4.543,0.932,2,30,Rural,Commercial,0,,
C01500,2,891.0,918.67,569.54,321.46,226.61,6.166,0.886,16,30,Urban,Commercial,0,918.67,918.67
C00290,2,183.25,193.34,109.47,73.78,231.84,1.19,0.922,16,29,Semi-Urban,Residential,0,193.34,193.34
C00471,4,1254.22,886.8,762.46,491.77,222.3,8.476,0.925,18,30,Rural,Commercial,0,958.0433333333334,958.0433333333334
C01049,5,1276.29,1251.49,736.75,539.54,231.29,8.362,0.916,11,30,Rural,Commercial,0,1111.3366666666668,1077.2675
C01256,4,229.98,185.42,134.26,95.73,234.1,1.662,0.821,14,29,Urban,Residential,0,172.89333333333332,172.89333333333332
C01132,6,149.47,134.16,97.31,52.16,230.22,0.971,0.928,2,30,Semi-Urban,Residential,0,128.91333333333333,126.172
C00413,4,1116.85,1148.31,831.46,285.39,233.14,7.152,0.93,13,29,Semi-Urban,Commercial,0,977.43,977.43
C00428,3,293.6,260.55,167.7,125.9,233.56,1.947,0.897,3,29,Rural,Residential,0,243.825,243.825
C00749,3,241.33,241.25,168.96,72.37,227.52,1.684,0.875,13,30,Urban,Residential,0,245.35,245.35
C00619,6,160.61,145.64,95.27,65.34,228.73,1.057,0.922,4,29,Urban,Residential,0,152.82333333333335,144.55
C01274,2,258.18,266.26,171.81,86.37,228.42,1.611,0.974,7,30,Urban,Residential,0,266.26,266.26
C00118,6,52.23,438.45,34.06,18.17,228.7,0.364,0.87,11,15,Semi-Urban,Residential,1,283.00333333333333,280.564
C00508,5,267.65,319.36,152.71,114.94,221.26,1.917,0.876,13,30,Semi-Urban,Residential,0,242.89000000000001,247.16750000000002
C01384,3,159.76,153.17,109.98,49.78,230.0,1.002,0.963,9,28,Semi-Urban,Residential,0,160.49,160.49
C00865,6,948.84,762.49,568.56,380.28,234.91,6.427,0.873,7,29,Urban,Commercial,0,785.52,747.712
C01257,6,4350.25,4064.96,2712.25,1638.0,233.77,28.817,0.897,11,29,Rural,Industrial,0,4012.5433333333335,3671.5440000000003
C00913,1,224.84,,167.06,57.78,228.81,1.484,0.92,2,28,Urban,Residential,0,,
C00013,1,171.33,,111.11,60.22,231.92,1.117,0.919,9,29,Semi-Urban,Residential,0,,
C01004,1,244.41,,170.45,73.97,224.79,1.608,0.939,14,28,Rural,Residential,0,,
C00742,3,274.4,276.38,186.57,87.83,228.06,1.839,0.909,14,30,Urban,Residential,0,281.07,281.07
C00977,5,328.51,143.14,182.48,146.03,227.9,2.1,0.953,12,30,Rural,Residential,0,223.23333333333335,233.4225
C00807,4,111.22,83.68,67.63,43.59,221.02,0.76,0.92,14,25,Urban,Residential,1,222.94333333333336,222.94333333333336
C00689,4,5004.36,4845.83,3659.59,1344.76,237.25,31.038,0.944,9,29,Urban,Industrial,0,4178.64,4178.64
C00851,2,760.12,778.79,421.71,338.41,231.78,4.844,0.94,11,29,Rural,Commercial,0,778.79,778.79
C00199,3,173.08,181.14,102.64,70.44,232.86,1.092,0.945,12,28,Semi-Urban,Residential,1,179.14,179.14
C01072,6,792.26,895.48,496.41,295.85,236.08,5.323,0.876,0,29,Rural,Commercial,0,901.8033333333333,803.628
C00434,4,199.91,188.78,134.36,65.55,234.53,1.254,0.944,7,28,Urban,Residential,0,178.43999999999997,178.43999999999997
C00188,4,1334.47,1352.82,779.92,554.55,231.59,8.591,0.932,9,29,Urban,Commercial,0,1279.6933333333334,1279.6933333333334
C00207,6,91.13,102.71,51.42,39.71,228.34,0.579,0.958,17,30,Semi-Urban,Residential,1,102.78666666666668,163.43
C01123,4,1265.7,951.03,738.23,527.47,234.41,8.155,0.92,7,28,Urban,Commercial,0,881.07,881.07
C00601,3,300.42,259.66,207.63,92.79,222.44,2.112,0.888,19,29,Rural,Residential,0,255.26500000000001,255.26500000000001
C01358,2,2263.2,2079.28,1280.31,982.89,231.02,14.605,0.932,11,29,Semi-Urban,Industrial,0,2079.28,2079.28
C01236,5,167.18,215.55,106.24,60.94,224.45,1.113,0.93,8,30,Semi-Urban,Residential,0,182.26666666666665,176.8175
C00559,4,256.92,195.14,143.32,113.59,230.3,1.589,0.975,0,30,Semi-Urban,Residential,0,197.10999999999999,197.10999999999999
C00850,1,2273.79,,1565.31,708.49,234.62,14.722,0.914,5,29,Urban,Industrial,0,,
C01101,3,254.71,226.2,148.29,106.41,232.23,1.63,0.935,3,30,Urban,Residential,0,218.225,218.225
C00669,1,154.56,,98.44,56.12,228.53,1.009,0.931,11,30,Urban,Residential,0,,
C00263,6,514.0,529.06,307.78,206.22,237.1,3.349,0.899,11,30,Urban,Commercial,0,517.7666666666665,479.974
C00652,1,267.74,,199.15,68.6,229.01,1.805,0.9,7,30,Urban,Residential,0,,
C00622,4,377.0,274.49,221.39,155.6,241.64,2.286,0.948,10,30,Urban,Residential,0,291.09666666666664,291.09666666666664
C00727,3,196.85,139.34,115.14,81.71,230.8,1.197,0.99,1,28,Semi-Urban,Residential,0,145.95,145.95
C00988,1,733.56,,456.92,276.64,224.2,5.336,0.852,14,28,Semi-Urban,Commercial,0,,
C00224,6,270.49,333.29,168.08,102.41,234.85,2.812,0.569,15,29,Urban,Residential,1,339.6566666666667,320.56800000000004
C00202,5,368.94,1203.14,243.86,125.09,237.1,2.436,0.887,3,25,Semi-Urban,Commercial,1,1190.2700000000002,1152.4575
C01253,3,134.49,154.39,80.4,54.1,226.75,0.927,0.888,7,30,Urban,Residential,0,142.755,142.755
C00074,3,239.82,157.48,179.36,60.46,236.12,1.524,0.925,9,30,Urban,Residential,0,180.01999999999998,180.01999999999998
C01109,5,609.74,667.47,421.78,187.96,229.32,4.147,0.89,19,29,Urban,Commercial,0,561.9766666666666,526.72
C00184,3,1281.85,903.38,845.89,435.96,228.47,8.974,0.868,19,30,Semi-Urban,Commercial,0,954.02,954.02
C00440,4,353.94,373.06,257.3,96.65,227.38,2.278,0.949,12,30,Semi-Urban,Residential,0,307.28999999999996,307.28999999999996
C01164,6,172.26,200.79,63.69,108.56,231.87,1.081,0.954,17,28,Urban,Residential,1,199.54999999999998,186.304
C00109,2,260.97,261.99,188.61,72.36,233.97,1.608,0.963,18,30,Urban,Residential,0,261.99,261.99
C00258,5,810.77,818.95,485.78,324.98,233.91,5.049,0.954,17,30,Rural,Commercial,0,733.3666666666667,709.65
C01329,5,324.1,340.07,218.23,105.87,227.26,2.181,0.908,7,30,Urban,Residential,0,276.49,264.3825
C01257,5,4064.96,4416.47,2493.79,1571.17,226.18,26.567,0.94,11,30,Rural,Industrial,0,3858.1366666666668,3573.19
C00476,3,150.84,142.14,84.71,66.13,220.8,0.962,0.987,13,30,Semi-Urban,Residential,0,138.83999999999997,138.83999999999997
C00584,6,52.67,166.65,36.93,15.74,219.89,0.357,0.933,3,20,Urban,Residential,1,126.10000000000002,172.014
C01189,3,212.64,154.5,146.46,66.18,229.64,1.402,0.918,12,29,Semi-Urban,Residential,0,157.19,157.19
C00106,1,187.92,,118.55,69.37,228.56,1.219,0.937,17,30,Urban,Residential,0,,
C00795,5,178.37,323.28,124.76,53.61,232.61,1.153,0.923,3,29,Urban,Residential,0,277.75,281.6175
C00209,2,190.85,185.2,106.05,84.8,227.31,1.242,0.939,19,30,Urban,Residential,0,185.2,185.2
C01130,2,281.22,298.69,206.03,75.19,229.48,1.862,0.914,14,29,Urban,Residential,0,298.69,298.69
C00081,3,722.1,647.94,492.4,229.7,230.37,4.802,0.907,5,30,Urban,Commercial,0,605.485,605.485
C00265,1,1649.57,,985.66,663.91,233.82,10.033,0.977,19,30,Urban,Industrial,0,,
C00780,3,339.85,292.11,219.31,120.54,235.61,2.116,0.947,13,30,Urban,Residential,0,278.34000000000003,278.34000000000003
C01065,2,286.76,270.86,157.75,129.01,238.33,1.692,0.988,19,29,Urban,Residential,0,270.86,270.86
C00244,5,300.49,302.42,181.15,119.34,225.87,2.068,0.893,10,30,Urban,Residential,0,276.68333333333334,273.77750000000003
C00507,5,138.29,161.35,95.05,43.25,228.98,0.902,0.929,14,29,Urban,Residential,1,208.36666666666667,208.2925
C00836,1,287.97,,163.81,124.15,233.83,1.831,0.934,11,30,Urban,Residential,0,,
C01268,2,1637.85,1725.26,961.62,676.23,239.5,10.351,0.918,13,30,Semi-Urban,Industrial,0,1725.26,1725.26
C00546,4,325.0,302.3,190.54,134.45,232.35,2.071,0.938,9,29,Rural,Residential,0,273.73,273.73
C00614,6,369.45,361.45,225.85,143.6,233.47,2.405,0.914,4,30,Urban,Residential,0,333.51666666666665,311.656
C01113,3,238.84,172.52,153.4,85.44,239.62,1.517,0.912,6,29,Semi-Urban,Residential,0,177.19,177.19
C00691,6,246.74,216.58,184.17,62.57,231.92,1.688,0.875,4,28,Urban,Residential,0,195.35333333333332,178.89000000000001
C01468,2,314.93,315.78,208.95,105.98,233.67,1.951,0.96,13,30,Urban,Residential,0,315.78,315.78
C01310,4,233.8,198.64,141.06,92.74,227.14,1.523,0.939,16,30,Semi-Urban,Residential,0,171.50333333333333,171.50333333333333
C00826,5,144.84,159.73,99.82,45.02,229.33,0.979,0.896,2,28,Urban,Residential,0,134.94,126.1125
C00538,4,543.39,687.15,386.98,156.41,224.02,3.641,0.925,14,28,Rural,Commercial,1,953.2366666666667,953.2366666666667
C00179,5,2596.77,2743.75,1631.34,965.43,230.93,17.008,0.918,0,28,Rural,Industrial,0,2643.8933333333334,2655.785
C00803,4,197.42,180.2,136.17,61.25,232.73,1.293,0.911,2,30,Urban,Residential,0,165.27666666666667,165.27666666666667
C01211,3,1210.75,1212.5,794.84,415.91,225.65,8.221,0.906,0,29,Urban,Commercial,0,1167.35,1167.35
C00439,4,177.47,146.77,110.44,67.03,231.9,1.19,0.893,5,29,Urban,Residential,0,156.71,156.71
C00277,5,708.51,676.04,468.66,239.85,227.94,5.009,0.862,15,30,Semi-Urban,Commercial,0,578.5533333333333,551.6625
C00959,5,1068.43,752.93,714.95,353.48,226.94,6.605,0.99,9,30,Urban,Commercial,0,916.2133333333333,897.585
C00405,2,281.06,277.59,186.75,94.31,225.2,1.751,0.99,6,29,Urban,Residential,0,277.59,277.59
C00847,4,297.82,260.02,201.26,96.56,233.51,1.923,0.921,12,28,Urban,Residential,0,232.78666666666666,232.78666666666666
C01377,5,256.27,144.29,159.05,97.22,231.81,1.676,0.916,0,29,Rural,Residential,0,169.5633333333333,167.7875
C00984,5,388.7,305.34,235.53,153.17,233.19,2.483,0.933,16,30,Urban,Residential,0,264.94,254.86499999999998
C01252,5,163.29,154.68,108.44,54.85,220.76,1.128,0.911,10,28,Urban,Residential,0,149.02,149.95499999999998
C00517,2,3027.92,2980.58,1821.64,1206.27,235.94,20.36,0.875,9,30,Semi-Urban,Industrial,0,2980.58,2980.58
C00663,5,216.2,185.79,152.74,63.46,232.91,1.302,0.99,19,30,Rural,Residential,0,180.92999999999998,172.465
C00208,2,878.21,668.83,555.3,322.91,232.32,5.6,0.938,17,30,Rural,Commercial,0,668.83,668.83
C00217,5,388.27,409.48,236.13,152.14,227.68,2.699,0.877,14,30,Urban,Residential,0,346.13000000000005,337.355
C01048,3,695.67,543.01,464.61,231.07,229.58,4.887,0.861,5,30,Semi-Urban,Commercial,0,523.8050000000001,523.8050000000001
C01174,3,173.23,170.87,127.63,45.6,226.86,1.071,0.99,8,30,Semi-Urban,Residential,0,173.14,173.14
C01118,1,196.92,,125.78,71.14,228.43,1.293,0.926,10,30,Rural,Residential,0,,
C00914,4,533.92,437.2,342.66,191.26,221.38,3.845,0.871,17,29,Semi-Urban,Commercial,0,391.90000000000003,391.90000000000003
C01305,3,513.03,449.57,360.67,152.36,215.39,3.613,0.916,13,30,Urban,Commercial,0,429.235,429.235
C00916,6,290.61,326.18,177.5,113.11,230.66,1.899,0.922,3,29,Urban,Residential,0,308.78333333333336,291.316
C00882,6,431.49,428.47,267.22,164.27,225.82,2.962,0.896,3,30,Urban,Residential,0,380.2833333333333,345.43
C00235,5,276.06,285.44,187.46,88.6,226.77,1.94,0.872,0,30,Urban,Residential,0,252.82000000000002,243.4675
C00308,4,1018.05,919.6,680.64,337.41,218.65,7.341,0.881,8,29,Semi-Urban,Commercial,0,857.9466666666667,857.9466666666667
C00300,5,312.84,336.67,175.35,137.49,229.37,2.115,0.895,0,30,Semi-Urban,Residential,0,297.21000000000004,289.52
C00660,4,217.23,228.55,134.72,82.5,230.5,1.404,0.932,16,30,Urban,Residential,0,180.56000000000003,180.56000000000003
C00246,6,400.76,351.39,248.39,152.37,233.36,2.511,0.95,19,29,Urban,Residential,0,337.8533333333333,348.614
C01195,2,285.89,247.47,191.69,94.2,231.56,1.751,0.98,11,29,Urban,Residential,0,247.47,247.47
C00006,6,4805.09,5377.74,2647.78,2157.31,226.34,31.78,0.928,1,30,Urban,Industrial,0,5195.203333333334,4768.262000000001
C01254,2,322.74,296.7,179.44,143.29,231.87,2.316,0.835,18,29,Semi-Urban,Residential,0,296.7,296.7
C01074,4,719.45,402.7,514.74,204.71,234.44,4.575,0.932,15,29,Urban,Commercial,0,481.8433333333333,481.8433333333333
C00075,1,211.25,,123.91,87.34,225.46,1.46,0.891,12,30,Urban,Residential,0,,
C00394,2,205.61,175.27,152.12,53.49,233.36,1.308,0.935,15,28,Rural,Residential,0,175.27,175.27
C00610,1,488.79,,319.73,169.06,236.17,2.962,0.97,17,30,Urban,Commercial,0,,
C01051,3,832.49,368.32,469.29,363.2,235.69,5.433,0.903,11,30,Semi-Urban,Commercial,0,627.22,627.22
C01293,5,283.84,319.37,166.25,117.59,233.45,1.706,0.99,12,29,Semi-Urban,Residential,0,271.24666666666667,267.8625
C00530,6,357.45,332.67,249.73,107.72,231.32,2.532,0.848,8,28,Urban,Residential,0,316.0,298.902
C00215,3,897.25,828.2,638.47,258.78,229.71,5.923,0.916,17,28,Rural,Commercial,0,843.02,843.02
C01222,6,225.85,246.37,167.84,58.01,233.71,1.371,0.979,15,30,Semi-Urban,Residential,0,237.25666666666666,218.382
C00741,6,308.61,323.99,206.14,102.47,230.72,2.053,0.905,10,30,Semi-Urban,Residential,0,318.9266666666667,297.974
C00570,3,170.27,185.12,48.89,121.38,231.78,1.129,0.904,8,30,Rural,Residential,1,171.005,171.005
C00357,2,249.35,225.77,186.32,63.03,233.45,1.643,0.903,13,29,Rural,Residential,0,225.77,225.77
C00440,3,373.06,290.28,218.58,154.48,231.41,2.451,0.914,12,30,Semi-Urban,Residential,0,274.405,274.405
C00670,3,158.51,160.76,118.86,39.65,234.31,0.996,0.943,2,29,Urban,Residential,0,148.11,148.11
C00683,6,3590.57,3780.89,2225.05,1365.52,228.02,22.647,0.966,17,29,Urban,Industrial,0,3647.843333333333,3403.112
C00281,2,297.61,250.85,178.97,118.64,234.84,1.907,0.923,15,29,Urban,Residential,0,250.85,250.85
C01470,3,902.93,780.58,575.61,327.32,231.45,5.927,0.914,6,28,Semi-Urban,Commercial,0,745.965,745.965
C01200,1,130.38,,76.7,53.69,227.69,0.86,0.925,18,29,Semi-Urban,Residential,0,,
C00962,2,2860.99,2727.8,1741.22,1119.77,232.11,17.704,0.967,17,29,Urban,Industrial,0,2727.8,2727.8
C01143,3,205.57,175.3,148.48,57.09,,1.497,0.864,9,29,Urban,Residential,0,186.515,186.515
C00880,2,246.26,233.89,139.54,106.72,229.73,1.59,0.936,0,30,Rural,Residential,0,233.89,233.89
C00283,1,134.25,,87.28,46.98,225.94,0.946,0.873,2,28,Rural,Residential,0,,
C01355,1,213.18,,125.32,87.86,226.9,1.438,0.907,8,30,Urban,Residential,0,,
C01312,2,222.71,197.73,158.88,63.82,232.54,1.51,0.881,4,30,Urban,Residential,0,197.73,197.73
C00606,6,253.54,248.89,146.77,106.77,225.64,1.723,0.906,1,30,Urban,Residential,0,231.61333333333334,209.35
C00063,1,136.45,,96.48,39.97,231.32,0.905,0.906,14,30,Semi-Urban,Residential,0,,
C01266,3,189.56,285.57,83.31,106.25,235.33,2.141,0.522,18,30,Semi-Urban,Residential,1,298.71500000000003,298.71500000000003
C01003,1,982.42,,735.45,246.97,226.75,6.444,0.934,13,28,Rural,Commercial,0,,
C00909,6,430.71,432.89,258.12,172.59,223.74,2.81,0.951,10,29,Urban,Residential,0,395.15000000000003,356.462
C00987,6,191.71,164.39,117.17,74.54,231.12,1.313,0.877,4,29,Urban,Residential,0,169.25333333333333,156.404
C00814,5,134.99,157.98,99.56,35.43,232.26,0.861,0.938,10,30,Urban,Residential,0,131.74666666666667,122.365
C00761,6,2018.29,1927.42,1484.48,533.81,231.18,12.345,0.982,9,30,Urban,Industrial,0,1824.1133333333335,1686.038
C00024,3,147.08,124.48,101.41,45.67,234.1,0.928,0.94,17,30,Semi-Urban,Residential,0,120.62,120.62
C00815,1,274.02,,156.98,117.04,226.04,1.805,0.933,3,28,Rural,Residential,0,,
C00737,4,279.51,209.17,208.88,70.62,222.91,1.803,0.966,11,29,Rural,Residential,0,219.45333333333335,219.45333333333335
C01452,2,143.03,112.62,87.73,55.31,227.93,1.0,0.872,17,28,Urban,Residential,0,112.62,112.62
C01353,1,273.21,,170.04,103.17,234.85,1.88,0.86,8,28,Rural,Residential,0,,
C00120,1,294.86,,174.75,120.11,230.8,1.794,0.989,4,30,Semi-Urban,Residential,0,,
C00988,2,740.21,733.56,430.26,309.95,214.66,5.358,0.894,14,28,Semi-Urban,Commercial,0,733.56,733.56
C01091,3,370.95,241.83,242.88,128.07,236.84,2.383,0.913,0,30,Semi-Urban,Residential,0,278.77500000000003,278.77500000000003
C00874,6,310.64,241.13,183.38,127.26,234.33,1.952,0.943,13,30,Urban,Residential,0,248.30333333333337,236.058
C00532,3,3130.13,2340.43,1757.65,1372.49,221.01,22.332,0.881,16,30,Rural,Industrial,0,2542.075,2542.075
C01412,1,181.88,,121.33,60.55,230.95,,0.924,16,30,Urban,Residential,0,,
C00739,4,407.21,514.03,256.75,150.46,227.07,2.75,0.906,15,28,Urban,Residential,0,365.2733333333333,365.2733333333333
C01157,1,190.94,,114.9,76.04,234.13,1.158,0.978,12,30,Urban,Residential,0,,
C01128,1,754.12,,491.85,262.26,227.53,5.105,0.902,10,30,Urban,Commercial,0,,
C00068,5,289.42,326.78,180.91,108.5,226.97,,0.928,2,30,Urban,Residential,0,310.59999999999997,298.15749999999997
C00004,3,285.95,235.85,193.43,92.51,225.99,1.802,0.975,2,30,Urban,Residential,0,240.32,240.32
C00168,3,250.37,188.56,162.06,88.31,232.53,1.589,0.941,3,29,Urban,Residential,0,218.95499999999998,218.95499999999998
C01159,6,255.39,275.66,188.66,66.73,222.33,1.744,0.915,7,29,Urban,Residential,0,253.10999999999999,236.56199999999998
C00832,1,143.3,,98.73,44.57,230.0,0.888,0.974,12,28,Urban,Residential,0,,
C00402,6,386.33,388.81,247.15,139.17,239.72,2.395,0.935,4,30,Urban,Residential,0,362.5566666666667,341.524
C00425,2,222.38,216.66,142.29,80.1,213.35,1.534,0.944,3,29,Urban,Residential,0,216.66,216.66
C01488,6,158.52,140.22,115.93,42.59,216.77,1.063,0.956,3,30,Urban,Residential,0,142.77333333333334,137.834
C00399,3,1028.57,827.3,770.73,257.84,231.67,6.964,0.885,7,29,Urban,Commercial,0,892.9749999999999,892.9749999999999
C01323,3,258.95,174.69,149.59,109.37,233.95,1.776,0.866,17,30,Urban,Residential,0,178.225,178.225
C00008,1,3512.96,,2264.78,1248.17,229.9,24.043,0.883,2,28,Semi-Urban,Industrial,0,,
C00472,5,387.03,361.79,255.26,131.77,230.26,2.66,0.878,4,29,Rural,Residential,0,318.2166666666667,311.505
C00977,4,143.14,304.61,79.4,63.74,229.53,0.939,0.922,12,29,Rural,Residential,0,263.51666666666665,263.51666666666665
C00562,6,269.31,334.86,157.22,112.09,232.42,1.673,0.962,12,30,Urban,Residential,0,287.8066666666667,262.51599999999996
C00504,5,379.13,450.92,279.6,99.53,223.13,2.574,0.917,6,28,Semi-Urban,Residential,0,367.3,356.02
C00561,5,129.2,179.31,94.52,34.68,225.26,0.935,0.852,10,30,Urban,Residential,0,145.08333333333334,140.135
C00734,2,125.8,129.48,75.02,50.79,231.66,0.859,0.878,4,30,Urban,Residential,0,129.48,129.48
C00876,3,230.81,192.96,140.79,90.03,221.92,1.459,0.99,16,29,Urban,Residential,0,213.905,213.905
C00002,6,793.32,708.91,558.65,234.67,231.81,4.843,0.982,3,29,Urban,Commercial,0,736.17,679.524
C00794,3,237.42,244.25,174.99,62.44,224.95,1.588,0.923,10,30,Urban,Residential,0,230.47,230.47
C00197,2,233.1,256.59,135.56,97.54,236.66,1.549,0.883,11,29,Urban,Residential,0,256.59,256.59
C01129,5,279.43,350.86,184.35,95.08,235.25,1.806,0.914,0,30,Rural,Residential,0,300.24666666666667,287.6
C00325,4,296.02,263.87,177.74,118.28,224.49,2.029,0.903,6,30,Urban,Residential,0,252.60666666666665,252.60666666666665
C00417,6,134.62,168.7,98.82,35.8,223.41,0.887,0.944,17,30,Semi-Urban,Residential,0,149.14333333333332,141.724
C01398,4,1539.19,1119.63,1091.97,447.22,236.41,9.492,0.953,8,28,Urban,Commercial,0,1061.3133333333333,1061.3133333333333
C00478,2,3709.24,3681.88,2135.2,1574.04,236.7,23.402,0.93,1,28,Semi-Urban,Industrial,0,3681.88,3681.88
C01250,5,246.78,239.76,143.37,103.41,235.1,1.497,0.974,7,29,Semi-Urban,Residential,0,202.92,196.1625
C00645,2,300.78,325.47,215.64,85.14,232.56,1.851,0.971,15,30,Urban,Residential,0,325.47,325.47
C01039,1,141.26,,94.22,47.04,227.74,0.932,0.924,16,30,Semi-Urban,Residential,0,,
C00172,1,269.22,,188.11,81.11,219.83,1.954,0.87,3,30,Urban,Residential,0,,
C00642,3,794.05,646.33,586.96,207.09,227.73,5.165,0.938,13,28,Semi-Urban,Commercial,0,568.55,568.55
C00499,2,339.04,278.0,248.56,90.49,221.64,2.181,0.974,13,30,Urban,Residential,0,278.0,278.0
C00161,2,133.34,109.5,75.87,57.47,233.56,0.94,0.843,17,29,Urban,Residential,0,109.5,109.5
C00482,4,384.6,340.03,232.54,152.07,226.54,2.491,0.947,8,29,Urban,Residential,0,315.75666666666666,315.75666666666666
C00503,4,1100.32,948.4,741.35,358.97,224.0,8.154,0.837,0,30,Semi-Urban,Commercial,0,871.3566666666666,871.3566666666666
C00557,3,250.74,215.18,163.13,87.62,219.81,1.6,0.99,10,29,Semi-Urban,Residential,0,250.84,250.84
C01018,4,301.28,285.48,214.66,86.62,233.61,2.059,0.87,4,29,Semi-Urban,Residential,0,250.49666666666667,250.49666666666667
C01041,6,178.92,198.89,109.57,69.35,232.47,1.138,0.94,10,28,Urban,Residential,0,190.09,173.73
C01214,5,206.21,172.57,118.13,88.07,232.43,1.3,0.948,11,29,Urban,Residential,0,178.46666666666667,178.66
C01073,3,253.85,215.09,145.43,108.41,232.06,1.58,0.961,1,30,Urban,Residential,0,215.43,215.43
C01167,2,132.48,108.37,73.35,59.13,216.1,0.895,0.951,13,30,Urban,Residential,0,108.37,108.37
C00123,4,300.42,274.19,189.65,110.77,232.89,1.958,0.915,10,30,Urban,Residential,0,229.56000000000003,229.56000000000003
C00734,3,136.81,125.8,98.85,37.96,229.59,0.9,0.92,4,28,Urban,Residential,0,127.63999999999999,127.63999999999999
C00241,1,298.26,,217.48,80.78,234.61,2.027,0.871,14,30,Urban,Residential,0,,
C01469,5,165.72,73.54,99.86,65.85,226.1,,0.868,16,30,Semi-Urban,Residential,0,128.65666666666667,126.045
C01438,1,302.13,,212.12,90.01,243.49,1.931,0.893,15,28,Semi-Urban,Residential,0,,
C00480,2,709.7,658.33,399.5,310.2,228.04,4.873,0.887,9,30,Urban,Commercial,0,658.33,658.33
C00665,3,883.04,860.57,540.24,342.8,233.16,5.825,0.903,4,29,Urban,Commercial,0,786.745,786.745
C00153,5,301.94,281.55,195.02,106.92,226.31,2.09,0.887,14,29,Urban,Residential,0,239.25666666666666,244.8225
C01370,3,248.71,213.96,152.3,96.42,233.18,1.576,0.94,17,29,Urban,Residential,0,217.805,217.805
C01285,3,2376.24,1985.28,1656.41,719.82,235.69,15.619,0.897,11,29,Rural,Industrial,0,2044.025,2044.025
C00682,4,446.06,362.02,273.24,172.82,227.8,3.122,0.871,16,28,Semi-Urban,Residential,0,325.05333333333334,325.05333333333334
C01445,2,137.48,145.26,90.87,46.61,230.78,0.886,0.934,5,30,Semi-Urban,Residential,0,145.26,145.26
C01298,3,1012.16,845.11,626.73,385.43,234.89,6.469,0.925,7,28,Urban,Commercial,0,831.1800000000001,831.1800000000001
C00463,1,177.52,,115.65,61.87,222.4,1.208,0.918,10,28,Semi-Urban,Residential,0,,
C00271,5,305.51,282.74,169.26,136.26,229.28,2.133,0.868,12,28,Semi-Urban,Residential,0,267.28,251.85750000000002
C01305,5,691.07,484.56,453.42,237.65,,4.611,0.934,13,30,Urban,Commercial,0,482.3866666666667,464.015
C00137,6,311.3,373.16,220.57,90.73,229.19,1.993,0.946,10,29,Semi-Urban,Residential,0,303.77333333333337,275.848
C00228,6,2942.28,2849.34,1953.13,989.16,232.63,20.128,0.873,1,29,Rural,Industrial,0,2840.713333333333,2776.6059999999998
C00619,5,145.64,157.47,88.7,56.94,233.46,0.994,0.872,4,30,Urban,Residential,0,147.46666666666667,144.2775
C01486,1,164.58,,121.63,42.94,223.17,1.129,0.907,2,30,Urban,Residential,0,,
C00232,3,169.31,217.45,122.53,46.78,231.77,1.072,0.946,7,29,Urban,Residential,1,222.69,222.69
C00142,5,373.97,415.97,218.56,155.41,231.49,2.412,0.93,10,30,Urban,Residential,0,375.50333333333333,364.6075
C00167,5,341.41,370.17,216.14,125.26,234.89,2.218,0.91,18,29,Rural,Residential,0,281.72333333333336,279.4675
C01225,2,370.47,448.09,253.41,117.06,230.19,2.409,0.928,17,30,Urban,Commercial,0,448.09,448.09
C01226,3,142.6,116.82,100.85,41.75,225.52,1.047,0.839,6,29,Urban,Residential,0,110.63,110.63
C00686,5,1016.49,1056.87,596.11,420.38,223.63,6.641,0.951,18,29,Urban,Commercial,0,889.0766666666667,873.915
C00273,6,190.32,140.35,131.31,59.01,236.06,1.187,0.943,5,29,Semi-Urban,Residential,0,135.95,144.29000000000002
C00278,6,271.87,293.78,160.5,111.37,223.77,1.974,0.855,9,28,Urban,Residential,0,289.78,247.848
C00765,6,233.93,220.74,168.17,65.76,231.54,1.495,0.938,3,29,Semi-Urban,Residential,0,199.54999999999998,189.206
C00529,6,323.5,269.92,192.77,130.72,227.38,2.084,0.948,11,30,Urban,Residential,0,273.25,258.726
C01254,5,342.56,339.38,215.34,127.22,226.17,2.324,0.905,18,29,Semi-Urban,Residential,0,250.31000000000003,261.9075
C00225,4,155.4,115.71,113.19,42.2,223.04,1.047,0.924,4,28,Urban,Residential,0,118.38666666666666,118.38666666666666
C01286,3,173.51,130.68,107.18,66.33,234.45,1.038,0.99,16,30,Rural,Residential,0,144.22,144.22
C00539,3,279.32,259.89,205.3,74.03,230.23,1.973,0.854,4,29,Semi-Urban,Residential,0,237.425,237.425
C01201,6,168.82,155.57,113.15,55.67,219.84,1.186,0.899,7,29,Urban,Residential,0,160.39,153.246
C01163,2,151.13,116.17,103.69,47.44,226.29,0.989,0.938,14,30,Urban,Residential,0,116.17,116.17
C01267,1,282.61,,164.22,118.39,228.56,1.957,0.878,8,28,Rural,Residential,0,,
C00798,2,307.24,335.1,190.48,116.76,224.98,2.057,0.922,9,28,Semi-Urban,Residential,0,335.1,335.1
C01287,2,693.75,667.4,390.42,303.33,226.86,4.591,0.925,1,29,Semi-Urban,Commercial,0,667.4,667.4
C00539,5,311.41,296.78,223.01,88.4,234.15,2.072,0.891,4,30,Semi-Urban,Residential,0,278.66333333333336,262.7375
C00951,5,2067.71,658.5,1427.9,639.8,236.38,13.518,0.899,0,30,Rural,Industrial,0,1411.956666666667,1503.08
C01346,6,180.52,213.45,130.35,50.17,237.01,1.188,0.89,7,29,Urban,Residential,0,206.14000000000001,187.31799999999998
C00118,2,290.81,263.0,188.64,102.17,235.13,1.905,0.902,11,30,Semi-Urban,Residential,0,263.0,263.0
C00851,6,902.23,852.37,595.37,306.86,233.05,5.81,0.925,11,29,Rural,Commercial,0,762.0566666666667,765.016
C01313,4,1225.11,1118.79,765.49,459.62,233.44,8.601,0.847,13,29,Urban,Commercial,0,979.9366666666666,979.9366666666666
C00549,4,335.27,345.4,185.9,149.37,234.81,2.162,0.917,18,30,Urban,Residential,0,304.6033333333333,304.6033333333333
C00613,2,139.16,137.3,83.39,55.77,227.57,0.967,0.878,5,29,Semi-Urban,Residential,0,137.3,137.3
C00402,3,354.99,282.68,208.93,146.06,238.05,2.429,0.853,4,28,Urban,Residential,0,309.975,309.975
C01444,2,318.86,272.82,236.01,82.85,226.43,2.275,0.86,18,30,Urban,Residential,0,272.82,272.82
C00222,2,155.34,130.86,88.68,66.66,235.79,0.996,0.919,2,29,Urban,Residential,0,130.86,130.86
C01451,6,290.93,285.15,212.75,78.18,233.49,1.864,0.928,11,30,Urban,Residential,0,274.6933333333333,239.902
C00963,2,277.01,265.38,163.56,113.45,236.65,1.754,0.927,11,29,Urban,Residential,0,265.38,265.38
C01016,6,279.56,320.38,162.73,116.82,229.83,2.054,0.823,0,28,Urban,Residential,0,281.78666666666663,255.208
C00902,1,308.01,,198.92,109.09,230.17,2.052,0.906,1,30,Rural,Residential,0,,
C01350,1,244.67,,182.08,62.59,233.54,1.55,0.939,19,30,Urban,Residential,0,,
C01014,6,257.36,229.28,145.63,111.73,228.53,1.675,0.934,3,29,Rural,Residential,0,225.25,205.002
C00819,2,272.64,254.84,202.12,70.52,238.41,1.782,0.892,2,28,Semi-Urban,Residential,0,254.84,254.84
C00741,1,247.2,,181.06,66.14,231.49,,0.969,10,30,Semi-Urban,Residential,0,,
C00311,4,1404.94,909.69,846.01,558.93,232.57,9.33,0.899,13,30,Semi-Urban,Commercial,0,947.5333333333333,947.5333333333333
C00165,3,133.09,125.26,94.65,38.43,230.69,0.934,0.858,13,29,Semi-Urban,Residential,0,117.72,117.72
C01308,2,106.95,112.17,75.8,31.15,231.18,0.691,0.93,16,30,Rural,Residential,0,112.17,112.17
C00659,5,4272.03,3655.92,2687.26,1584.77,221.22,30.044,0.893,6,30,Urban,Industrial,0,3454.8233333333337,3529.2799999999997
C01300,4,1262.53,1129.18,909.85,352.68,230.11,7.918,0.962,19,28,Urban,Commercial,0,1049.1033333333335,1049.1033333333335
C01391,4,1126.63,1001.0,686.13,440.51,233.17,8.069,0.832,7,30,Semi-Urban,Commercial,0,971.4900000000001,971.4900000000001
C01388,6,342.03,384.59,188.52,153.51,224.64,2.318,0.912,6,28,Urban,Residential,0,343.54999999999995,318.236
C00675,6,615.01,833.25,390.33,224.68,231.28,4.131,0.894,8,28,Rural,Commercial,0,721.4733333333334,660.508
C01043,6,219.99,183.68,141.05,78.94,217.4,1.458,0.964,11,30,Semi-Urban,Residential,0,175.35333333333332,174.14600000000002
C00581,6,950.25,1266.73,589.75,360.5,226.6,6.657,0.875,4,29,Urban,Commercial,0,1099.9933333333333,982.21
C01015,6,387.96,383.46,287.09,100.86,230.22,2.384,0.982,1,30,Semi-Urban,Residential,0,343.2833333333333,312.96
C00413,3,1148.31,938.23,816.94,331.37,228.28,8.207,0.851,13,29,Semi-Urban,Commercial,0,891.99,891.99
C00874,1,219.26,,151.16,68.1,232.21,1.471,0.892,13,30,Urban,Residential,0,,
C01076,5,1166.18,1122.58,728.78,437.39,228.71,7.38,0.96,13,30,Rural,Commercial,0,1120.6733333333332,1105.665
C00646,4,2194.6,3784.75,1625.3,569.31,229.73,14.158,0.937,16,29,Rural,Industrial,0,3773.4533333333334,3773.4533333333334
C00200,5,278.04,266.32,197.06,80.97,228.5,1.941,0.871,4,29,Semi-Urban,Residential,0,228.03,219.1525
C00697,6,377.92,350.26,267.76,110.16,234.2,2.465,0.909,15,28,Urban,Residential,0,324.18,300.898
C00254,1,399.8,,283.49,116.31,229.65,2.708,0.893,17,29,Urban,Commercial,0,,
C01365,5,160.46,137.51,100.03,60.43,227.04,1.184,0.829,0,29,Semi-Urban,Residential,0,141.5,135.3475
C00913,6,298.58,302.48,164.65,133.93,233.84,1.915,0.926,2,30,Urban,Residential,0,299.54333333333335,273.616
C01136,3,288.26,288.06,211.89,76.36,233.5,1.795,0.955,16,29,Rural,Residential,0,302.65999999999997,302.65999999999997
C00300,6,295.89,312.84,168.4,127.49,235.72,2.035,0.857,0,29,Semi-Urban,Residential,0,309.48,294.184
C00170,1,598.54,,402.4,196.14,223.88,3.801,0.977,15,30,Urban,Commercial,0,,
C00022,3,536.14,431.29,389.88,146.26,235.16,3.68,0.861,17,30,Urban,Commercial,0,439.07000000000005,439.07000000000005
C00228,3,2768.14,2759.4,1529.07,1239.07,234.37,17.698,0.927,1,29,Rural,Industrial,0,2680.4449999999997,2680.4449999999997
C01268,4,2187.6,1835.29,1343.23,844.37,236.68,14.47,0.887,13,29,Semi-Urban,Industrial,0,1732.8,1732.8
C00746,1,216.77,,162.18,54.59,230.0,1.468,0.892,8,29,Rural,Residential,0,,
C00149,4,2162.64,1965.63,1511.63,651.01,221.43,15.346,0.884,13,28,Rural,Industrial,0,1881.0433333333333,1881.0433333333333
C00466,4,211.92,183.71,155.45,56.47,221.99,1.457,0.91,2,29,Urban,Residential,0,177.13,177.13
C00329,2,763.15,685.97,505.28,257.87,234.75,4.691,0.962,19,28,Rural,Commercial,0,685.97,685.97
C00910,2,205.63,240.5,128.71,76.92,229.07,1.336,0.933,4,30,Semi-Urban,Residential,0,240.5,240.5
C00734,6,174.93,164.48,125.45,49.47,230.31,1.158,0.911,4,29,Urban,Residential,0,152.21666666666667,142.386
C00960,4,165.13,129.95,116.85,48.27,229.84,1.132,0.882,7,29,Rural,Residential,0,127.27999999999999,127.27999999999999
C01088,6,490.97,470.23,298.02,192.95,233.09,3.029,0.966,11,29,Urban,Commercial,0,391.88000000000005,380.662
C01050,1,287.15,,208.01,79.13,233.61,1.754,0.973,14,29,Rural,Residential,0,,
C00654,6,162.23,55.99,104.76,57.47,238.02,1.039,0.912,4,30,Rural,Residential,0,120.14666666666669,114.758
C00903,2,117.37,128.56,71.73,45.64,233.96,0.786,0.886,5,30,Semi-Urban,Residential,0,128.56,128.56
C01389,5,1059.6,922.38,701.14,358.46,227.57,6.872,0.941,11,29,Urban,Commercial,0,944.2233333333334,896.8475
C00542,4,3565.94,2804.94,2040.39,1525.55,240.4,22.303,0.924,0,30,Urban,Industrial,0,2882.2033333333334,2882.2033333333334
C01096,1,144.73,,102.68,42.05,235.14,0.951,0.899,13,28,Urban,Residential,0,,
C01107,3,211.88,206.76,145.14,66.74,236.1,1.362,0.915,13,30,Urban,Residential,0,198.61,198.61
C01381,4,271.06,239.13,157.73,113.32,239.17,1.75,0.9,11,29,Urban,Residential,0,256.95,256.95
C00202,3,1376.85,990.82,889.82,487.02,235.37,8.748,0.929,3,28,Semi-Urban,Commercial,0,1014.9200000000001,1014.9200000000001
C00645,5,255.25,313.38,172.89,82.36,237.48,,0.96,15,30,Urban,Residential,1,300.41333333333336,306.6775
C01424,1,270.84,,186.77,84.07,228.85,1.712,0.96,12,29,Urban,Residential,0,,
C00678,4,402.04,365.43,228.47,173.57,227.88,2.876,0.852,19,30,Urban,Residential,0,330.1066666666666,330.1066666666666
C01386,4,1254.7,1040.2,900.8,353.9,232.29,8.228,,10,28,Rural,Commercial,0,1048.7733333333333,1048.7733333333333
C01250,4,239.76,189.3,179.53,60.24,235.17,1.448,0.978,7,29,Semi-Urban,Residential,0,181.63,181.63
C00207,4,106.47,99.18,74.47,32.0,234.04,0.724,0.873,17,30,Semi-Urban,Residential,1,202.65666666666667,202.65666666666667
C00382,4,612.41,538.75,358.51,253.9,235.06,3.782,0.957,14,29,Semi-Urban,Commercial,0,486.50666666666666,486.50666666666666
C00457,5,189.65,277.11,114.2,75.45,240.3,1.22,0.899,5,28,Rural,Residential,0,216.1266666666667,199.57750000000001
C00046,6,382.83,367.56,277.38,105.45,227.32,2.456,0.952,14,28,Urban,Residential,0,352.4266666666667,329.056
C00765,2,178.53,168.85,120.73,57.8,222.18,1.194,0.935,3,29,Semi-Urban,Residential,0,168.85,168.85
C00173,4,173.7,168.43,109.92,63.79,230.17,1.145,0.915,11,29,Urban,Residential,0,152.3033333333333,152.3033333333333
C00205,6,2662.21,2598.14,1975.03,687.18,233.09,17.12,0.927,14,29,Semi-Urban,Industrial,0,2123.183333333333,2053.7059999999997
C01140,1,1089.44,,745.09,344.35,230.09,7.112,0.925,7,30,Urban,Commercial,0,,
C00169,1,152.95,,98.42,54.52,233.16,0.994,0.916,2,30,Urban,Residential,0,,
C01342,4,733.19,575.73,529.14,204.06,218.22,5.02,0.93,10,29,Urban,Commercial,0,623.8933333333333,623.8933333333333
C00864,1,265.03,,187.8,77.23,230.01,1.853,0.864,10,29,Urban,Residential,0,,
C00639,1,232.79,,151.07,81.72,229.74,1.624,0.866,9,30,Urban,Residential,0,,
C00423,1,334.16,,192.77,141.39,231.61,2.078,0.964,2,29,Urban,Residential,0,,
C00716,4,1266.91,855.77,817.41,449.49,226.0,8.345,0.933,1,29,Urban,Commercial,0,846.9266666666666,846.9266666666666
C00177,3,294.23,285.18,189.32,104.91,227.69,2.097,0.856,8,29,Urban,Residential,0,247.32,247.32
C01044,5,1185.48,1376.41,731.18,454.29,226.43,7.879,0.923,1,30,Urban,Commercial,0,1143.7466666666667,1089.68
C01224,4,186.38,187.18,134.55,51.83,237.55,1.128,0.966,15,30,Semi-Urban,Residential,0,180.82666666666668,180.82666666666668
C00047,6,330.9,567.54,225.16,105.74,228.72,5.616,0.358,8,30,Semi-Urban,Commercial,1,436.3933333333334,431.188
C00174,6,219.88,283.32,158.63,61.25,229.37,1.387,0.96,0,28,Semi-Urban,Residential,0,237.01999999999998,218.77399999999997
C00220,3,150.89,148.8,105.64,45.25,224.57,0.993,0.94,16,29,Semi-Urban,Residential,0,144.54000000000002,144.54000000000002
C01110,1,153.26,,109.7,43.57,232.04,1.021,0.898,1,30,Urban,Residential,0,,
C00162,3,116.67,135.35,77.33,39.34,230.14,0.797,0.884,15,29,Urban,Residential,1,141.935,141.935
C00397,6,246.42,201.45,173.86,72.57,238.5,1.523,0.943,6,29,Urban,Residential,0,183.91,171.41199999999998
C01314,4,791.26,758.3,585.64,205.63,236.58,,0.972,16,30,Urban,Commercial,0,691.4333333333334,691.4333333333334
C00324,2,172.38,203.39,116.48,55.9,224.54,1.094,0.974,9,30,Urban,Residential,0,203.39,203.39
C01185,6,227.16,292.2,128.07,99.09,229.2,1.522,0.904,4,30,Rural,Residential,0,255.38333333333333,215.92399999999998
C00213,3,828.27,823.16,562.02,266.25,224.63,5.657,0.905,0,30,Semi-Urban,Commercial,0,821.21,821.21
C00104,2,138.66,151.59,99.46,39.2,238.34,0.874,0.925,10,30,Semi-Urban,Residential,0,151.59,151.59
C01198,4,339.4,357.37,248.92,90.48,231.21,2.27,0.898,16,30,Rural,Residential,0,327.86333333333334,327.86333333333334
C00291,3,261.01,250.22,186.79,74.21,229.34,1.78,0.888,3,29,Semi-Urban,Residential,0,237.76,237.76
C00232,5,174.38,187.98,71.49,102.89,225.47,1.865,0.576,7,20,Urban,Residential,1,191.58,200.6675
C01341,3,340.85,221.34,202.24,138.61,236.04,2.139,0.938,15,29,Urban,Residential,0,251.47500000000002,251.47500000000002
C00991,4,135.54,45.62,44.0,91.54,221.47,1.883,0.451,7,25,Urban,Residential,1,138.93,138.93
C00264,2,267.78,306.71,176.91,90.87,231.23,1.724,0.933,14,28,Semi-Urban,Residential,0,306.71,306.71
C00276,6,507.95,724.99,374.85,133.1,226.22,3.516,0.887,1,29,Urban,Commercial,0,640.5733333333334,571.98
C00595,5,284.1,354.53,190.87,93.23,231.77,1.729,0.985,18,29,Urban,Residential,0,300.43333333333334,294.0825
C00393,1,107.75,,60.41,47.34,231.97,0.779,0.829,3,30,Rural,Residential,0,,
C00369,5,948.05,891.35,701.62,246.43,233.78,6.287,0.896,18,29,Semi-Urban,Commercial,0,741.4933333333333,695.05
C01020,3,266.41,258.29,188.44,77.97,225.84,1.688,0.97,15,30,Semi-Urban,Residential,0,239.12,239.12
C01385,1,649.83,,382.8,267.03,218.39,4.235,0.976,12,29,Semi-Urban,Commercial,0,,
C01009,5,166.52,139.51,113.22,53.3,226.73,1.104,0.924,6,29,Urban,Residential,0,134.11666666666667,131.4625
C00530,5,332.67,300.3,203.8,128.87,223.73,2.15,0.96,8,28,Urban,Residential,0,292.2233333333333,290.46
C00533,1,775.1,,494.85,280.24,221.59,4.907,0.99,11,30,Urban,Commercial,0,,
C00218,6,676.44,738.31,412.34,264.1,227.83,4.18,0.986,19,29,Urban,Commercial,0,749.4,718.92
C01017,4,237.83,175.97,133.95,103.88,235.09,1.445,0.973,10,29,Semi-Urban,Residential,0,186.89,186.89
C00096,6,148.45,145.94,84.99,63.46,231.81,0.942,0.944,18,29,Urban,Residential,0,138.88333333333335,132.984
C00394,3,206.91,205.61,122.93,83.98,234.14,1.296,0.947,15,30,Rural,Residential,0,190.44,190.44
C01110,3,192.1,158.72,125.04,67.06,234.09,1.151,0.99,1,30,Urban,Residential,0,155.99,155.99
C00968,1,183.07,,124.14,58.93,237.74,1.134,0.943,14,29,Urban,Residential,0,,
C01289,2,176.19,137.47,104.86,71.33,236.35,1.145,0.904,3,29,Urban,Residential,0,137.47,137.47
C01241,6,951.13,854.58,701.93,249.2,225.96,6.507,0.899,15,29,Semi-Urban,Commercial,0,855.8233333333333,767.208
C00214,3,2643.12,2125.38,1821.66,821.46,230.08,17.623,0.905,7,30,Semi-Urban,Industrial,0,2331.55,2331.55
C01340,3,4595.27,4627.42,3418.26,1177.0,228.61,28.879,0.967,9,29,Rural,Industrial,0,4335.74,4335.74
C00827,2,1047.08,1127.16,656.55,390.52,241.31,6.415,0.939,2,29,Urban,Commercial,0,1127.16,1127.16
C01362,2,172.46,180.3,114.85,57.61,226.25,1.154,0.917,6,30,Urban,Residential,0,180.3,180.3
C00983,6,1511.52,1405.85,892.16,619.36,230.69,9.964,0.913,7,30,Semi-Urban,Industrial,0,1490.3033333333333,1453.386
C00955,1,504.58,,287.94,216.64,228.02,3.406,0.902,11,30,Semi-Urban,Commercial,0,,
C00333,2,661.95,733.64,398.31,263.64,231.97,4.242,0.934,10,29,Urban,Commercial,0,733.64,733.64
C00440,6,362.03,400.12,240.89,121.14,229.04,2.402,0.914,12,28,Semi-Urban,Residential,0,375.70666666666665,335.186
C00045,6,293.55,296.95,219.68,73.87,232.35,1.995,0.88,12,28,Rural,Residential,0,307.2,273.64
C00105,6,206.11,217.98,148.15,57.96,229.6,1.39,0.897,3,29,Urban,Residential,0,210.67333333333332,190.28799999999998
C01222,4,236.09,229.31,146.76,89.33,227.04,1.517,0.952,15,28,Semi-Urban,Residential,0,203.15,203.15
C00514,4,301.57,236.54,176.35,125.22,228.81,2.018,0.907,7,29,Semi-Urban,Residential,0,230.35666666666665,230.35666666666665
C00578,5,386.78,461.95,279.25,107.53,223.38,2.525,0.953,1,29,Rural,Residential,0,369.4866666666667,362.76
C01072,5,895.48,1016.83,634.39,261.09,238.31,5.832,0.895,0,30,Rural,Commercial,0,816.3000000000001,780.665
C01403,5,240.32,218.81,162.16,78.16,229.99,1.532,0.947,4,30,Urban,Residential,0,228.69333333333336,216.13
C00733,5,220.75,201.84,134.02,86.73,231.33,1.471,0.901,9,30,Urban,Residential,0,175.49,170.7
C00671,4,291.26,289.3,160.59,130.66,233.58,1.862,0.93,6,28,Rural,Residential,0,267.7833333333333,267.7833333333333
C01466,5,4906.13,5676.68,3512.66,1393.47,233.67,31.37,0.93,16,28,Urban,Industrial,0,4922.346666666667,4843.7825
C00924,6,261.07,281.7,195.36,65.7,232.17,1.767,0.884,18,30,Semi-Urban,Residential,0,294.63333333333327,282.17199999999997
C00929,1,146.39,,87.05,59.34,228.82,0.989,0.898,5,29,Urban,Residential,0,,
C00342,1,317.81,,225.74,92.07,233.13,2.135,0.887,0,30,Semi-Urban,Residential,0,,
C00727,1,152.56,,111.51,41.05,224.6,1.079,0.874,1,30,Semi-Urban,Residential,0,,
C01293,2,210.74,257.71,120.02,90.72,236.96,1.371,0.901,12,28,Semi-Urban,Residential,0,257.71,257.71
C00353,2,867.87,729.94,612.04,255.83,227.72,6.114,0.866,9,30,Urban,Commercial,0,729.94,729.94
C00005,4,323.2,361.61,242.04,81.16,215.6,2.345,0.888,2,28,Rural,Residential,0,313.10999999999996,313.10999999999996
C00341,1,248.26,,172.21,76.05,233.96,1.585,0.93,17,29,Urban,Residential,0,,
C00655,5,1024.79,808.14,567.51,457.27,235.31,6.293,0.961,4,30,Rural,Commercial,0,757.4466666666667,741.325
C00490,5,318.21,289.07,192.98,125.23,220.62,2.042,0.981,18,29,Rural,Residential,0,262.26666666666665,254.72250000000003
C00537,1,211.1,,151.52,59.58,222.38,1.407,0.937,14,29,Rural,Residential,0,,
C00823,2,298.04,245.55,217.88,80.17,228.69,1.973,0.917,4,29,Semi-Urban,Residential,0,245.55,245.55
C00636,5,1012.42,896.71,688.23,324.19,225.28,6.605,0.945,10,29,Urban,Commercial,0,841.5933333333332,839.8299999999999
C00022,4,358.63,536.14,226.08,132.56,236.12,2.363,0.893,17,29,Urban,Commercial,0,471.4266666666667,471.4266666666667
C01223,2,287.26,287.59,187.72,99.54,222.42,2.007,0.894,7,29,Urban,Residential,0,287.59,287.59
C01018,3,285.48,240.49,208.87,76.61,237.35,1.689,0.989,4,29,Semi-Urban,Residential,0,233.005,233.005
C00380,5,331.62,379.57,228.3,103.32,232.48,2.234,0.887,0,29,Semi-Urban,Residential,0,325.40000000000003,309.42
C00767,4,191.69,160.06,137.69,54.0,232.1,1.221,0.94,4,30,Urban,Residential,0,169.97333333333333,169.97333333333333
C00003,2,131.61,119.19,80.17,51.44,231.47,0.826,0.956,12,28,Urban,Residential,0,119.19,119.19
C01389,6,880.45,1059.6,523.6,356.85,232.98,5.751,0.913,11,28,Urban,Commercial,0,976.1566666666668,929.3979999999999
C00747,1,117.36,,65.28,52.09,227.17,0.766,0.936,16,30,Urban,Residential,0,,
C00992,2,186.74,153.19,131.25,55.49,236.97,1.267,0.864,11,28,Urban,Residential,0,153.19,153.19
C00255,2,179.63,185.86,98.84,80.79,229.11,1.182,0.921,10,30,Urban,Residential,0,185.86,185.86
C00395,2,100.86,134.08,66.77,34.09,234.02,0.653,0.916,16,28,Semi-Urban,Residential,0,134.08,134.08
C00775,5,598.51,544.99,382.44,216.07,237.13,3.833,0.915,3,30,Urban,Commercial,0,478.4166666666667,464.24
C00509,5,260.19,294.56,187.52,72.66,226.7,1.751,0.91,0,30,Urban,Residential,0,245.32000000000002,238.3775
C00668,4,1200.61,1140.89,753.57,447.04,229.72,7.647,0.949,12,30,Urban,Commercial,0,1037.8166666666668,1037.8166666666668
C01164,3,162.81,162.99,120.23,42.58,232.32,1.029,0.946,17,29,Urban,Residential,0,166.435,166.435
C00391,1,198.93,,146.7,52.23,239.56,1.307,0.883,6,28,Urban,Residential,0,,
C00063,3,131.2,120.12,88.05,43.15,226.01,0.875,0.921,14,30,Semi-Urban,Residential,0,128.285,128.285
C01202,6,258.38,229.58,161.57,96.81,219.05,1.752,0.935,10,29,Rural,Residential,0,231.96666666666667,213.26799999999997
C01080,4,142.36,59.71,97.83,44.53,233.49,0.929,0.912,10,28,Rural,Residential,0,96.45,96.45
C00088,4,149.71,128.03,83.6,66.11,225.04,0.975,0.948,16,29,Urban,Residential,0,125.19,125.19
C00157,4,863.72,769.99,520.42,343.29,226.49,6.277,0.844,15,28,Rural,Commercial,0,750.3833333333333,750.3833333333333
C00562,4,276.74,251.82,187.89,88.85,232.18,1.757,0.942,12,30,Urban,Residential,0,233.66,233.66
C00954,1,404.59,,265.75,138.84,230.74,2.491,0.978,0,30,Urban,Commercial,0,,
C00763,2,180.7,188.62,112.23,68.47,231.76,1.196,0.905,12,30,Urban,Residential,0,188.62,188.62
C01150,2,595.15,642.84,336.68,258.46,228.13,4.093,0.885,10,30,Urban,Commercial,0,642.84,642.84
C00358,6,224.57,224.12,148.0,76.57,226.4,1.508,0.913,13,30,Rural,Residential,0,205.48000000000002,189.888
C00599,4,334.35,232.86,205.03,129.32,231.3,2.103,0.955,12,28,Rural,Residential,0,242.25666666666666,242.25666666666666
C01302,3,165.41,143.59,118.43,46.98,230.65,1.036,0.961,12,30,Urban,Residential,0,136.095,136.095
C01433,3,167.63,165.17,97.23,70.4,229.44,1.075,0.944,9,30,Rural,Residential,0,157.14499999999998,157.14499999999998
C00494,1,173.92,,117.11,56.8,233.39,1.135,0.912,2,30,Urban,Residential,0,,
C01028,3,168.58,157.26,97.19,71.39,235.65,1.116,0.89,12,29,Urban,Residential,0,148.89,148.89
C00604,6,291.48,312.53,218.05,73.43,235.97,1.872,0.917,1,30,Semi-Urban,Residential,0,312.41333333333336,288.01
C00089,2,123.08,126.83,79.25,43.83,236.34,0.772,0.937,10,29,Semi-Urban,Residential,0,126.83,126.83
C00620,1,258.96,,145.11,113.85,245.58,1.554,0.942,17,30,Semi-Urban,Residential,0,,
C01287,1,667.4,,387.41,279.99,213.96,4.376,0.99,1,29,Semi-Urban,Commercial,0,,
C00789,5,1131.89,511.69,813.92,317.97,233.96,6.985,0.962,12,29,Urban,Commercial,0,687.0533333333333,738.225
C00212,4,1357.11,1121.97,880.36,476.75,230.5,8.891,0.92,13,28,Rural,Commercial,0,1048.42,1048.42
C00714,4,444.88,376.86,309.0,135.87,231.71,2.786,0.957,18,30,Semi-Urban,Commercial,0,386.66,386.66
C00233,3,348.52,297.77,238.65,109.87,226.1,2.354,0.909,8,28,Urban,Residential,0,287.46500000000003,287.46500000000003
C00809,3,259.74,269.17,158.19,101.55,226.99,1.722,0.923,1,30,Semi-Urban,Residential,0,247.495,247.495
C00669,2,195.91,154.56,116.3,79.61,227.62,1.27,0.941,11,30,Urban,Residential,0,154.56,154.56
C00732,5,1081.46,951.83,699.06,382.4,231.06,,0.99,6,30,Urban,Commercial,0,977.1966666666666,971.555
C00300,4,336.67,278.93,219.24,117.43,234.09,2.158,0.926,0,30,Semi-Urban,Residential,0,273.80333333333334,273.80333333333334
C00497,4,618.39,566.52,452.52,165.87,239.77,4.116,0.87,18,29,Semi-Urban,Commercial,0,493.7,493.7
C00241,2,270.86,298.26,201.36,69.51,234.96,1.664,0.962,14,29,Urban,Residential,0,298.26,298.26
C01233,6,164.98,147.97,107.17,57.8,226.27,1.139,0.889,4,30,Rural,Residential,0,117.71999999999998,125.556
C00438,4,291.1,259.69,212.06,79.04,232.67,1.883,0.923,4,28,Urban,Residential,0,221.78,221.78
C00636,2,829.04,834.54,498.1,330.94,228.78,5.301,0.949,10,30,Urban,Commercial,0,834.54,834.54
C00939,4,386.71,308.92,220.59,166.11,226.19,2.429,,11,29,Rural,Residential,0,292.18333333333334,292.18333333333334
C01236,6,173.25,167.18,102.79,70.46,229.26,1.223,0.858,8,29,Semi-Urban,Residential,0,184.12,174.89000000000001
C00213,2,823.16,819.26,464.66,358.5,233.05,5.313,0.923,0,29,Semi-Urban,Commercial,0,819.26,819.26
C01350,5,378.3,325.3,273.48,104.82,231.94,2.582,0.877,19,30,Urban,Residential,0,296.98,283.90250000000003
C00784,6,221.14,278.8,132.48,88.66,227.63,1.541,0.876,19,30,Urban,Residential,0,246.67,235.19400000000002
C01182,5,292.34,260.81,216.16,76.17,217.07,2.078,0.9,15,29,Semi-Urban,Residential,0,228.35999999999999,222.005
C00286,3,166.6,183.12,98.86,67.75,225.64,1.182,0.868,7,30,Semi-Urban,Residential,0,164.305,164.305
C01470,6,1083.5,1040.12,679.16,404.34,,7.057,0.943,6,30,Semi-Urban,Commercial,0,1007.1633333333333,902.684
C00160,2,127.08,123.73,70.55,56.53,224.14,,0.87,10,29,Semi-Urban,Residential,0,123.73,123.73
C01113,4,296.96,238.84,203.73,93.24,233.08,,0.868,6,29,Semi-Urban,Residential,0,197.74,197.74
C01222,2,188.23,191.91,109.77,78.46,237.62,1.111,0.99,15,28,Semi-Urban,Residential,0,191.91,191.91
C01413,5,300.65,284.26,194.0,106.64,228.64,1.975,0.925,1,30,Urban,Residential,0,170.86,181.9675
C01413,4,284.26,74.11,190.11,94.15,222.74,1.914,0.926,1,28,Urban,Residential,0,147.87,147.87
C01442,1,241.55,,178.9,62.65,232.33,1.595,0.905,19,30,Rural,Residential,0,,
C01279,2,197.33,178.24,146.93,50.4,217.01,1.382,0.914,2,30,Urban,Residential,0,178.24,178.24
C00068,2,308.52,260.83,221.72,86.8,231.86,1.975,0.936,2,29,Urban,Residential,0,260.83,260.83
C00346,2,261.21,212.87,146.22,114.98,230.09,1.757,0.897,5,28,Semi-Urban,Residential,0,212.87,212.87
C01468,4,357.64,304.91,226.22,131.41,235.13,2.429,0.87,13,29,Urban,Residential,0,311.87333333333333,311.87333333333333
C00330,4,198.09,212.4,148.08,50.01,229.55,1.235,0.97,2,29,Rural,Residential,0,215.9766666666667,215.9766666666667
C00027,3,377.48,335.4,268.14,109.34,231.97,2.386,0.947,0,29,Semi-Urban,Residential,0,315.825,315.825
C00975,1,192.87,,142.78,50.08,227.9,1.318,0.892,6,30,Rural,Residential,0,,
C01168,4,377.94,314.8,262.69,115.25,233.76,2.759,0.814,15,30,Semi-Urban,Residential,0,296.2633333333333,296.2633333333333
C00649,1,147.09,,93.16,53.93,233.73,0.883,0.99,16,30,Semi-Urban,Residential,0,,
C00909,4,436.86,315.7,274.03,162.84,234.74,2.838,0.911,10,29,Urban,Residential,0,304.18666666666667,304.18666666666667
C00151,3,326.01,356.18,225.34,100.67,232.78,2.193,0.887,13,29,Rural,Residential,0,340.925,340.925
C00059,5,214.49,232.9,119.64,94.85,222.37,1.454,0.921,9,28,Urban,Residential,0,174.11333333333334,176.565
C00888,5,277.28,280.72,175.67,101.61,229.1,1.698,0.99,19,28,Urban,Residential,0,237.53,223.8375
C01014,1,185.23,,131.25,53.98,227.74,,0.883,3,30,Rural,Residential,0,,
C01040,3,318.87,276.19,231.69,87.17,227.87,2.212,0.879,1,29,Urban,Residential,0,287.37,287.37
C00757,5,240.23,274.07,134.65,105.58,226.72,1.571,0.937,4,30,Urban,Residential,0,224.39666666666668,222.72
C00689,3,4845.83,4268.66,3307.0,1538.83,224.92,31.025,0.964,9,29,Urban,Industrial,0,3845.045,3845.045
C00126,5,376.16,371.65,227.18,148.98,230.42,2.382,0.952,15,30,Semi-Urban,Residential,0,324.95666666666665,317.815
C00973,2,287.14,234.23,175.04,112.09,227.98,1.793,0.975,4,29,Semi-Urban,Residential,0,234.23,234.23
C00496,2,270.04,282.01,156.35,113.69,230.17,1.646,0.99,10,30,Rural,Residential,0,282.01,282.01
C00181,3,184.7,162.72,57.31,127.39,228.75,1.236,0.907,15,30,Urban,Residential,1,167.60500000000002,167.60500000000002
C00487,5,168.3,212.26,120.23,48.07,225.7,1.096,0.945,5,29,Urban,Residential,0,169.76333333333332,171.3575
C00052,6,1036.37,710.04,639.11,397.26,235.42,,0.94,11,30,Semi-Urban,Commercial,0,811.1766666666667,799.576
C00775,1,421.71,,250.86,170.85,226.24,2.806,0.923,3,30,Urban,Commercial,0,,
C00111,2,399.57,416.25,275.14,124.43,228.3,2.845,0.854,19,30,Urban,Commercial,0,416.25,416.25
C01177,2,256.96,213.44,141.45,115.51,231.74,1.705,0.903,18,29,Semi-Urban,Residential,0,213.44,213.44
C00332,4,332.41,304.32,224.93,107.48,225.87,2.12,,1,30,Urban,Residential,0,315.97333333333336,315.97333333333336
C00611,6,193.92,189.54,114.42,79.49,,1.294,0.927,9,30,Rural,Residential,0,182.51333333333332,180.594
C00052,1,856.27,,550.89,305.38,230.81,5.699,0.904,11,28,Semi-Urban,Commercial,0,,
C00390,2,253.89,299.28,153.0,100.89,246.21,1.452,0.986,9,30,Semi-Urban,Residential,0,299.28,299.28
C00799,3,251.13,211.01,152.52,98.6,222.95,1.767,0.886,11,30,Rural,Residential,0,216.33999999999997,216.33999999999997
C00393,5,129.72,154.96,72.48,57.25,234.31,0.85,0.905,3,29,Rural,Residential,0,141.50666666666666,133.0675
C00618,1,4514.73,,3132.54,1382.19,225.91,32.686,0.849,17,29,Urban,Industrial,0,,
C00635,1,130.11,,96.77,33.34,235.5,0.802,0.957,10,29,Rural,Residential,0,,
C00322,2,249.46,237.49,168.53,80.94,224.95,1.672,0.921,13,30,Urban,Residential,0,237.49,237.49
C01456,1,129.06,,81.29,47.77,223.23,0.855,0.939,19,29,Semi-Urban,Residential,0,,
C00572,2,322.18,326.11,226.89,95.28,233.93,2.004,0.954,1,28,Semi-Urban,Residential,0,326.11,326.11
C00125,6,284.06,241.67,165.92,118.14,231.1,1.881,0.908,17,29,Semi-Urban,Residential,0,222.16,198.528
C00607,3,123.42,174.28,37.96,85.46,239.05,0.725,0.989,18,29,Urban,Residential,1,160.60500000000002,160.60500000000002
C01200,4,156.76,157.46,96.44,60.32,227.33,1.507,0.635,18,30,Semi-Urban,Residential,1,149.25,149.25
C00212,1,1097.59,,783.92,313.67,226.67,7.21,0.933,13,29,Rural,Commercial,0,,
C01207,3,343.51,272.57,235.33,108.19,231.74,2.395,0.86,19,30,Urban,Residential,0,272.66999999999996,272.66999999999996
C01252,2,140.48,152.76,93.35,47.13,225.85,0.963,0.897,10,29,Urban,Residential,0,152.76,152.76
C00493,5,426.43,335.4,284.13,142.3,233.09,2.628,0.967,1,30,Urban,Residential,0,317.2266666666667,312.1775
C00600,2,216.46,261.94,159.62,56.85,221.88,1.498,0.905,13,28,Urban,Residential,0,261.94,261.94
C00356,5,369.32,345.96,224.68,144.63,,2.277,0.965,0,29,Urban,Residential,0,323.78,307.45
C01187,6,1048.82,1324.91,605.16,443.65,237.45,,0.9,2,30,Semi-Urban,Commercial,0,1200.0833333333333,1057.514
C00845,3,542.1,525.42,395.1,147.0,231.78,3.654,0.889,18,28,Semi-Urban,Commercial,0,521.69,521.69
C00685,6,284.71,263.23,176.17,108.53,236.31,1.871,0.894,9,29,Urban,Residential,0,291.7033333333334,278.51599999999996
C00829,2,240.36,181.81,135.97,104.39,229.37,1.691,0.861,13,28,Urban,Residential,0,181.81,181.81
C00818,3,272.52,288.82,157.91,114.61,231.13,1.727,0.948,3,30,Urban,Residential,0,270.66499999999996,270.66499999999996
C00086,5,224.54,264.74,168.17,56.37,228.38,1.403,0.973,18,28,Semi-Urban,Residential,0,194.80333333333337,195.805
C00150,1,269.51,,153.95,115.56,228.08,1.768,0.928,4,29,Urban,Residential,0,,
C00069,2,247.09,268.53,161.65,85.44,237.18,1.74,0.832,10,29,Urban,Residential,0,268.53,268.53
C01230,6,545.93,712.73,378.04,167.89,231.71,3.305,,14,28,Semi-Urban,Commercial,0,641.1166666666667,580.052
C00045,4,346.71,277.94,203.96,142.76,231.25,2.223,0.937,12,30,Rural,Residential,0,241.51333333333332,241.51333333333332
C00577,6,315.55,289.14,195.13,120.42,232.54,2.03,0.929,19,30,Urban,Residential,0,290.7666666666667,266.82399999999996
C00150,6,396.21,363.25,232.91,163.31,233.49,2.658,0.887,4,30,Urban,Residential,0,357.71333333333337,320.744
C00035,4,400.4,346.57,258.52,141.88,226.0,2.634,0.934,10,30,Semi-Urban,Residential,0,306.9533333333333,306.9533333333333
C01340,4,5418.31,4595.27,3097.68,2320.63,229.75,33.698,0.972,9,30,Rural,Industrial,0,4422.25,4422.25
C00077,3,111.8,133.23,82.25,29.54,227.66,0.781,0.874,6,28,Urban,Residential,0,126.115,126.115
C00343,3,203.77,154.79,149.09,54.68,237.8,1.366,0.871,1,29,Urban,Residential,0,153.38,153.38
C00406,1,307.13,,191.12,116.01,227.89,1.982,0.944,17,30,Urban,Residential,0,,
C00042,5,900.09,825.59,626.61,273.48,222.19,6.26,0.899,3,30,Urban,Commercial,0,739.6,717.825
C01385,1,649.83,,382.8,267.03,218.39,4.235,0.976,12,29,Semi-Urban,Commercial,0,,
C00907,2,207.36,238.79,146.46,60.9,235.23,1.322,0.926,17,28,Semi-Urban,Residential,0,238.79,238.79
C00185,4,270.75,261.91,155.11,115.63,235.48,1.902,0.839,3,30,Semi-Urban,Residential,0,235.41333333333333,235.41333333333333
C01402,3,171.45,164.06,109.88,61.57,227.99,1.155,0.904,19,29,Semi-Urban,Residential,0,149.85500000000002,149.85500000000002
C00997,4,887.36,699.38,646.15,241.22,242.05,5.703,0.893,3,29,Urban,Commercial,0,667.6633333333333,667.6633333333333
C00286,4,184.27,166.6,131.38,52.89,229.11,1.263,0.885,7,30,Semi-Urban,Residential,0,165.07000000000002,165.07000000000002
C00652,6,337.81,301.57,190.99,146.82,228.77,2.147,0.955,7,29,Urban,Residential,0,339.24333333333334,306.048
C01326,3,1757.51,1852.07,1239.71,517.8,230.8,10.869,0.973,9,29,Semi-Urban,Industrial,0,1930.295,1930.295
C00120,2,277.37,294.86,175.79,101.58,229.0,1.896,0.888,4,30,Semi-Urban,Residential,0,294.86,294.86
C00093,1,124.47,,76.39,48.08,228.43,0.83,0.912,8,28,Rural,Residential,0,,
C00240,6,164.24,172.12,90.52,73.72,235.49,1.031,0.94,6,30,Rural,Residential,0,149.64000000000001,142.66000000000003
C00379,3,1182.81,1119.45,820.23,362.58,227.8,7.47,0.965,17,29,Urban,Commercial,0,1086.75,1086.75
C00525,1,3723.48,,2194.47,1529.01,234.72,24.819,0.888,11,30,Semi-Urban,Industrial,0,,
C01153,6,4790.12,4581.87,2898.52,1891.6,234.96,29.172,0.971,0,29,Semi-Urban,Industrial,0,4924.176666666666,4376.864
C00343,5,203.7,169.6,150.96,52.74,234.66,1.295,0.931,1,30,Urban,Residential,0,176.0533333333333,170.0325
C00321,6,4627.4,4760.3,3055.74,1571.66,228.4,31.416,0.896,18,28,Semi-Urban,Industrial,0,4270.463333333333,4084.386
C00106,5,231.3,242.26,161.99,69.31,225.23,1.548,0.921,17,30,Urban,Residential,0,230.00666666666666,219.48499999999999
C01014,5,229.28,252.67,150.38,78.89,235.48,1.547,0.874,3,30,Rural,Residential,0,203.5,198.9325
C00053,5,349.34,373.33,248.28,101.07,226.15,2.431,0.882,17,30,Semi-Urban,Residential,0,350.12999999999994,347.3725
C01396,6,218.54,194.3,155.14,63.4,231.88,1.43,0.915,15,28,Urban,Residential,0,198.82000000000002,162.05
C01459,3,363.96,264.52,259.59,104.37,219.74,2.485,0.926,6,30,Urban,Residential,0,258.46,258.46
C00905,1,663.91,,474.89,189.03,228.54,4.587,0.88,6,30,Urban,Commercial,0,,
C00072,2,284.02,272.34,171.85,112.17,235.06,1.724,0.974,13,28,Rural,Residential,0,272.34,272.34
C01439,5,123.48,105.97,87.03,36.45,225.93,0.836,0.908,15,29,Urban,Residential,0,115.22666666666667,111.645
C00018,4,283.56,232.57,189.72,93.84,230.0,1.848,0.926,2,28,Semi-Urban,Residential,0,229.97333333333336,229.97333333333336
C00507,6,86.45,138.29,59.25,27.2,228.55,0.531,0.988,14,25,Urban,Residential,1,169.15666666666667,194.292
C00707,3,1113.78,770.97,646.02,467.75,226.37,7.903,0.865,3,30,Semi-Urban,Commercial,0,790.595,790.595
C00362,4,2898.39,3108.58,1889.52,1008.87,230.51,18.794,0.929,17,28,Urban,Industrial,0,2934.0499999999997,2934.0499999999997
C00285,6,358.0,407.85,202.1,155.91,226.76,2.473,0.887,18,29,Urban,Residential,0,370.77,329.03599999999994
C00015,6,127.72,29.31,56.07,71.66,227.46,1.731,0.451,18,28,Rural,Residential,1,89.59666666666665,109.678
C01170,1,723.73,,512.65,211.08,225.28,4.566,0.977,5,30,Urban,Commercial,0,,
C00374,4,4668.74,4354.09,3298.21,1370.53,239.02,31.106,0.872,7,30,Rural,Industrial,0,3824.11,3824.11
C00530,1,285.17,,156.86,128.32,229.25,1.787,0.967,8,30,Urban,Residential,0,,
C01231,4,546.73,511.86,372.41,174.33,234.13,3.368,0.963,11,29,Rural,Commercial,0,395.74,395.74
C01044,2,1020.44,927.48,626.37,394.08,227.92,7.312,0.85,1,30,Urban,Commercial,0,927.48,927.48
C01123,1,939.07,,694.33,244.74,229.53,5.93,0.958,7,30,Urban,Commercial,0,,
C00325,6,285.64,270.81,211.27,74.37,237.8,1.817,0.918,6,28,Urban,Residential,0,276.9,264.93
C00675,1,587.1,,439.59,147.51,228.05,3.649,0.98,8,30,Rural,Commercial,0,,
C01485,1,120.44,,85.16,35.28,229.81,0.896,0.812,12,30,Urban,Residential,0,,
C00475,5,1047.07,881.7,586.95,460.12,226.03,7.093,0.907,19,29,Semi-Urban,Commercial,0,935.04,943.0525
C01062,3,5373.27,4253.42,3073.37,2299.9,223.56,38.808,0.86,10,30,Urban,Industrial,0,4228.83,4228.83
C00001,2,250.95,221.44,186.9,64.05,227.34,1.675,0.915,6,29,Rural,Residential,0,221.44,221.44
C01024,2,201.83,170.83,117.91,83.92,227.15,1.376,0.897,2,30,Semi-Urban,Residential,0,170.83,170.83
C00723,6,1070.16,1021.4,685.25,384.91,228.51,7.467,0.871,6,30,Semi-Urban,Commercial,0,998.2800000000001,950.406
C01008,6,400.04,411.53,124.09,275.95,227.62,2.655,0.919,3,28,Urban,Residential,1,369.0466666666666,349.26
C00156,6,245.31,211.74,164.48,80.83,230.96,1.587,0.93,11,29,Semi-Urban,Residential,0,225.56333333333336,210.538
C00119,6,182.39,183.5,136.77,45.62,233.96,1.207,0.897,15,29,Urban,Residential,0,189.17,174.138
C00454,3,198.27,175.74,145.93,52.34,223.72,1.341,0.918,18,29,Semi-Urban,Residential,0,172.65,172.65
C00194,5,161.87,154.84,91.38,70.49,220.12,1.153,0.886,2,30,Urban,Residential,0,134.92333333333332,129.505
C00868,4,2018.48,1438.16,1293.83,724.66,221.58,13.702,0.923,5,29,Rural,Industrial,0,1428.6866666666667,1428.6866666666667
C01262,3,47.33,181.96,28.97,18.36,234.1,0.29,0.969,0,28,Semi-Urban,Residential,1,181.525,181.525
C00099,4,721.99,733.85,510.18,211.81,225.4,4.942,0.9,17,28,Rural,Commercial,0,625.15,625.15
C01479,5,4351.6,4797.77,2731.83,1619.76,236.06,27.694,0.925,9,30,Semi-Urban,Industrial,0,4109.0199999999995,3851.085
C01238,1,240.46,,162.25,78.2,224.04,1.681,0.887,19,29,Semi-Urban,Residential,0,,
C00490,3,267.12,230.61,174.72,92.41,234.47,1.738,0.91,18,29,Rural,Residential,0,231.35000000000002,231.35000000000002
C01426,5,6192.37,4436.01,3654.03,2538.34,221.04,41.826,0.93,17,30,Urban,Industrial,0,4778.546666666667,4646.860000000001
C00409,1,270.01,,158.99,111.02,247.57,1.623,0.934,8,30,Urban,Residential,0,,
C00263,5,529.06,563.89,361.82,167.24,231.93,3.251,0.975,11,29,Urban,Commercial,0,475.1499999999999,467.7025
C01325,6,349.56,264.47,238.03,111.53,223.66,2.48,0.875,18,28,Urban,Residential,0,220.02666666666667,235.658
C00628,1,1031.52,,598.55,432.96,231.77,7.118,0.868,6,30,Semi-Urban,Commercial,0,,
C00036,4,162.92,182.73,102.22,60.7,223.42,1.104,0.917,10,30,Urban,Residential,0,163.83333333333334,163.83333333333334
C00130,5,1047.66,894.75,668.9,378.76,229.33,7.135,0.889,4,30,Urban,Commercial,0,861.1966666666667,827.62
C00919,4,164.74,184.6,96.66,68.09,220.44,1.186,0.876,13,30,Urban,Residential,0,154.34333333333333,154.34333333333333
C00583,5,195.59,181.21,145.59,50.0,228.14,1.379,0.863,4,30,Urban,Residential,0,182.95333333333335,180.905
C01292,3,140.94,87.58,81.74,59.2,228.53,0.902,0.95,13,28,Urban,Residential,0,105.525,105.525
C00341,4,305.52,286.0,201.32,104.2,233.25,2.136,0.852,17,29,Urban,Residential,0,263.51,263.51
C01468,1,315.78,,192.68,123.1,236.29,2.004,0.926,13,28,Urban,Residential,0,,
C01432,6,385.99,387.55,243.95,142.04,220.17,2.861,0.851,17,30,Semi-Urban,Residential,0,358.68666666666667,335.286
C00904,3,340.51,281.1,187.79,152.72,233.96,2.156,0.938,3,29,Semi-Urban,Residential,0,283.89,283.89
C01026,5,705.46,745.49,447.25,258.21,229.07,4.781,0.895,17,30,Rural,Commercial,0,656.48,606.185
C00262,2,131.08,111.95,76.02,55.06,222.91,0.825,0.99,11,29,Urban,Residential,0,111.95,111.95
C00028,4,375.68,293.44,260.41,115.27,226.87,2.458,0.936,14,30,Urban,Residential,0,277.98,277.98
C00784,5,278.8,248.28,200.11,78.7,228.82,1.9,0.891,19,29,Urban,Residential,0,217.09,224.29250000000002
C00595,3,281.39,265.38,156.58,124.81,231.58,1.805,0.935,18,28,Urban,Residential,0,270.205,270.205
C01276,6,1180.06,1277.58,766.49,413.57,230.91,8.137,0.872,5,29,Semi-Urban,Commercial,0,1131.2066666666667,1037.4279999999999
C01468,6,328.71,346.17,203.12,125.59,,2.052,0.988,13,30,Urban,Residential,0,336.24,327.886
C00907,4,283.21,272.04,201.83,81.38,227.44,1.863,0.928,17,30,Semi-Urban,Residential,0,239.39666666666668,239.39666666666668
C00336,4,4363.61,3891.96,3115.6,1248.01,227.71,30.244,0.88,8,29,Semi-Urban,Industrial,0,3656.213333333333,3656.213333333333
C00046,4,356.02,333.7,215.75,140.27,231.66,2.301,0.928,14,30,Urban,Residential,0,307.23333333333335,307.23333333333335
C00644,3,123.85,111.61,68.49,55.37,233.9,0.771,0.954,8,30,Urban,Residential,0,101.99000000000001,101.99000000000001
C00695,4,227.01,212.99,130.52,96.49,,1.524,0.922,16,28,Rural,Residential,0,190.87,190.87
C01314,5,723.2,791.26,402.82,320.38,223.74,5.081,0.884,16,29,Urban,Commercial,0,730.5866666666667,716.39
C00632,3,326.4,302.36,211.31,115.08,,2.328,0.858,15,28,Urban,Residential,0,310.555,310.555
C00864,6,373.68,310.98,239.52,134.16,231.47,2.572,0.872,10,30,Urban,Residential,0,300.37000000000006,285.192
C00066,5,177.7,147.49,129.17,48.53,237.24,1.126,0.924,4,29,Rural,Residential,0,144.67999999999998,145.49
C00098,2,208.53,187.83,124.79,83.74,224.82,1.336,0.964,9,28,Semi-Urban,Residential,0,187.83,187.83
C01494,6,1251.92,1308.94,739.45,512.46,233.92,8.026,0.926,10,30,Semi-Urban,Commercial,0,1229.1133333333332,1222.486
C01008,4,366.11,329.5,270.06,96.05,219.89,2.472,0.935,3,29,Urban,Residential,0,322.88666666666666,322.88666666666666
C00020,3,1112.54,1252.73,735.21,377.34,221.85,7.393,0.942,11,30,Urban,Commercial,0,1184.475,1184.475
C01108,3,183.29,68.3,132.4,50.89,235.76,1.169,0.923,0,30,Semi-Urban,Residential,0,134.145,134.145
C01353,2,254.33,273.21,144.33,110.0,225.89,1.682,0.93,8,30,Rural,Residential,0,273.21,273.21
C01145,6,620.76,544.2,446.27,174.49,225.03,4.189,0.915,14,28,Semi-Urban,Commercial,0,550.64,500.31000000000006
C01500,6,1101.37,1120.42,820.61,280.76,228.3,6.946,0.965,16,30,Urban,Commercial,0,1151.99,1053.128
C01498,1,1097.58,,780.67,316.91,229.04,7.423,0.897,18,29,Urban,Commercial,0,,
C01483,4,278.38,228.84,194.22,84.16,224.3,1.841,0.936,16,30,Urban,Residential,0,237.45000000000002,237.45000000000002
C00087,5,295.83,300.71,184.6,111.23,224.05,1.903,0.963,15,30,Urban,Residential,0,255.68666666666664,246.605
C00294,6,150.76,136.93,96.64,54.12,219.39,1.042,0.916,6,29,Rural,Residential,0,145.54666666666665,133.692
C00313,4,1342.03,560.21,898.54,443.49,236.73,8.788,0.896,17,30,Urban,Commercial,0,791.8133333333334,791.8133333333334
C00893,4,283.04,231.65,177.48,105.56,226.27,1.885,0.922,13,28,Urban,Residential,0,164.64333333333335,164.64333333333335
C00661,6,208.78,229.29,145.04,63.74,221.53,1.425,0.919,9,29,Urban,Residential,0,216.04,198.188
C00558,3,184.53,146.76,127.97,56.56,231.44,1.204,0.92,5,30,Semi-Urban,Residential,0,138.21499999999997,138.21499999999997
C01100,5,419.63,411.58,313.89,105.74,228.38,2.952,0.864,10,28,Urban,Residential,0,359.28999999999996,334.6425
C00376,4,1302.2,1200.35,961.47,340.74,225.28,8.922,0.9,10,29,Urban,Commercial,0,1094.1766666666665,1094.1766666666665
C01147,2,2458.68,2585.77,1641.62,817.06,226.49,16.527,0.912,12,28,Semi-Urban,Industrial,0,2585.77,2585.77
C00538,3,687.15,1090.15,285.34,401.81,219.75,6.667,0.651,14,30,Rural,Commercial,1,1086.2800000000002,1086.2800000000002
C00088,5,136.22,149.71,91.07,45.15,239.94,0.845,0.933,16,28,Urban,Residential,0,134.28666666666666,131.32
C01232,6,1126.03,1134.05,660.37,465.66,218.77,8.228,0.869,1,30,Semi-Urban,Commercial,0,1107.3366666666666,1054.4540000000002
C00492,1,323.07,,237.04,86.03,226.61,2.157,0.918,5,30,Urban,Residential,0,,
C00746,4,265.07,217.72,191.77,73.29,216.3,1.836,0.927,8,30,Rural,Residential,0,217.21,217.21
C00650,6,403.72,423.14,241.95,161.77,223.67,2.655,0.944,10,30,Rural,Residential,0,344.3766666666667,310.13199999999995
C00943,4,5423.33,5228.21,3275.21,2148.12,226.62,38.169,0.871,7,30,Urban,Industrial,0,4665.793333333334,4665.793333333334
C00116,3,3306.04,2799.52,1856.07,1449.97,224.67,21.199,0.964,2,29,Rural,Industrial,0,2703.9,2703.9
C01010,6,348.88,334.5,206.47,142.41,228.37,2.279,0.931,10,28,Semi-Urban,Residential,0,327.24333333333334,296.992
C00160,6,151.87,182.03,109.48,42.38,231.58,1.015,0.897,10,29,Semi-Urban,Residential,0,155.71666666666667,143.592
C00741,5,323.99,343.64,239.46,84.53,228.8,2.171,0.906,10,29,Semi-Urban,Residential,0,306.22666666666663,291.46999999999997
C01421,2,173.3,179.36,97.11,76.19,,1.081,0.98,6,30,Rural,Residential,0,179.36,179.36
C01058,1,126.36,,72.61,53.75,226.51,0.888,0.872,10,28,Urban,Residential,0,,
C01022,6,310.57,279.66,175.83,134.74,231.66,2.14,0.87,7,28,Urban,Residential,0,306.69,291.424
C00606,4,234.93,211.02,147.41,87.51,231.2,1.534,0.92,1,30,Urban,Residential,0,187.64333333333335,187.64333333333335
C00968,4,240.59,186.14,170.49,70.1,231.34,1.531,0.943,14,30,Urban,Residential,0,192.23666666666668,192.23666666666668
C00176,1,515.34,,323.96,191.38,221.45,3.574,0.904,8,29,Rural,Commercial,0,,
C00099,3,733.85,570.32,452.08,281.78,,4.634,0.957,17,28,Rural,Commercial,0,570.8,570.8
C00087,4,300.71,242.85,209.44,91.27,230.23,1.914,0.948,15,30,Urban,Residential,0,228.57000000000002,228.57000000000002
C00564,3,4195.39,4532.01,2551.68,1643.72,236.28,28.53,0.864,15,30,Urban,Industrial,0,4770.855,4770.855
C00613,5,169.22,165.9,102.38,66.85,226.33,1.102,0.942,5,30,Semi-Urban,Residential,0,145.36,143.345
C00963,5,332.94,283.59,212.83,120.12,237.25,,0.898,11,29,Urban,Residential,0,287.9166666666667,282.28249999999997
C01368,4,610.26,620.08,393.76,216.51,234.16,3.719,0.973,1,30,Urban,Commercial,0,554.1333333333333,554.1333333333333
C01096,4,247.52,223.84,156.02,91.5,229.49,1.66,0.902,13,30,Urban,Residential,0,180.21666666666667,180.21666666666667
C00864,2,259.82,265.03,156.85,102.97,234.15,1.685,0.914,10,30,Urban,Residential,0,265.03,265.03
C00268,6,186.7,165.72,122.74,63.96,236.9,1.179,0.928,17,30,Urban,Residential,0,168.16666666666666,161.19
C00602,5,153.92,161.13,52.77,101.15,237.01,1.203,0.75,12,30,Semi-Urban,Residential,1,174.17333333333332,169.745
C01471,3,363.17,318.15,265.41,97.76,225.76,2.345,0.953,5,30,Urban,Residential,0,306.715,306.715
C01106,6,5044.97,6094.81,3149.36,1895.61,227.55,35.296,0.872,16,28,Rural,Industrial,0,5412.040000000001,4881.718
C00255,4,269.72,189.5,153.16,116.56,225.21,1.743,0.955,10,28,Urban,Residential,0,184.99666666666667,184.99666666666667
C00302,4,251.9,226.28,148.07,103.82,229.34,1.644,0.928,13,30,Rural,Residential,0,214.32333333333335,214.32333333333335
C00132,6,348.94,330.18,195.98,152.96,229.9,2.263,0.932,14,29,Semi-Urban,Residential,0,294.1533333333333,285.67600000000004
C00133,1,294.29,,166.31,127.99,229.69,2.086,0.853,7,30,Urban,Residential,0,,
C01354,1,265.18,,161.61,103.57,235.13,1.63,0.961,13,30,Semi-Urban,Residential,0,,
C00310,2,180.14,194.69,99.46,80.68,230.39,1.106,0.982,18,30,Rural,Residential,0,194.69,194.69
C00331,1,511.83,,285.01,226.82,227.68,3.25,0.961,8,29,Urban,Commercial,0,,
C00539,6,306.95,311.41,191.02,115.93,231.58,1.999,0.921,4,30,Semi-Urban,Residential,0,295.83666666666664,272.47200000000004
C00600,5,269.92,260.38,166.09,103.83,231.91,1.906,0.848,13,30,Urban,Residential,0,244.38666666666668,248.775
C00156,4,235.52,229.43,140.43,95.09,227.62,1.486,0.967,11,30,Semi-Urban,Residential,0,201.81000000000003,201.81000000000003
C00661,4,242.88,175.95,167.07,75.81,233.38,1.46,0.99,9,30,Urban,Residential,0,172.92333333333332,172.92333333333332
C01226,6,148.46,143.02,102.71,45.75,224.53,0.995,0.923,6,28,Urban,Residential,0,141.05666666666667,128.88600000000002
C00938,5,850.3,908.18,487.75,362.55,233.56,5.77,0.876,10,28,Semi-Urban,Commercial,0,732.3833333333332,681.94
C00918,5,298.99,284.74,182.3,116.69,232.71,1.931,0.924,6,29,Semi-Urban,Residential,0,247.41333333333333,236.7825
C01013,1,996.6,,572.32,424.27,222.52,6.715,0.926,9,30,Urban,Commercial,0,,
C00281,3,266.58,297.61,157.68,108.9,231.61,1.788,0.894,15,30,Urban,Residential,0,274.23,274.23
C00697,4,338.64,283.64,225.26,113.38,223.47,2.362,0.891,15,30,Urban,Residential,0,271.86333333333334,271.86333333333334
C00672,1,176.74,,107.29,69.45,231.14,1.141,0.93,17,28,Semi-Urban,Residential,0,,
C01415,1,4554.33,,3136.62,1417.71,231.55,31.081,0.879,9,29,Semi-Urban,Industrial,0,,
C01075,3,641.6,507.99,357.33,284.27,233.58,4.445,0.858,9,28,Semi-Urban,Commercial,0,574.395,574.395
C00687,1,253.71,,153.73,99.98,233.18,1.702,0.888,17,29,Urban,Residential,0,,
C00165,5,156.76,148.27,89.38,67.38,227.84,0.965,0.99,13,30,Semi-Urban,Residential,0,135.54,129.20000000000002
C01271,2,146.54,137.78,91.34,55.2,225.69,0.954,0.945,14,30,Rural,Residential,0,137.78,137.78
C01384,5,71.78,86.17,44.63,27.15,236.75,0.452,0.931,9,30,Semi-Urban,Residential,1,133.03333333333333,141.7275
C00576,4,1093.73,996.48,694.77,398.96,235.66,6.646,0.97,9,30,Urban,Commercial,0,880.6166666666667,880.6166666666667
C00483,5,3556.96,4005.96,2634.16,922.8,229.93,24.607,0.873,2,30,Urban,Industrial,0,3440.7033333333334,3176.44
C00630,5,1049.89,1046.47,778.08,271.81,225.73,7.036,0.918,19,28,Semi-Urban,Commercial,0,915.2133333333333,888.655
C00944,1,820.76,,471.11,349.66,229.95,5.379,0.922,19,30,Rural,Commercial,0,,
C01374,6,610.76,603.03,388.17,222.59,227.48,4.074,0.915,8,30,Urban,Commercial,0,608.0933333333334,584.264
C00516,4,907.83,748.95,557.69,350.14,236.3,5.623,0.949,0,29,Urban,Commercial,0,727.5566666666667,727.5566666666667
C00526,6,211.84,205.17,145.94,65.9,225.77,1.456,0.895,9,30,Semi-Urban,Residential,0,197.10333333333332,176.404
C00845,6,549.61,559.47,388.79,160.82,231.25,3.648,0.905,18,30,Semi-Urban,Commercial,0,560.17,544.778
C00968,5,251.33,240.59,138.93,112.4,230.0,1.771,0.857,14,30,Urban,Residential,0,211.41,204.325
C00534,4,278.92,281.42,206.39,72.52,236.43,1.684,0.973,7,30,Rural,Residential,0,278.97666666666663,278.97666666666663
C01330,2,131.17,126.01,72.19,58.97,229.74,0.886,0.895,2,28,Urban,Residential,0,126.01,126.01
C01450,4,175.74,34.96,116.97,58.77,231.69,1.938,0.544,11,30,Urban,Residential,1,121.52666666666666,121.52666666666666
C00184,1,1004.66,,557.91,446.75,232.2,6.442,0.933,19,30,Semi-Urban,Commercial,0,,
C01367,2,127.71,119.29,81.56,46.15,225.36,0.89,0.884,12,30,Rural,Residential,0,119.29,119.29
C00475,1,967.09,,590.82,376.27,223.27,6.677,0.901,19,30,Semi-Urban,Commercial,0,,
C00148,5,205.42,205.39,138.11,67.31,224.09,1.382,0.921,3,30,Urban,Residential,0,202.98333333333335,196.70999999999998
C00558,1,129.67,,77.36,52.31,224.71,0.837,0.958,5,29,Semi-Urban,Residential,0,,
C01278,1,165.26,,96.4,68.87,226.45,1.156,0.877,12,30,Urban,Residential,0,,
C01091,1,315.72,,219.03,96.69,224.12,2.009,0.974,0,29,Semi-Urban,Residential,0,,
C01409,2,200.95,209.35,116.69,84.27,232.01,1.304,0.922,10,30,Semi-Urban,Residential,0,209.35,209.35
C01017,1,193.63,,111.37,82.26,235.4,1.234,0.926,10,30,Semi-Urban,Residential,0,,
C00086,6,260.17,224.54,168.7,91.47,226.23,1.66,0.962,18,30,Semi-Urban,Residential,0,221.90666666666667,201.552
C00560,3,319.52,318.71,222.03,97.49,227.29,2.161,0.904,12,28,Semi-Urban,Residential,0,321.51,321.51
C00806,4,37.13,44.32,23.37,13.76,221.35,0.252,0.926,17,30,Semi-Urban,Residential,1,104.77666666666666,104.77666666666666
C00243,2,241.6,259.58,144.04,97.56,231.69,1.55,0.934,10,28,Rural,Residential,0,259.58,259.58
C00593,2,838.31,719.1,490.97,347.34,224.71,5.765,0.899,11,30,Semi-Urban,Commercial,0,719.1,719.1
C00602,4,161.13,202.07,90.98,70.15,218.65,1.184,0.864,12,29,Semi-Urban,Residential,1,172.61666666666667,172.61666666666667
C01328,4,226.05,230.93,148.45,77.61,229.08,1.384,0.99,9,29,Semi-Urban,Residential,0,224.97000000000003,224.97000000000003
C00778,4,190.13,177.12,135.22,54.91,229.21,1.273,0.905,5,29,Semi-Urban,Residential,0,169.07666666666668,169.07666666666668
C00418,5,3233.53,3724.07,2163.31,1070.22,236.34,21.008,0.905,3,30,Urban,Industrial,0,3057.0466666666666,2872.9625
C00500,1,267.73,,191.11,76.62,229.58,1.772,0.914,5,30,Semi-Urban,Residential,0,,
C00667,4,1408.83,1024.24,924.89,483.94,225.53,8.871,0.978,11,30,Urban,Commercial,0,991.7466666666666,991.7466666666666
C01038,1,296.97,,189.62,107.35,229.09,1.888,0.953,3,29,Rural,Residential,0,,
C01464,5,164.57,161.78,115.79,48.78,229.54,1.082,0.92,17,28,Semi-Urban,Residential,0,144.64666666666668,144.81
C01492,5,234.16,194.8,141.43,92.73,225.27,1.569,0.92,3,30,Urban,Residential,0,183.59333333333333,178.34
C00152,1,207.11,,117.23,89.88,236.51,1.375,0.884,17,28,Semi-Urban,Residential,0,,
C00005,5,358.63,323.2,250.62,108.01,227.69,2.499,0.876,2,30,Rural,Residential,0,321.31666666666666,315.6325
C01430,3,186.1,170.11,126.7,59.4,240.21,1.183,0.91,14,30,Rural,Residential,0,174.27,174.27
C00418,6,3308.42,3233.53,1865.56,1442.86,227.05,21.98,0.921,3,28,Urban,Industrial,0,3282.65,2945.076
C00405,5,353.72,343.76,210.04,143.68,224.11,2.336,0.939,6,28,Urban,Residential,0,306.31333333333333,299.1325
C00841,4,853.87,624.77,508.93,344.95,238.53,5.137,0.968,19,29,Rural,Commercial,0,621.2933333333333,621.2933333333333
C00892,1,535.01,,372.99,162.02,235.68,3.569,0.883,7,28,Urban,Commercial,0,,
C00128,1,177.59,,101.26,76.33,228.04,1.188,0.911,16,28,Urban,Residential,0,,
C00625,4,263.75,301.75,185.78,77.97,231.03,1.729,0.917,5,28,Urban,Residential,0,264.84666666666664,264.84666666666664
C00802,6,1291.64,1105.61,752.98,538.66,224.18,8.474,0.944,8,29,Urban,Commercial,0,892.5099999999999,858.3639999999999
C00048,3,218.78,194.87,133.17,85.61,232.4,1.321,0.99,5,30,Semi-Urban,Residential,0,188.67000000000002,188.67000000000002
C00115,3,1215.15,1071.26,761.91,453.24,227.97,8.269,0.895,18,30,Urban,Commercial,0,1007.435,1007.435
C00800,6,239.8,227.53,150.45,89.35,220.41,1.787,0.846,2,28,Urban,Residential,0,223.55333333333337,209.96800000000002
C00393,2,128.11,107.75,96.05,32.06,232.4,0.842,0.909,3,30,Rural,Residential,0,107.75,107.75
C01059,6,336.83,351.35,216.86,119.97,233.81,2.372,0.844,19,29,Urban,Residential,0,343.56333333333333,308.20200000000006
C01325,3,116.43,245.24,69.44,46.99,229.46,0.751,0.938,18,30,Urban,Residential,0,259.105,259.105
C00762,4,1058.47,951.29,770.73,287.74,230.64,6.914,0.922,2,30,Rural,Commercial,0,1011.0233333333332,1011.0233333333332
C00004,4,311.74,285.95,183.09,128.66,227.53,1.989,0.957,2,28,Urban,Residential,0,255.52999999999997,255.52999999999997
C00459,5,1232.21,1157.28,754.37,477.84,234.28,7.446,0.981,6,30,Semi-Urban,Commercial,0,1159.9099999999999,1155.1475
C00148,4,205.39,185.94,145.6,59.78,221.42,1.489,0.865,3,29,Urban,Residential,0,193.8166666666667,193.8166666666667
C01404,2,887.41,851.05,657.81,229.6,224.7,5.731,0.957,14,29,Semi-Urban,Commercial,0,851.05,851.05
C00153,6,297.92,301.94,213.71,84.22,223.0,2.16,0.859,14,30,Urban,Residential,0,272.35999999999996,256.246
C01292,1,123.47,,80.15,43.32,219.94,0.929,0.839,13,29,Urban,Residential,0,,
C00174,3,186.49,171.98,118.22,68.28,225.01,1.253,0.919,0,29,Semi-Urban,Residential,0,191.405,191.405
C01056,6,826.49,1105.26,508.08,318.42,226.27,5.325,0.953,18,30,Urban,Commercial,0,914.2166666666666,848.836
C01306,6,332.61,333.15,189.31,143.31,231.86,2.117,0.941,8,28,Semi-Urban,Residential,0,311.3666666666667,308.924
C00211,6,231.03,193.16,171.82,59.21,237.52,1.509,0.895,11,29,Urban,Residential,0,196.07000000000002,186.336
C00764,2,268.54,253.07,149.73,118.81,228.68,1.764,0.924,12,28,Urban,Residential,0,253.07,253.07
C01396,3,168.45,55.42,108.08,60.37,225.4,1.3,0.798,15,30,Urban,Residential,0,106.89500000000001,106.89500000000001
C01177,4,323.43,208.0,191.82,131.61,233.96,2.025,0.948,18,29,Semi-Urban,Residential,0,226.13333333333333,226.13333333333333
C01451,1,178.8,,116.54,62.26,231.89,1.205,0.888,11,30,Urban,Residential,0,,
C00047,2,471.35,375.41,276.72,194.64,234.51,,0.929,8,28,Semi-Urban,Commercial,0,375.41,375.41
C00848,3,371.88,320.34,215.49,156.39,238.02,2.25,0.964,5,29,Urban,Residential,0,310.325,310.325
C00348,3,237.02,177.76,163.9,73.12,226.88,1.596,0.909,15,30,Urban,Residential,0,210.79500000000002,210.79500000000002
C00208,4,1025.4,1068.03,705.4,320.0,230.66,6.398,0.965,17,29,Rural,Commercial,0,871.69,871.69
C00398,1,222.78,,128.64,94.15,224.54,1.492,0.924,3,30,Urban,Residential,0,,
C00096,2,124.7,123.57,72.8,51.91,232.77,0.822,0.905,18,28,Urban,Residential,0,123.57,123.57
C00240,2,134.52,129.86,80.68,53.84,230.81,0.918,0.881,6,29,Rural,Residential,0,129.86,129.86
C00651,3,201.1,199.48,146.16,54.93,225.24,1.353,0.917,3,29,Rural,Residential,0,203.21499999999997,203.21499999999997
C00849,2,290.46,265.9,172.54,117.92,231.74,2.029,0.858,9,29,Semi-Urban,Residential,0,265.9,265.9
C00208,6,1148.41,956.79,636.6,511.81,223.55,7.864,0.907,17,30,Rural,Commercial,0,1016.7400000000001,919.452
C01423,4,208.05,175.36,143.8,64.25,226.07,1.494,0.856,7,29,Semi-Urban,Residential,0,162.72666666666666,162.72666666666666
C00781,2,238.82,266.64,171.93,66.89,230.57,1.531,0.94,9,30,Urban,Residential,0,266.64,266.64
C00588,5,168.99,148.73,120.02,48.98,233.7,1.043,0.963,13,20,Rural,Residential,1,116.18666666666665,115.91749999999999
C01093,6,380.53,349.65,268.99,111.55,230.74,2.523,0.908,11,30,Semi-Urban,Residential,0,384.47666666666663,350.41400000000004
C00420,1,147.52,,81.88,65.64,229.5,0.95,0.939,11,30,Urban,Residential,0,,
C00908,4,376.56,247.41,275.03,101.53,231.46,2.56,0.883,7,28,Semi-Urban,Residential,0,248.60333333333332,248.60333333333332
C00168,6,285.82,294.01,195.92,89.9,222.47,2.028,0.88,3,29,Urban,Residential,0,287.53000000000003,260.1
C00796,1,1964.1,,1458.03,506.07,228.93,13.197,0.903,8,28,Rural,Industrial,0,,
C01085,5,276.51,299.92,197.06,79.46,230.19,1.834,0.909,8,29,Rural,Residential,0,234.89999999999998,221.6025
C01167,4,170.3,169.62,104.46,65.84,225.29,1.226,0.856,13,30,Urban,Residential,0,136.82333333333335,136.82333333333335
C00758,2,3778.68,3951.92,2445.97,1332.71,238.07,24.12,0.914,9,30,Urban,Industrial,0,3951.92,3951.92
C01242,2,231.08,247.27,173.24,57.84,235.98,1.437,0.946,1,30,Rural,Residential,0,247.27,247.27
C01292,2,87.58,123.47,57.7,29.88,225.4,0.605,0.893,13,28,Urban,Residential,0,123.47,123.47
C01442,4,315.09,231.34,197.62,117.47,233.16,2.131,0.881,19,30,Rural,Residential,0,236.81333333333336,236.81333333333336
C00743,4,136.2,109.81,95.05,41.15,231.09,0.926,0.884,17,28,Urban,Residential,0,108.55,108.55
C00345,1,203.02,,116.45,86.57,234.63,1.317,0.913,2,30,Urban,Residential,0,,
C00893,1,183.97,,101.63,82.34,229.84,1.124,0.989,13,29,Urban,Residential,0,,
C01301,1,145.78,,102.72,43.06,223.9,0.937,0.965,8,28,Semi-Urban,Residential,0,,
C00282,5,350.9,360.91,242.05,108.85,224.77,2.378,0.912,1,29,Urban,Residential,0,315.79,307.605
C00520,4,360.13,252.41,244.51,115.62,230.17,2.266,0.959,16,28,Semi-Urban,Residential,0,278.31333333333333,278.31333333333333
C01433,4,228.02,167.63,166.22,61.79,233.63,1.487,0.912,9,30,Rural,Residential,0,160.64,160.64
C00891,4,192.76,155.04,109.95,82.81,227.9,1.187,0.99,4,29,Semi-Urban,Residential,0,145.91333333333333,145.91333333333333
C00331,6,871.25,694.15,538.87,332.38,228.66,6.089,0.869,8,30,Urban,Commercial,0,661.8766666666667,615.5840000000001
C00050,1,1179.04,,687.82,491.22,225.07,7.43,0.979,7,29,Rural,Commercial,0,,
C00258,6,845.73,810.77,621.0,224.73,230.54,5.916,0.861,17,30,Rural,Commercial,0,806.79,729.874
C00336,3,3891.96,3967.41,2394.99,1496.97,235.39,24.961,0.92,8,28,Semi-Urban,Industrial,0,3538.34,3538.34
C00099,1,571.28,,408.76,162.53,227.37,3.631,0.961,17,28,Rural,Commercial,0,,
C00555,6,248.25,198.76,142.52,105.73,231.99,1.576,0.943,11,30,Urban,Residential,0,211.88333333333333,190.564
C00401,4,337.85,241.44,224.52,113.33,233.66,2.233,0.899,9,28,Urban,Residential,0,214.5233333333333,214.5233333333333
C00355,6,199.37,133.28,112.65,86.72,225.87,1.357,0.903,10,28,Semi-Urban,Residential,0,158.22333333333333,154.426
C00667,3,1024.24,958.14,590.49,433.75,231.47,6.328,0.971,11,28,Urban,Commercial,0,975.5,975.5
C00263,3,460.35,401.21,292.36,168.0,229.45,,0.99,11,29,Urban,Commercial,0,423.28499999999997,423.28499999999997
C00624,4,396.63,329.27,230.64,166.0,232.13,2.397,0.99,17,28,Semi-Urban,Residential,0,285.49666666666667,285.49666666666667
C00585,5,1803.56,1954.1,509.36,1294.2,236.67,11.574,0.914,11,29,Semi-Urban,Industrial,1,1828.89,1730.26
C01389,3,946.49,963.8,529.66,416.83,230.14,5.782,0.988,11,30,Urban,Commercial,0,859.26,859.26
C00454,2,175.74,169.56,96.8,78.94,236.96,1.115,0.924,18,28,Semi-Urban,Residential,0,169.56,169.56
C00754,4,331.16,127.59,231.24,99.92,232.44,2.115,0.936,6,30,Semi-Urban,Residential,0,206.11666666666667,206.11666666666667
C01114,1,1448.79,,928.61,520.18,225.71,9.005,0.99,2,30,Urban,Industrial,0,,
C00859,3,1139.28,1153.72,789.84,349.44,226.29,8.027,0.871,11,30,Urban,Commercial,0,1138.3400000000001,1138.3400000000001
C00469,1,280.3,,209.9,70.4,232.94,1.812,0.922,7,30,Urban,Residential,0,,
C01437,2,136.96,149.11,77.12,59.84,234.82,0.904,0.896,0,30,Semi-Urban,Residential,0,149.11,149.11
C00093,5,146.66,168.28,93.45,53.21,227.47,0.922,0.971,8,30,Rural,Residential,0,137.9,134.54250000000002
C01047,1,118.48,,76.88,41.6,226.44,0.752,0.966,6,30,Semi-Urban,Residential,0,,
C01323,1,181.76,,118.91,62.84,231.03,1.159,0.943,17,30,Urban,Residential,0,,
C00800,2,189.43,189.75,116.26,73.17,237.65,1.176,0.941,2,29,Urban,Residential,0,189.75,189.75
C00412,4,507.93,706.22,195.0,312.93,228.79,4.971,0.62,5,25,Semi-Urban,Commercial,1,678.2833333333333,678.2833333333333
C00624,1,244.02,,177.91,66.12,229.55,1.491,0.99,17,30,Semi-Urban,Residential,0,,
C00715,3,183.96,175.99,128.33,55.63,226.8,1.235,0.912,5,30,Urban,Residential,0,173.405,173.405
C01355,4,288.95,240.41,202.01,86.95,226.22,1.901,0.933,8,29,Urban,Residential,0,224.62,224.62
C00882,4,401.01,311.37,272.86,128.14,229.84,2.527,0.959,3,30,Urban,Residential,0,299.22333333333336,299.22333333333336
C00287,1,182.63,,105.8,76.82,240.41,1.17,0.902,12,30,Semi-Urban,Residential,0,,
C00435,1,813.42,,573.84,239.57,232.43,5.165,0.941,17,29,Semi-Urban,Commercial,0,,
C01358,1,2079.28,,1352.11,727.17,230.8,13.783,0.908,11,28,Semi-Urban,Industrial,0,,
C01155,1,179.78,,103.67,76.11,226.83,1.251,0.88,8,30,Semi-Urban,Residential,0,,
C00285,1,282.33,,174.22,108.1,230.96,1.819,0.933,18,29,Urban,Residential,0,,
C01160,6,386.69,339.23,255.63,131.06,236.3,2.338,0.972,10,30,Urban,Residential,0,268.95,280.562
C01120,1,928.63,,661.48,267.15,237.06,5.87,0.927,8,29,Rural,Commercial,0,,
C01083,5,415.39,337.52,289.98,125.41,231.02,2.763,0.904,1,30,Urban,Residential,0,387.68666666666667,355.875
C00357,4,249.95,264.38,160.03,89.93,233.47,,0.962,13,29,Rural,Residential,0,246.5,246.5
C00540,6,159.56,172.84,103.89,55.67,231.67,1.087,0.88,16,29,Urban,Residential,0,159.85333333333332,156.448
C00398,2,225.85,222.78,145.27,80.58,227.41,1.45,0.951,3,29,Urban,Residential,0,222.78,222.78
C01220,1,307.88,,195.46,112.42,228.79,2.14,0.873,19,30,Urban,Residential,0,,
C00719,4,768.97,497.01,473.31,295.66,230.62,4.855,0.954,16,30,Semi-Urban,Commercial,0,484.7133333333333,484.7133333333333
C00215,2,828.2,857.84,582.48,245.72,226.4,5.51,0.922,17,30,Rural,Commercial,0,857.84,857.84
C00219,5,200.82,203.87,131.51,69.3,,1.347,0.89,9,30,Semi-Urban,Residential,0,177.53333333333333,173.805
C01306,2,328.3,282.22,214.19,114.12,213.96,2.407,0.885,8,28,Semi-Urban,Residential,0,282.22,282.22
C00333,5,764.13,798.51,425.8,338.33,233.59,4.891,0.929,10,29,Urban,Commercial,0,759.5366666666667,753.0625
C00656,1,914.76,,669.24,245.51,230.09,5.669,0.974,3,28,Urban,Commercial,0,,
C01031,4,3082.51,691.85,1720.5,1362.01,229.51,21.529,0.866,2,28,Rural,Industrial,0,2101.7000000000003,2101.7000000000003
C00998,4,232.72,206.14,159.24,73.48,226.67,1.626,0.877,0,28,Urban,Residential,0,183.45333333333335,183.45333333333335
C01248,1,201.94,,117.86,84.08,228.57,1.296,0.947,4,29,Semi-Urban,Residential,0,,
C00266,2,151.47,137.01,94.43,57.04,232.12,0.983,0.922,9,29,Urban,Residential,0,137.01,137.01
C01459,4,343.59,363.96,224.7,118.89,236.45,2.168,0.931,6,28,Urban,Residential,0,293.6266666666666,293.6266666666666
C01415,4,5683.33,4751.93,4132.5,1550.83,229.66,36.071,0.953,9,30,Semi-Urban,Industrial,0,4627.123333333333,4627.123333333333
C00361,3,145.41,120.24,97.62,47.79,229.25,1.013,0.869,7,29,Urban,Residential,0,117.96000000000001,117.96000000000001
C00400,3,260.12,273.92,143.08,117.03,240.15,1.772,0.849,3,28,Semi-Urban,Residential,0,266.83000000000004,266.83000000000004
C00053,6,408.0,349.34,242.84,165.16,228.68,2.951,0.84,17,30,Semi-Urban,Residential,0,349.0333333333333,347.76599999999996
C01062,2,4253.42,4204.24,2515.57,1737.85,237.54,28.075,0.886,10,29,Urban,Industrial,0,4204.24,4204.24
C01423,6,194.2,210.46,138.36,55.84,232.85,1.242,0.933,7,30,Semi-Urban,Residential,0,197.95666666666668,181.33800000000002
C00519,4,139.27,116.58,97.71,41.56,232.42,0.948,0.878,18,29,Urban,Residential,0,125.62333333333333,125.62333333333333
C00873,2,136.46,140.27,80.55,55.91,231.13,0.869,0.944,1,28,Urban,Residential,0,140.27,140.27
C01315,6,256.94,272.49,183.67,73.26,223.82,1.611,0.99,18,29,Rural,Residential,0,259.44666666666666,240.38199999999998
C00845,5,559.47,578.94,397.69,161.77,229.43,3.824,0.886,18,28,Semi-Urban,Commercial,0,548.82,541.105
C00673,5,177.77,151.3,103.38,74.39,229.62,1.169,0.92,1,29,Semi-Urban,Residential,0,145.27666666666667,146.8225
C00133,4,430.7,322.18,256.73,173.97,230.63,2.85,0.91,7,30,Urban,Residential,0,312.18333333333334,312.18333333333334
C00504,3,338.27,312.71,222.01,116.26,223.44,2.201,0.955,6,30,Semi-Urban,Residential,0,317.445,317.445
C00286,2,183.12,145.49,129.01,54.11,228.95,1.189,0.934,7,29,Semi-Urban,Residential,0,145.49,145.49
C00565,4,4223.11,3808.62,2338.73,1884.38,231.76,30.081,0.841,5,30,Semi-Urban,Industrial,0,3284.2933333333335,3284.2933333333335
C00007,1,178.52,,114.81,63.71,227.57,1.18,0.923,13,30,Urban,Residential,0,,
C00759,2,1283.12,1360.08,844.53,438.59,233.25,8.177,0.934,1,29,Urban,Industrial,0,1360.08,1360.08
C00153,2,202.63,261.52,137.35,65.28,226.73,1.372,0.905,14,28,Urban,Residential,0,261.52,261.52
C00954,4,501.58,445.81,369.96,131.62,238.15,3.379,0.866,0,29,Urban,Commercial,0,390.43666666666667,390.43666666666667
C00883,4,5686.01,5013.0,3613.0,2073.01,235.93,33.811,,19,30,Urban,Industrial,0,4662.376666666667,4662.376666666667
C00663,1,147.07,,87.55,59.52,238.38,0.866,0.99,19,30,Rural,Residential,0,,
C00896,1,228.98,,162.86,66.12,231.52,1.435,0.957,18,30,Urban,Residential,0,,
C01079,4,1091.98,1024.12,801.23,290.75,233.05,7.368,0.883,0,30,Semi-Urban,Commercial,0,1024.8,1024.8
C00689,6,5113.34,3938.23,3697.18,1416.16,229.93,35.012,0.882,9,30,Urban,Industrial,0,4596.14,4295.701999999999
C00163,3,151.65,197.39,94.31,57.34,243.19,0.929,0.932,6,29,Semi-Urban,Residential,1,192.545,192.545
C01216,2,3501.01,3126.59,2525.7,975.32,229.7,23.429,0.904,4,29,Semi-Urban,Industrial,0,3126.59,3126.59
C00164,6,146.01,133.45,90.92,55.08,230.63,0.924,0.951,18,30,Urban,Residential,0,135.23666666666668,129.222
C01317,3,1221.25,906.48,719.03,502.22,230.67,7.613,0.966,5,30,Semi-Urban,Commercial,0,913.665,913.665
C01344,4,326.24,320.23,200.14,126.1,221.12,2.274,0.901,15,30,Urban,Residential,0,287.06333333333333,287.06333333333333
C00237,3,797.71,677.99,496.53,301.18,232.26,5.074,0.94,12,29,Semi-Urban,Commercial,0,721.01,721.01
C01362,6,248.48,236.8,154.77,93.71,226.95,1.597,0.952,6,28,Urban,Residential,0,234.34666666666666,211.16
C00261,1,291.16,,177.18,113.98,219.49,2.063,0.893,14,28,Rural,Residential,0,,
C00690,2,131.07,159.2,80.32,50.75,232.61,0.802,0.975,11,30,Urban,Residential,0,159.2,159.2
C00931,3,334.01,295.44,235.46,98.55,238.96,2.022,0.96,1,30,Semi-Urban,Residential,0,249.39499999999998,249.39499999999998
C01313,6,1161.66,1189.14,672.9,488.76,228.95,8.251,0.854,13,28,Urban,Commercial,0,1177.68,1070.812
C00711,6,217.44,195.03,124.18,93.26,221.2,1.488,0.918,13,30,Rural,Residential,0,179.43666666666664,173.638
C00226,6,232.54,273.89,146.13,86.41,237.36,1.43,0.952,11,30,Semi-Urban,Residential,0,242.40666666666667,225.56199999999998
C01402,6,189.31,194.75,115.84,73.47,232.01,1.268,0.893,19,30,Semi-Urban,Residential,0,183.48,170.03
C00837,1,894.37,,652.37,242.0,228.9,6.263,0.866,12,30,Semi-Urban,Commercial,0,,
C01467,2,193.63,223.76,126.56,67.06,229.23,1.37,0.856,3,30,Semi-Urban,Residential,0,223.76,223.76
C00165,4,148.27,133.09,84.48,63.79,230.89,0.979,0.911,13,29,Semi-Urban,Residential,0,122.84333333333335,122.84333333333335
C00448,1,256.6,,170.26,86.34,230.54,1.771,0.873,11,30,Semi-Urban,Residential,0,,
C01249,3,207.52,211.59,122.39,85.13,231.44,1.265,0.984,9,28,Semi-Urban,Residential,0,198.76999999999998,198.76999999999998
C00842,2,610.84,507.76,367.37,243.47,227.57,3.766,0.99,13,30,Urban,Commercial,0,507.76,507.76
C00274,3,237.53,184.31,148.6,88.92,228.98,1.493,0.965,4,30,Semi-Urban,Residential,0,209.79000000000002,209.79000000000002
C00216,1,4054.14,,2931.49,1122.65,232.76,26.422,0.916,11,29,Semi-Urban,Industrial,0,,
C00614,4,338.66,300.44,249.05,89.61,236.59,2.161,0.92,4,30,Urban,Residential,0,286.0566666666667,286.0566666666667
C00231,1,509.12,,301.81,207.31,231.89,3.441,0.886,17,29,Urban,Commercial,0,,
C00323,2,276.42,308.5,168.56,107.85,230.82,1.832,0.908,0,29,Semi-Urban,Residential,0,308.5,308.5
C00780,2,292.11,264.57,188.51,103.6,226.34,1.94,0.924,13,29,Urban,Residential,0,264.57,264.57
C00397,1,138.59,,77.31,61.28,226.37,0.884,0.962,6,30,Urban,Residential,0,,
C00527,5,299.72,378.43,167.61,132.11,233.02,1.897,0.942,7,30,Semi-Urban,Residential,0,303.52333333333337,290.63
C00339,3,356.34,182.2,207.6,148.74,235.15,2.325,0.905,1,20,Urban,Residential,1,210.08499999999998,210.08499999999998
C00149,5,2054.95,2162.64,1182.07,872.88,234.7,13.293,0.915,13,28,Rural,Industrial,0,2033.1066666666666,1951.4425
C01215,4,347.67,307.27,259.8,87.88,233.18,2.13,0.972,13,30,Urban,Residential,0,301.50333333333333,301.50333333333333
C00813,5,452.98,432.84,252.88,200.1,223.18,3.063,0.92,5,30,Rural,Residential,0,369.1566666666666,359.60749999999996
C00679,2,233.38,187.72,154.61,78.76,236.88,1.471,0.93,4,30,Semi-Urban,Residential,0,187.72,187.72
C00710,2,622.87,635.5,441.3,181.57,227.41,4.09,0.93,19,29,Semi-Urban,Commercial,0,635.5,635.5
C00001,3,273.65,250.95,176.05,97.6,230.71,1.793,0.919,6,30,Rural,Residential,0,236.195,236.195
C01363,6,266.64,265.33,183.37,83.26,228.51,1.854,0.874,17,29,Semi-Urban,Residential,0,267.91,248.45999999999998
C01414,2,157.78,153.37,88.72,69.06,235.87,1.019,0.912,10,30,Urban,Residential,0,153.37,153.37
C00352,4,309.6,248.1,229.57,80.03,240.64,1.879,0.951,18,29,Urban,Residential,0,238.75,238.75
C00142,4,415.97,369.75,291.6,124.37,223.82,2.631,0.981,10,30,Urban,Residential,0,347.4866666666667,347.4866666666667
C00457,2,166.28,149.93,113.15,53.13,227.54,1.028,0.987,5,29,Rural,Residential,0,149.93,149.93
C00412,1,640.73,,429.63,211.1,229.61,3.915,0.99,5,30,Semi-Urban,Commercial,0,,
C00320,1,241.02,,140.39,100.63,231.99,1.663,0.867,8,30,Urban,Residential,0,,
C00267,1,338.81,,219.14,119.67,226.13,2.316,0.899,17,30,Rural,Residential,0,,
C00979,5,152.48,141.9,84.99,67.49,229.65,1.073,0.859,12,30,Rural,Residential,0,122.13,114.67
C00319,6,5699.45,4433.19,3197.84,2501.61,230.46,37.935,0.905,15,30,Urban,Industrial,0,4450.863333333333,4180.026
C00857,4,391.77,287.08,219.49,172.28,235.95,2.421,0.953,1,28,Semi-Urban,Residential,0,290.26666666666665,290.26666666666665
C01462,1,222.74,,127.38,95.36,229.05,1.442,0.937,3,30,Semi-Urban,Residential,0,,
C00941,1,151.64,,97.65,53.98,228.55,0.94,0.98,6,30,Urban,Residential,0,,
C00457,1,149.93,,95.43,54.5,230.22,0.977,0.926,5,30,Rural,Residential,0,,
C00122,1,3303.55,,1960.8,1342.74,226.41,21.834,0.928,5,29,Urban,Industrial,0,,
C01203,3,270.13,226.18,175.16,94.97,226.65,1.859,0.89,5,30,Semi-Urban,Residential,0,248.58,248.58
C00009,6,298.99,278.25,190.85,108.14,230.38,2.019,0.893,12,30,Urban,Residential,0,304.16333333333336,256.442
C00300,3,278.93,276.03,189.33,89.59,223.76,1.923,0.9,0,30,Semi-Urban,Residential,0,271.24,271.24
C00641,6,241.16,255.72,152.93,88.23,229.26,,0.914,6,28,Urban,Residential,0,230.39333333333335,210.41
C01002,2,207.64,245.69,122.62,85.03,221.8,1.473,0.883,14,28,Rural,Residential,0,245.69,245.69
C01068,1,331.48,,217.94,113.54,228.55,2.292,0.879,12,28,Rural,Residential,0,,
C00426,4,410.68,333.79,256.62,154.06,232.6,2.477,0.99,10,28,Rural,Residential,0,290.0566666666667,290.0566666666667
C00467,5,293.46,253.6,167.49,125.97,222.99,1.913,0.955,10,28,Semi-Urban,Residential,0,253.01333333333335,254.88250000000002
C00157,1,732.04,,503.73,228.3,224.11,4.883,0.929,15,30,Rural,Commercial,0,,
C01357,5,263.84,299.08,195.34,68.5,231.4,1.7,0.931,1,30,Urban,Residential,0,227.99,219.55
C00138,3,109.87,115.57,73.83,36.03,225.64,0.694,0.974,12,29,Rural,Residential,0,116.195,116.195
C00721,2,265.94,267.44,151.02,114.92,226.53,1.927,0.846,16,30,Rural,Residential,0,267.44,267.44
C01213,3,230.64,173.06,136.65,94.0,,1.499,0.939,3,30,Semi-Urban,Residential,0,175.69,175.69
C00567,6,213.46,184.06,147.55,65.91,227.55,1.423,0.915,10,29,Urban,Residential,0,180.50666666666666,168.156
C00232,4,187.98,169.31,119.79,68.19,234.32,1.304,0.854,7,30,Urban,Residential,1,204.89666666666668,204.89666666666668
C00595,1,275.03,,198.61,76.42,239.72,1.76,0.905,18,29,Urban,Residential,0,,
C01236,1,160.47,,106.34,54.13,233.82,1.085,0.878,8,30,Semi-Urban,Residential,0,,
C00148,3,185.94,217.62,107.3,78.63,229.26,1.198,0.94,3,30,Urban,Residential,0,197.755,197.755
C00905,6,1034.93,1101.74,734.09,300.84,228.78,7.126,0.882,6,30,Urban,Commercial,0,973.6733333333333,862.6119999999999
C00951,4,658.5,1945.18,404.08,254.42,226.7,4.285,0.941,0,28,Rural,Industrial,1,1784.6066666666666,1784.6066666666666
C00949,3,348.91,298.83,210.61,138.31,219.89,2.485,0.887,13,30,Urban,Residential,0,306.30499999999995,306.30499999999995
C00812,2,243.34,288.33,150.75,92.59,228.53,1.584,0.933,16,29,Rural,Residential,0,288.33,288.33
C01118,6,263.47,252.61,176.78,86.69,235.59,1.645,0.944,10,29,Rural,Residential,0,226.02,218.51999999999998
C01308,5,142.73,126.74,105.76,36.97,237.2,0.886,0.943,16,30,Rural,Residential,0,120.46666666666665,118.3925
C01062,4,6590.14,5373.27,4214.15,2376.0,229.69,46.293,0.861,10,29,Urban,Industrial,0,4610.31,4610.31
C00312,3,200.62,174.54,138.08,62.54,232.58,1.255,0.955,13,29,Semi-Urban,Residential,0,172.33999999999997,172.33999999999997
C00864,4,342.27,247.86,192.09,150.18,216.17,2.343,0.938,10,30,Urban,Residential,0,257.57,257.57
C00002,5,708.91,773.86,515.69,193.22,234.06,4.318,0.974,3,29,Urban,Commercial,0,687.9233333333333,672.1775
C00570,2,185.12,156.89,102.79,82.33,228.01,1.26,0.895,8,29,Rural,Residential,0,156.89,156.89
C00904,4,377.59,340.51,217.5,160.09,227.66,2.327,0.99,3,29,Semi-Urban,Residential,0,302.7633333333333,302.7633333333333
C01248,5,260.72,257.3,174.89,85.83,238.64,1.591,0.954,4,30,Semi-Urban,Residential,0,229.00333333333333,222.2375
C00244,6,313.88,300.49,223.26,90.61,235.1,1.916,,10,29,Urban,Residential,0,290.93666666666667,279.12
C00135,3,3727.37,3820.83,2604.39,1122.98,224.26,24.288,0.95,5,30,Urban,Industrial,0,3809.0550000000003,3809.0550000000003
C01343,1,488.3,,312.88,175.42,229.04,3.207,0.923,1,28,Semi-Urban,Commercial,0,,
C01258,6,2572.58,2784.32,1559.09,1013.48,238.99,16.959,0.882,16,30,Rural,Industrial,0,2432.1433333333334,2397.446
C01294,3,314.35,265.81,196.94,117.41,228.86,1.998,0.955,11,30,Urban,Residential,0,284.43,284.43
C00679,1,187.72,,132.04,55.68,227.86,1.215,0.942,4,30,Semi-Urban,Residential,0,,
C00352,3,248.1,262.76,150.55,97.55,228.82,1.707,0.882,18,28,Urban,Residential,0,234.075,234.075
C01378,5,366.97,442.36,259.6,107.37,228.7,2.415,0.923,18,28,Urban,Residential,0,359.15000000000003,348.4975
C00341,2,256.27,248.26,172.63,83.64,223.67,1.607,0.99,17,29,Urban,Residential,0,248.26,248.26
C00373,3,276.6,235.4,173.36,103.24,231.24,1.897,0.876,12,28,Semi-Urban,Residential,0,260.185,260.185
C01218,6,148.79,156.27,87.67,61.12,230.41,0.957,0.938,4,30,Semi-Urban,Residential,0,154.5533333333333,133.956
C00161,4,167.24,120.14,107.52,59.71,226.36,1.12,0.916,17,30,Urban,Residential,0,120.99333333333334,120.99333333333334
C01252,6,168.3,163.29,108.25,60.06,225.14,1.179,0.881,10,30,Urban,Residential,0,156.62333333333333,152.622
C01291,2,2962.5,3456.1,1770.76,1191.74,232.01,,0.854,2,30,Urban,Industrial,0,3456.1,3456.1
C00750,1,216.5,,124.36,92.14,223.75,1.407,0.955,3,28,Urban,Residential,0,,
C00439,5,187.99,177.47,136.72,51.26,228.93,1.216,0.938,5,29,Urban,Residential,0,160.33,161.9
C01016,5,320.38,308.71,230.02,90.35,231.44,2.244,0.857,0,29,Urban,Residential,0,248.36333333333332,238.915
C01183,1,134.21,,92.28,41.93,232.34,0.89,,15,30,Urban,Residential,0,,
C00118,3,289.41,290.81,96.04,193.37,223.37,1.911,0.942,11,30,Semi-Urban,Residential,1,276.905,276.905
C00072,6,311.9,165.75,225.38,86.52,224.35,2.043,0.945,13,30,Rural,Residential,0,280.5133333333333,279.58
C00732,3,1168.07,811.69,874.44,293.62,236.76,7.441,0.921,6,30,Urban,Commercial,0,883.1600000000001,883.1600000000001
C01013,6,1295.04,1362.32,937.11,357.93,,8.668,0.888,9,30,Urban,Commercial,0,1189.1066666666666,1116.614
C00025,2,1019.79,821.08,576.12,443.67,226.52,6.809,0.918,9,30,Urban,Commercial,0,821.08,821.08
C01078,6,259.73,257.71,152.04,107.69,234.71,1.586,0.969,5,29,Semi-Urban,Residential,0,239.9766666666667,222.62600000000003
C00339,6,244.19,321.16,159.99,84.2,219.32,1.658,0.933,1,29,Urban,Residential,0,311.6566666666667,271.028
C00063,4,179.85,131.2,104.09,75.75,239.36,1.111,0.94,14,30,Semi-Urban,Residential,0,129.25666666666666,129.25666666666666
C00195,2,243.15,276.75,163.6,79.55,228.31,1.653,0.895,4,30,Semi-Urban,Residential,0,276.75,276.75
C00584,3,149.38,260.93,102.33,47.06,230.28,1.902,0.474,3,28,Urban,Residential,1,240.885,240.885
C00342,5,346.62,369.37,203.36,143.26,222.31,2.377,0.911,0,30,Semi-Urban,Residential,0,313.3466666666667,314.4625
C00627,5,301.61,327.79,202.34,99.27,228.72,1.965,0.932,9,30,Urban,Residential,0,235.54333333333332,234.3125
C00438,3,259.69,199.5,158.77,100.92,230.21,1.714,0.914,4,29,Urban,Residential,0,202.825,202.825
C00748,3,3621.44,3899.77,2156.93,1464.51,228.1,24.83,0.888,1,30,Urban,Industrial,0,4065.3500000000004,4065.3500000000004
C00740,2,2217.27,1871.93,1251.08,966.2,229.95,15.677,0.854,2,29,Rural,Industrial,0,1871.93,1871.93
C01313,1,849.15,,492.85,356.3,227.41,5.574,0.93,13,29,Urban,Commercial,0,,
C01277,1,257.39,,192.34,65.05,226.7,1.772,0.89,7,29,Urban,Residential,0,,
C01179,2,785.57,836.3,479.62,305.96,229.45,5.136,0.926,5,30,Urban,Commercial,0,836.3,836.3
C00727,6,217.04,178.54,129.0,88.04,230.48,1.429,0.915,1,29,Semi-Urban,Residential,0,182.19999999999996,167.7
C00405,1,277.59,,166.09,111.5,231.33,1.832,0.91,6,30,Urban,Residential,0,,
C00211,3,166.87,146.94,106.03,60.84,233.01,1.088,0.914,11,30,Urban,Residential,0,171.735,171.735
C00296,2,201.01,235.99,137.78,63.23,222.29,1.309,0.96,17,30,Urban,Residential,0,235.99,235.99
C00586,2,248.81,232.8,143.88,104.93,232.76,1.541,0.964,4,28,Rural,Residential,0,232.8,232.8
C00046,2,288.21,299.79,164.91,123.3,233.36,1.733,0.99,14,29,Urban,Residential,0,299.79,299.79
C00799,5,270.41,249.76,184.53,85.89,224.46,1.826,0.916,11,29,Rural,Residential,0,237.29999999999998,233.39249999999998
C00808,2,226.22,226.73,147.45,78.78,223.62,1.57,0.895,4,29,Semi-Urban,Residential,0,226.73,226.73
C00041,5,278.08,344.31,167.37,110.72,231.62,1.824,0.914,11,29,Urban,Residential,0,299.22333333333336,295.1975
C01484,2,608.79,559.47,390.51,218.28,235.85,4.109,0.872,17,30,Rural,Commercial,0,559.47,559.47
C00763,1,188.62,,107.88,80.74,232.25,1.145,0.985,12,30,Urban,Residential,0,,
C00339,5,321.16,257.47,220.57,100.59,237.79,2.101,0.893,1,30,Urban,Residential,0,265.33666666666664,258.495
C00843,2,869.17,1010.7,496.73,372.45,234.09,5.209,0.99,11,28,Rural,Commercial,0,1010.7,1010.7
C01302,2,143.59,128.6,97.84,45.74,227.94,0.956,0.916,12,29,Urban,Residential,0,128.6,128.6
C00136,4,119.12,121.08,68.3,50.82,230.53,1.086,,16,28,Urban,Residential,1,136.11666666666665,136.11666666666665
C01457,1,130.31,,73.3,57.0,233.4,0.847,0.915,19,28,Semi-Urban,Residential,0,,
C01002,5,296.13,265.47,203.77,92.36,231.23,1.797,0.99,14,29,Rural,Residential,0,251.12333333333333,249.765
C00636,1,834.54,,490.49,344.05,227.8,5.966,0.853,10,30,Urban,Commercial,0,,
C00955,4,762.7,570.96,522.41,240.3,229.36,4.961,0.931,11,29,Semi-Urban,Commercial,0,536.8233333333333,536.8233333333333
C01264,6,269.29,358.38,158.5,110.78,220.48,1.85,0.917,10,30,Urban,Residential,0,317.93,290.75
C01381,4,271.06,239.13,157.73,113.32,239.17,1.75,0.9,11,29,Urban,Residential,0,256.95,256.95
C01338,2,336.86,257.65,235.9,100.96,233.44,2.272,0.882,17,30,Urban,Residential,0,257.65,257.65
C00301,5,334.76,378.12,222.16,112.6,229.02,2.199,0.923,13,29,Rural,Residential,0,320.69666666666666,330.965
C01401,1,144.01,,97.57,46.44,230.91,0.979,0.885,17,28,Semi-Urban,Residential,0,,
C00725,3,914.2,966.81,523.71,390.49,231.03,5.832,0.942,13,28,Rural,Commercial,0,978.2149999999999,978.2149999999999
C00411,2,188.49,194.82,132.81,55.68,237.83,1.173,0.939,7,30,Rural,Residential,0,194.82,194.82
C00091,6,3976.57,4241.03,2768.38,1208.18,227.01,25.261,0.963,13,29,Rural,Industrial,0,4737.576666666667,4462.822
C00541,2,164.15,157.12,108.1,56.04,241.28,1.018,0.929,15,29,Semi-Urban,Residential,0,157.12,157.12
C00124,1,1980.19,,1271.11,709.08,230.13,13.164,0.908,1,29,Urban,Industrial,0,,
C00052,5,710.04,940.92,522.48,187.55,234.43,4.421,0.952,11,28,Semi-Urban,Commercial,1,810.5233333333334,821.96
C00587,6,288.96,193.22,178.02,110.94,236.75,1.93,0.879,0,30,Semi-Urban,Residential,0,211.4466666666667,213.21599999999998
C01173,6,1220.95,2714.82,773.86,447.08,231.82,14.365,0.509,16,30,Semi-Urban,Industrial,1,2219.556666666667,2137.38
C00189,4,293.46,310.81,161.62,131.83,237.0,1.848,0.93,18,30,Semi-Urban,Residential,0,271.34,271.34
C00925,2,126.26,132.28,73.82,52.43,230.23,0.856,0.89,17,30,Urban,Residential,0,132.28,132.28
C00083,1,215.22,,153.99,61.24,229.61,1.421,0.916,19,30,Rural,Residential,0,,
C00686,2,818.02,828.43,572.58,245.44,232.55,5.425,0.901,18,30,Urban,Commercial,0,828.43,828.43
C01222,3,229.31,188.23,168.39,60.92,235.51,1.517,0.891,15,29,Semi-Urban,Residential,0,190.07,190.07
C00462,4,1382.73,828.61,825.62,557.12,229.39,9.436,0.887,6,30,Urban,Commercial,0,995.2333333333335,995.2333333333335
C01261,5,325.79,320.18,192.1,133.69,238.94,2.018,0.939,19,30,Urban,Residential,0,296.42,285.53
C00154,3,338.13,210.9,208.75,129.38,228.83,2.321,0.884,5,30,Urban,Residential,0,215.695,215.695
C01477,5,1051.18,1036.28,772.63,278.56,230.52,6.816,0.929,9,29,Urban,Commercial,0,890.8766666666667,929.98
C01373,4,177.34,148.89,127.42,49.92,233.92,1.153,0.913,17,28,Semi-Urban,Residential,0,145.65,145.65
C00598,6,171.06,155.84,108.71,62.36,222.3,1.186,0.901,4,29,Urban,Residential,0,150.17,143.268
C01107,5,176.02,198.05,100.76,75.26,227.62,3.076,0.349,13,30,Urban,Residential,1,205.5633333333333,201.7875
C00660,6,217.05,248.35,134.12,82.94,230.98,1.462,0.893,16,30,Urban,Residential,0,231.37666666666667,201.452
C00007,3,214.78,171.92,120.35,94.43,226.35,1.419,0.929,13,30,Urban,Residential,0,175.22,175.22
C00744,2,143.84,137.19,102.57,41.27,237.73,0.945,0.889,1,29,Urban,Residential,0,137.19,137.19
C01188,5,1740.35,2087.38,1145.35,595.0,229.33,10.955,0.962,6,29,Urban,Industrial,1,1392.3999999999999,1373.0625
C00714,1,407.23,,259.08,148.15,228.16,2.594,0.956,18,29,Semi-Urban,Commercial,0,,
C01189,2,154.5,159.88,102.04,52.46,226.21,1.033,0.918,12,30,Semi-Urban,Residential,0,159.88,159.88
C00498,2,127.78,117.84,78.39,49.38,230.84,0.856,0.898,7,30,Urban,Residential,0,117.84,117.84
C00882,5,428.47,401.01,301.29,127.17,226.06,2.971,0.886,3,30,Urban,Residential,0,338.52,324.67
C01159,1,200.64,,112.5,88.14,238.83,1.199,0.973,7,30,Urban,Residential,0,,
C00022,5,603.48,358.63,420.94,182.54,221.59,4.452,0.85,17,29,Urban,Commercial,0,442.02,443.22749999999996
C00870,4,273.72,95.19,181.08,92.64,228.6,1.734,0.959,8,30,Semi-Urban,Residential,0,172.42333333333332,172.42333333333332
C01496,3,4125.44,3416.25,3032.41,1093.03,230.72,26.735,0.929,13,29,Semi-Urban,Industrial,0,3621.75,3621.75
C00445,4,870.69,732.6,510.23,360.46,236.29,5.943,,13,28,Urban,Commercial,0,706.18,706.18
C01190,5,241.73,229.54,157.94,83.79,231.94,1.683,0.86,1,30,Semi-Urban,Residential,0,215.11,204.3325
C00538,2,1090.15,1082.41,746.43,343.73,227.49,7.268,0.916,14,30,Rural,Commercial,0,1082.41,1082.41
C00198,1,179.21,,122.39,56.82,226.8,1.177,0.933,16,29,Rural,Residential,0,,
C00899,5,5382.72,5406.45,3600.82,1781.9,227.34,36.297,0.906,2,30,Semi-Urban,Industrial,0,4874.516666666666,4816.1825
C00103,3,189.44,140.81,120.44,69.0,230.69,1.152,0.99,8,28,Semi-Urban,Residential,0,156.54000000000002,156.54000000000002
C01493,4,387.94,441.81,225.19,162.75,228.19,2.472,0.955,16,30,Urban,Residential,0,326.3933333333334,326.3933333333334
C00245,3,121.13,128.04,88.41,32.73,231.82,0.733,0.99,10,30,Semi-Urban,Residential,0,119.845,119.845
C00750,4,303.68,222.96,197.72,105.96,228.22,2.065,0.895,3,30,Urban,Residential,0,215.03333333333333,215.03333333333333
C00508,1,260.0,,156.08,103.92,224.72,1.779,0.903,13,29,Semi-Urban,Residential,0,,
C00156,5,211.74,235.52,155.18,56.56,226.63,1.35,0.961,11,30,Semi-Urban,Residential,0,221.66333333333333,210.2375
C00404,2,181.21,175.96,117.73,63.48,233.58,1.115,0.966,3,29,Semi-Urban,Residential,0,175.96,175.96
C00848,4,310.96,371.88,172.11,138.85,225.4,2.045,0.937,5,29,Urban,Residential,0,330.8433333333333,330.8433333333333
C00550,1,3172.85,,1795.05,1377.8,230.16,20.9,0.916,4,29,Urban,Industrial,0,,
C01123,6,1185.58,1009.47,737.49,448.09,229.75,7.239,0.99,7,30,Urban,Commercial,0,1075.4,983.676
C01336,2,522.69,603.46,340.33,182.36,233.36,3.23,0.963,18,30,Semi-Urban,Commercial,0,603.46,603.46
C00804,5,274.8,312.14,189.83,84.96,234.52,1.756,0.927,18,30,Urban,Residential,0,289.63666666666666,273.03499999999997
C00138,5,123.49,152.45,71.14,52.35,222.75,0.849,0.907,12,28,Rural,Residential,0,125.96333333333332,123.6775
C00254,4,687.16,631.43,490.82,196.35,234.6,4.722,0.862,17,30,Urban,Commercial,0,513.1233333333333,513.1233333333333
C01139,4,4111.41,3040.86,2388.38,1723.04,233.74,26.935,0.907,15,29,Semi-Urban,Industrial,0,3038.41,3038.41
C00489,3,149.06,110.48,92.14,56.91,232.54,0.902,0.987,14,30,Urban,Residential,0,111.84,111.84
C00706,3,233.84,192.76,171.45,62.39,227.08,1.615,0.886,1,28,Semi-Urban,Residential,0,189.3,189.3
C01282,1,191.12,,108.98,82.14,231.38,1.241,0.924,5,30,Urban,Residential,0,,
C00105,5,217.98,208.82,153.4,64.58,230.11,1.523,0.864,3,28,Urban,Residential,0,187.07666666666668,183.365
C00739,3,514.03,275.14,294.17,219.85,226.77,3.346,0.941,15,15,Urban,Residential,1,290.895,290.895
C00643,2,185.43,173.85,128.08,57.35,227.2,1.186,0.956,10,29,Urban,Residential,0,173.85,173.85
C00066,1,147.92,,105.2,42.73,228.96,0.924,0.971,4,28,Rural,Residential,0,,
C00725,2,966.81,989.62,565.21,401.6,225.45,6.534,0.912,13,30,Rural,Commercial,0,989.62,989.62
C01486,5,206.2,189.21,119.93,86.26,234.62,1.378,0.886,2,28,Urban,Residential,0,176.35333333333335,173.41
C01188,3,439.92,1649.9,290.1,149.82,235.43,2.798,0.927,6,28,Urban,Industrial,1,1482.475,1482.475
C00986,4,242.31,198.95,166.43,75.89,224.93,1.622,0.922,16,30,Rural,Residential,0,180.32666666666668,180.32666666666668
C00666,1,370.34,,234.84,135.5,233.32,2.436,0.905,18,30,Urban,Commercial,0,,
C00067,5,339.64,339.26,225.89,113.75,232.65,2.409,0.842,1,28,Urban,Residential,0,284.79333333333335,270.47249999999997
C00802,1,757.55,,538.93,218.61,230.02,4.704,0.972,8,29,Urban,Commercial,0,,
C00856,6,330.96,286.45,232.98,97.98,233.8,2.172,0.905,2,30,Urban,Residential,0,254.29,247.892
C01375,4,304.16,216.62,172.97,131.2,238.66,1.978,0.895,7,30,Rural,Residential,0,218.99,218.99
C00560,6,340.2,441.06,198.32,141.89,235.12,2.101,0.956,12,30,Semi-Urban,Residential,0,390.99333333333334,363.2
C00008,5,4500.83,3940.55,2823.01,1677.82,233.43,29.018,0.923,2,30,Semi-Urban,Industrial,0,3501.8866666666668,3504.6549999999997
C00943,6,5192.42,5218.87,3214.89,1977.53,228.0,32.894,0.962,7,30,Urban,Industrial,0,5290.136666666666,4927.916
C00082,3,489.05,453.89,305.63,183.42,232.37,3.215,0.909,1,30,Rural,Commercial,0,453.01,453.01
C00666,4,583.55,428.98,181.19,402.36,245.4,3.426,0.964,18,30,Urban,Commercial,1,383.4666666666667,383.4666666666667
C00608,1,206.41,,119.52,86.89,229.48,1.279,0.977,16,30,Urban,Residential,0,,
C00622,1,297.32,,202.29,95.03,229.54,1.914,0.94,10,30,Urban,Residential,0,,
C01439,6,145.47,123.48,85.56,59.91,221.89,1.035,0.879,15,29,Urban,Residential,0,118.69333333333334,114.01199999999999
C00869,1,3118.99,,1766.27,1352.72,232.75,20.88,0.891,10,29,Semi-Urban,Industrial,0,,
C01102,4,398.66,350.79,232.68,165.98,228.91,2.653,0.912,12,28,Semi-Urban,Residential,0,304.76,304.76
C01285,1,2102.77,,1443.25,659.52,221.39,14.431,0.914,11,29,Rural,Industrial,0,,
C00887,4,700.67,604.37,488.55,212.11,231.66,4.917,0.854,7,30,Urban,Commercial,0,518.8833333333333,518.8833333333333
C00119,2,158.94,144.24,111.64,47.3,220.89,1.115,0.896,15,30,Urban,Residential,0,144.24,144.24
C01187,4,1212.92,1062.42,745.26,467.66,226.97,7.884,0.941,2,29,Semi-Urban,Commercial,0,916.5799999999999,916.5799999999999
C00404,4,140.24,116.9,62.5,77.74,231.51,,0.596,3,28,Semi-Urban,Residential,1,158.02333333333334,158.02333333333334
C00935,1,282.88,,209.91,72.97,224.41,2.074,0.844,16,30,Rural,Residential,0,,
C00292,5,369.89,399.89,247.33,122.56,227.72,2.36,0.956,6,30,Urban,Residential,0,340.65000000000003,319.985
C01500,3,983.68,891.0,736.36,247.32,229.21,6.421,0.928,16,30,Urban,Commercial,0,904.835,904.835
C01348,6,220.77,242.78,143.17,77.6,225.34,1.407,0.967,8,30,Rural,Residential,0,222.89666666666668,201.32
C00678,1,332.19,,227.41,104.77,234.22,2.12,0.929,19,30,Urban,Residential,0,,
C01465,3,256.46,312.85,147.01,109.45,233.79,1.891,0.806,15,29,Urban,Residential,0,311.555,311.555
C00057,3,863.62,816.72,513.92,349.7,228.97,5.86,0.894,7,28,Semi-Urban,Commercial,0,712.995,712.995
C00036,6,178.97,183.33,120.96,58.01,234.68,1.177,0.9,10,28,Urban,Residential,0,176.32666666666668,167.55
C00611,4,186.06,171.94,132.93,53.13,231.28,1.248,0.895,9,30,Rural,Residential,0,175.79,175.79
C00224,4,335.07,350.61,222.95,112.12,228.7,2.236,0.91,15,30,Urban,Residential,0,311.49333333333334,311.49333333333334
C01438,5,401.0,351.05,277.53,123.47,229.64,2.717,0.893,15,29,Semi-Urban,Residential,0,324.67,319.035
C00937,1,511.2,,345.05,166.15,230.7,3.536,0.87,18,29,Urban,Commercial,0,,
C00650,1,252.84,,189.51,63.33,236.67,1.613,0.92,10,28,Rural,Residential,0,,
C00607,5,46.5,199.83,34.03,12.47,224.05,0.308,0.937,18,25,Urban,Residential,1,165.84333333333333,161.115
C00055,6,151.53,159.37,112.88,38.65,231.86,1.012,0.897,0,28,Urban,Residential,0,141.42666666666665,130.156
C01295,1,314.45,,211.43,103.02,232.38,2.057,0.914,1,30,Semi-Urban,Residential,0,,
C00501,5,260.26,341.03,163.92,96.34,230.11,1.612,,5,30,Urban,Residential,0,272.9533333333333,251.7975
C01161,1,559.84,,338.06,221.78,228.17,3.933,0.866,14,30,Urban,Commercial,0,,
C00682,5,491.99,446.06,356.85,135.14,231.72,3.204,0.92,16,29,Semi-Urban,Residential,0,365.5,355.305
C00520,2,282.09,300.44,203.3,78.79,239.6,1.79,0.914,16,28,Semi-Urban,Residential,0,300.44,300.44
C01481,5,380.73,330.94,232.52,148.21,223.96,2.736,0.863,14,30,Urban,Residential,0,274.1766666666667,271.8625
C00388,1,183.16,,121.76,61.4,237.87,1.139,0.939,12,28,Urban,Residential,0,,
C01112,2,164.21,162.89,112.58,51.63,225.68,1.209,0.836,7,28,Rural,Residential,0,162.89,162.89
C01169,2,292.75,280.77,215.18,77.57,229.27,1.927,0.92,10,30,Urban,Residential,0,280.77,280.77
C00700,4,277.9,236.15,154.35,123.56,225.48,1.787,0.958,15,29,Urban,Residential,0,231.10333333333332,231.10333333333332
C00592,4,285.28,211.25,179.28,106.0,229.12,1.747,0.99,12,28,Semi-Urban,Residential,0,210.1833333333333,210.1833333333333
C00244,1,265.06,,168.53,96.53,220.47,1.71,0.976,10,30,Urban,Residential,0,,
C00029,4,4251.32,4358.44,2789.86,1461.46,229.64,27.993,0.919,0,30,Urban,Industrial,0,3638.1666666666665,3638.1666666666665
C00701,4,313.68,153.74,93.59,220.09,226.73,2.129,0.903,16,30,Semi-Urban,Residential,1,177.61666666666667,177.61666666666667
C01410,5,186.3,174.22,108.09,78.21,230.16,1.287,0.874,6,29,Urban,Residential,0,143.15666666666667,140.7025
C00595,6,307.09,284.1,213.97,93.12,236.8,2.065,0.872,18,29,Urban,Residential,0,306.67333333333335,292.08599999999996
C00705,3,807.7,651.56,564.63,243.08,233.86,5.317,0.902,14,30,Rural,Commercial,0,623.615,623.615
C00860,5,268.3,251.84,192.4,75.91,230.65,1.799,0.898,15,29,Rural,Residential,0,225.17666666666665,217.4125
C01343,4,495.79,528.63,307.89,187.9,231.61,3.279,,1,29,Semi-Urban,Commercial,0,480.24666666666667,480.24666666666667
C01031,6,3184.4,2607.49,2122.81,1061.59,221.5,20.398,0.979,2,30,Rural,Industrial,0,2127.2833333333333,2399.02
C01356,3,647.47,2888.05,364.28,283.18,224.37,4.738,0.846,6,15,Semi-Urban,Industrial,1,2872.94,2872.94
C00157,3,769.99,749.12,519.49,250.51,229.45,5.131,0.908,15,28,Rural,Commercial,0,740.5799999999999,740.5799999999999
C00011,1,783.72,,540.1,243.62,241.38,4.817,0.936,14,29,Rural,Commercial,0,,
C00207,5,102.71,106.47,69.33,33.38,229.81,0.707,0.878,17,30,Semi-Urban,Residential,1,156.73000000000002,178.61
C00961,1,769.54,,451.43,318.1,222.64,5.059,0.949,12,30,Rural,Commercial,0,,
C00857,1,270.24,,151.75,118.49,230.7,1.731,0.94,1,28,Semi-Urban,Residential,0,,
C00391,4,369.0,297.76,271.13,97.86,231.53,2.489,0.889,6,28,Urban,Residential,0,254.41666666666666,254.41666666666666
C01143,5,212.83,235.61,135.29,77.54,235.73,1.41,0.889,9,29,Urban,Residential,0,205.49333333333334,203.5525
C00354,3,152.87,123.11,92.18,60.69,231.34,1.061,0.865,13,28,Urban,Residential,0,149.23,149.23
C00255,1,185.86,,133.53,52.33,227.1,1.228,0.925,10,30,Urban,Residential,0,,
C01270,4,143.18,142.35,101.6,41.58,228.8,0.958,0.907,0,30,Semi-Urban,Residential,0,138.77,138.77
C00026,4,1127.75,1065.74,654.0,473.75,231.48,7.368,0.918,11,29,Urban,Commercial,0,1005.4200000000001,1005.4200000000001
C01058,3,133.79,133.84,84.33,49.46,225.46,1.009,0.817,10,30,Urban,Residential,0,130.1,130.1
C00081,2,647.94,563.03,460.74,187.2,236.54,4.359,0.873,5,30,Urban,Commercial,0,563.03,563.03
C01021,3,976.79,983.11,610.21,366.58,231.38,6.61,0.887,6,29,Urban,Commercial,0,923.97,923.97
C00744,3,158.51,143.84,98.23,60.28,220.78,1.138,0.876,1,28,Urban,Residential,0,140.515,140.515
C01280,1,344.96,,201.58,143.39,228.66,2.261,0.927,4,28,Semi-Urban,Residential,0,,
C01184,4,217.75,469.86,146.4,71.35,230.54,1.338,0.98,9,30,Urban,Commercial,0,440.5533333333333,440.5533333333333
C00654,3,117.95,102.58,78.26,39.69,227.02,0.796,0.907,4,29,Rural,Residential,0,106.675,106.675
C01277,3,297.92,289.16,165.31,132.61,228.09,1.928,,7,29,Urban,Residential,0,273.275,273.275
C01236,2,161.62,160.47,112.93,48.69,231.24,1.037,0.936,8,30,Semi-Urban,Residential,0,160.47,160.47
C00294,5,136.93,156.4,75.56,61.38,224.36,0.903,0.939,6,29,Rural,Residential,0,137.70000000000002,132.8825
C01273,3,293.74,238.55,198.9,94.84,224.61,1.951,0.931,10,30,Semi-Urban,Residential,0,248.565,248.565
C01220,2,274.59,307.88,174.9,99.69,231.94,1.716,0.958,19,29,Urban,Residential,0,307.88,307.88
C00126,1,296.39,,177.45,118.94,223.02,2.07,0.892,15,29,Semi-Urban,Residential,0,,
C01286,6,217.09,177.29,121.0,96.09,237.58,1.29,0.984,16,28,Rural,Residential,0,188.23,170.626
C00298,4,272.39,229.73,198.04,74.35,231.71,1.649,0.99,3,29,Urban,Residential,0,212.42,212.42
C01367,5,175.44,134.96,118.14,57.3,230.4,1.196,0.884,12,30,Rural,Residential,0,128.19666666666666,125.97
C01247,4,247.09,218.66,181.93,65.15,228.22,1.584,0.949,19,28,Urban,Residential,0,199.21333333333334,199.21333333333334
C01036,3,1096.2,1109.81,628.25,467.95,226.12,7.797,0.864,15,29,Urban,Commercial,0,1008.49,1008.49
C00751,2,419.38,468.93,307.86,111.52,219.68,3.057,0.867,11,30,Rural,Commercial,0,468.93,468.93
C00809,6,260.46,305.44,148.47,111.99,232.51,1.687,0.922,1,30,Semi-Urban,Residential,0,276.11333333333334,264.666
C00452,6,202.55,198.64,130.03,72.53,219.64,1.331,0.962,1,28,Urban,Residential,0,184.71666666666667,173.108
C01128,5,927.6,1131.6,561.7,365.9,226.58,6.063,0.938,10,28,Urban,Commercial,0,911.3466666666667,872.04
C01449,6,221.16,178.68,155.71,65.45,231.54,1.466,0.905,0,30,Urban,Residential,0,194.70333333333335,187.488
C00699,6,232.91,246.35,138.73,94.18,239.69,1.478,0.913,1,28,Semi-Urban,Residential,0,239.91666666666666,210.78400000000002
C00223,2,176.32,187.82,124.83,51.49,242.93,1.076,0.937,19,30,Semi-Urban,Residential,0,187.82,187.82
C00209,3,209.99,190.85,141.64,68.35,230.53,1.366,0.926,19,29,Urban,Residential,0,188.02499999999998,188.02499999999998
C01148,6,1121.82,1360.42,672.25,449.57,225.05,7.197,0.962,12,28,Semi-Urban,Commercial,0,1254.08,1193.174
C00476,5,160.26,174.48,92.4,67.86,229.74,1.11,0.873,13,29,Semi-Urban,Residential,0,155.82000000000002,150.75
C00032,1,199.44,,120.57,78.87,237.57,1.226,0.951,13,29,Semi-Urban,Residential,0,,
C00190,3,192.17,151.33,139.39,52.78,237.85,1.259,0.892,9,29,Urban,Residential,0,156.59500000000003,156.59500000000003
C01415,6,4861.38,5340.45,3286.87,1574.51,225.89,34.469,0.867,9,30,Semi-Urban,Industrial,0,5258.57,4981.030000000001
C01463,6,364.89,329.37,249.18,115.71,227.89,2.276,0.977,7,30,Rural,Residential,0,317.5166666666667,293.72200000000004
C00344,1,1026.89,,641.38,385.51,233.05,6.572,0.931,15,30,Rural,Commercial,0,,
C01374,1,498.6,,369.58,129.02,226.67,3.279,0.932,8,28,Urban,Commercial,0,,
C00642,5,691.23,773.0,468.05,223.18,228.21,4.787,0.879,13,30,Semi-Urban,Commercial,0,737.7933333333334,676.0375
C00025,5,1273.26,1172.97,914.19,359.07,227.29,8.146,0.955,9,30,Urban,Commercial,0,1079.25,1014.7075
C00688,3,214.86,223.35,156.29,58.57,227.56,1.342,0.977,12,30,Urban,Residential,0,226.95999999999998,226.95999999999998
C00815,6,337.63,370.66,229.99,107.65,230.15,2.185,0.933,3,30,Rural,Residential,0,321.63000000000005,305.978
C01334,6,285.3,260.55,171.58,113.72,222.11,1.843,0.968,4,29,Rural,Residential,0,273.96,258.666
C00561,4,179.31,147.73,114.07,65.24,222.26,1.237,0.906,10,30,Urban,Residential,0,127.07666666666667,127.07666666666667
C00799,1,221.67,,136.98,84.69,221.81,1.422,0.976,11,30,Rural,Residential,0,,
C00478,5,3647.86,4801.8,2257.92,1389.94,229.74,25.46,0.866,1,29,Semi-Urban,Industrial,1,3249.783333333333,3357.8075
C00630,3,797.79,901.38,522.22,275.57,232.7,5.294,0.899,19,29,Semi-Urban,Commercial,0,855.1800000000001,855.1800000000001
C00232,1,227.93,,126.16,101.77,229.47,1.523,0.906,7,28,Urban,Residential,0,,
C00991,2,196.58,174.59,146.05,50.54,233.59,1.241,0.942,7,30,Urban,Residential,0,174.59,174.59
C00512,2,2057.21,1760.82,1300.13,757.08,230.87,12.97,0.954,15,30,Semi-Urban,Industrial,0,1760.82,1760.82
C01361,6,901.47,880.08,599.54,301.93,226.18,5.774,0.959,5,28,Urban,Commercial,0,938.2666666666668,825.668
C00950,2,213.62,205.57,154.32,59.3,229.93,1.421,0.908,10,30,Urban,Residential,0,205.57,205.57
C00605,6,1541.8,1360.06,852.72,689.08,226.46,9.908,0.954,13,29,Urban,Commercial,0,1242.5766666666666,1144.738
C01425,1,146.02,,83.79,62.23,233.17,0.974,0.893,13,28,Rural,Residential,0,,
C00800,4,232.8,210.33,143.61,89.19,239.85,1.514,0.89,2,30,Urban,Residential,0,196.50333333333333,196.50333333333333
C01330,3,165.35,131.17,106.63,58.72,239.85,1.051,0.911,2,28,Urban,Residential,0,128.59,128.59
C00505,5,372.86,381.43,213.46,159.4,233.55,2.401,0.924,15,28,Urban,Residential,0,327.9166666666667,310.59749999999997
C00495,6,278.02,204.29,188.24,89.78,226.8,2.058,0.827,13,30,Rural,Residential,0,195.3166666666667,182.99
C01492,6,172.81,234.16,100.24,72.57,228.31,1.132,0.928,3,28,Urban,Residential,0,206.5666666666667,189.504
C00285,5,407.85,340.53,235.13,172.72,234.46,2.573,0.939,18,30,Urban,Residential,0,318.3333333333333,309.3325
C00493,2,278.49,297.03,200.4,78.08,226.62,1.936,0.882,1,29,Urban,Residential,0,297.03,297.03
C00076,5,360.35,282.39,259.92,100.43,231.39,2.507,0.863,6,30,Urban,Residential,0,293.6466666666667,303.455
C01161,5,693.42,352.49,502.36,191.06,232.93,4.848,0.853,14,29,Urban,Commercial,0,382.2366666666667,426.6375
C01023,5,5272.76,4377.02,3905.59,1367.18,233.47,34.518,0.909,15,29,Rural,Industrial,0,4059.593333333333,4101.79
C00979,1,92.29,,52.25,40.04,225.08,0.594,0.958,12,29,Rural,Residential,0,,
C01069,4,361.26,308.76,229.43,131.83,231.57,2.293,0.945,12,28,Rural,Residential,0,287.50333333333333,287.50333333333333
C00102,4,216.58,147.76,133.92,82.65,233.46,1.366,0.943,17,29,Semi-Urban,Residential,0,154.80666666666664,154.80666666666664
C00711,4,186.23,157.05,120.01,66.22,230.83,1.261,0.889,13,30,Rural,Residential,0,162.31,162.31
C00805,3,184.5,156.64,133.41,51.1,235.6,1.206,0.902,2,28,Urban,Residential,0,147.825,147.825
C00108,4,544.57,559.08,343.08,201.49,227.73,3.781,0.878,14,28,Rural,Commercial,0,516.1966666666667,516.1966666666667
C01243,3,155.19,152.06,109.26,45.93,223.23,1.095,0.882,12,29,Urban,Residential,0,175.64499999999998,175.64499999999998
C00346,5,268.77,308.85,187.76,81.01,227.43,1.848,0.888,5,29,Semi-Urban,Residential,0,280.64000000000004,263.6975
C00676,3,253.79,210.11,187.93,65.86,231.67,1.715,0.887,11,29,Urban,Residential,0,218.31,218.31
C01339,5,151.95,141.74,112.66,39.29,227.03,1.019,0.913,12,29,Semi-Urban,Residential,0,126.03000000000002,121.98750000000001
C01300,3,1129.18,954.0,643.9,485.28,239.02,7.081,0.927,19,28,Urban,Commercial,0,1009.065,1009.065
C00271,3,274.95,244.15,172.09,102.86,233.39,1.759,0.93,12,30,Semi-Urban,Residential,0,224.87,224.87
C00781,4,329.94,279.44,196.49,133.45,229.19,2.231,0.896,9,30,Urban,Residential,0,261.6333333333333,261.6333333333333
C00917,2,307.97,236.37,198.67,109.3,228.93,2.102,0.889,16,30,Urban,Residential,0,236.37,236.37
C01191,2,88.81,101.31,51.9,36.92,231.54,0.563,0.947,8,30,Semi-Urban,Residential,0,101.31,101.31
C01221,1,896.92,,585.03,311.88,229.74,6.187,0.876,3,28,Semi-Urban,Commercial,0,,
C00967,1,228.77,,128.34,100.42,226.52,1.606,0.874,0,30,Rural,Residential,0,,
C01198,3,357.37,302.54,258.44,98.93,227.0,2.344,0.933,16,30,Rural,Residential,0,313.11,313.11
C00347,6,4873.66,5524.56,3214.99,1658.67,229.74,33.138,0.889,9,28,Urban,Industrial,0,5436.55,4888.876
C01180,4,393.75,82.48,218.25,175.49,229.88,2.607,0.913,15,25,Semi-Urban,Residential,1,192.38666666666666,192.38666666666666
C00007,5,232.42,279.07,146.84,85.58,232.52,1.454,0.955,13,28,Urban,Residential,0,221.92333333333332,211.0725
C00913,4,324.13,272.02,211.22,112.91,233.8,1.945,0.99,2,29,Urban,Residential,0,247.15666666666667,247.15666666666667
C00349,2,3149.15,2822.25,2088.9,1060.26,215.9,22.401,0.904,6,28,Semi-Urban,Industrial,0,2822.25,2822.25
C00655,1,692.96,,448.37,244.6,239.29,4.476,0.899,4,29,Rural,Commercial,0,,
C00363,4,202.98,151.05,129.95,73.02,239.17,1.321,0.892,6,29,Urban,Residential,0,148.83,148.83
C01219,6,248.82,216.32,147.1,101.71,231.47,1.508,0.99,10,29,Urban,Residential,0,201.94666666666663,188.31599999999997
C01394,2,251.31,241.45,160.02,91.3,231.0,1.613,0.937,7,28,Urban,Residential,0,241.45,241.45
C00013,3,226.63,185.75,133.36,93.27,225.07,1.488,0.94,9,28,Semi-Urban,Residential,0,178.54000000000002,178.54000000000002
C01318,2,250.3,309.56,180.9,69.4,226.3,1.671,0.919,12,29,Urban,Residential,0,309.56,309.56
C00634,1,1095.38,,811.36,284.02,245.33,6.807,0.911,7,30,Semi-Urban,Commercial,0,,
C00443,6,450.43,468.0,253.22,197.21,237.61,2.885,0.913,9,30,Semi-Urban,Commercial,0,435.08666666666664,413.38
C00531,1,948.99,,527.98,421.01,222.09,6.589,0.901,12,30,Urban,Commercial,0,,
C00347,1,4066.96,,3032.51,1034.45,231.09,26.493,0.923,9,29,Urban,Industrial,0,,
C00074,4,240.91,239.82,156.24,84.68,238.51,1.53,0.917,9,29,Urban,Residential,0,199.95333333333335,199.95333333333335
C01390,4,253.9,245.81,154.37,99.53,225.92,1.701,0.918,19,29,Rural,Residential,0,215.85,215.85
C00342,6,325.68,346.62,203.4,122.28,226.94,2.099,0.95,0,30,Semi-Urban,Residential,0,340.88666666666666,320.894
C00424,4,311.58,251.11,228.69,82.89,230.48,2.099,0.894,9,29,Urban,Residential,0,242.30666666666664,242.30666666666664
C01234,5,207.64,156.88,120.37,87.27,236.02,1.272,0.96,5,30,Urban,Residential,0,160.97333333333336,156.865
C00217,6,405.19,388.27,265.38,139.82,222.71,2.732,0.925,14,30,Urban,Residential,0,380.4566666666667,347.538
C00980,4,5414.14,5234.42,3284.92,2129.22,236.29,35.014,0.909,5,30,Semi-Urban,Industrial,0,5148.446666666667,5148.446666666667
C01229,1,476.79,,319.67,157.12,223.61,3.246,0.912,0,28,Urban,Commercial,0,,
C00572,5,364.78,397.76,267.91,96.86,230.49,2.361,0.931,1,30,Semi-Urban,Residential,0,340.53333333333336,336.9275
C00218,3,729.91,649.91,483.91,246.01,218.47,4.704,0.986,19,29,Urban,Commercial,0,673.2,673.2
C00040,3,123.58,156.75,83.87,39.71,228.56,0.851,0.882,9,30,Rural,Residential,0,166.10500000000002,166.10500000000002
C01369,5,274.59,289.25,156.66,117.93,230.13,1.77,0.936,9,29,Semi-Urban,Residential,0,242.77999999999997,238.225
C00434,2,169.28,177.26,122.33,46.95,230.31,1.125,0.908,7,30,Urban,Residential,0,177.26,177.26
C00770,3,170.28,459.18,101.87,68.41,225.73,1.139,0.92,18,30,Urban,Commercial,0,497.99,497.99
C00429,6,321.61,133.87,183.45,138.15,225.5,2.297,0.862,11,30,Rural,Residential,0,279.56,267.73400000000004
C00547,5,240.5,209.8,160.07,80.43,233.4,1.57,0.911,4,30,Semi-Urban,Residential,0,195.37,190.3175
C00532,1,2743.72,,1918.9,824.82,229.67,18.569,0.894,16,30,Rural,Industrial,0,,
C00659,6,4485.21,4272.03,2502.05,1983.16,232.56,28.335,0.945,6,30,Urban,Industrial,0,3925.433333333333,3677.8300000000004
C00462,3,828.61,1121.15,602.5,226.11,230.98,5.123,0.973,6,30,Urban,Commercial,0,1078.545,1078.545
C00806,2,149.32,120.69,98.69,50.63,227.37,0.971,0.939,17,30,Semi-Urban,Residential,0,120.69,120.69
C00704,6,1459.88,1403.53,1048.44,411.44,236.45,8.662,0.99,4,30,Semi-Urban,Commercial,0,1199.3033333333333,1076.1680000000001
C00352,1,205.39,,122.06,83.33,233.02,1.392,0.879,18,28,Urban,Residential,0,,
C00447,4,1638.22,1391.42,1060.74,577.48,230.74,10.757,0.917,9,28,Rural,Industrial,0,1396.6333333333332,1396.6333333333332
C01221,6,1464.59,1271.63,815.28,649.31,223.56,10.553,0.862,3,30,Semi-Urban,Commercial,0,1285.0366666666666,1154.208
C00461,2,937.76,1046.36,700.11,237.65,219.6,6.678,0.888,11,30,Rural,Commercial,0,1046.36,1046.36
C00782,3,306.33,279.31,209.81,96.52,223.87,1.974,0.963,0,30,Urban,Residential,0,289.05,289.05
C00900,6,4628.99,4997.79,3230.2,1398.79,226.22,34.891,0.815,14,29,Semi-Urban,Industrial,0,5049.746666666667,4585.574
C00232,2,217.45,227.93,129.12,88.33,226.96,1.473,0.903,7,30,Urban,Residential,0,227.93,227.93
C00484,4,261.63,223.88,152.37,109.26,232.19,1.691,0.925,16,30,Urban,Residential,0,217.14333333333335,217.14333333333335
C00597,2,319.26,323.26,221.39,97.86,229.52,1.993,0.97,8,30,Urban,Residential,0,323.26,323.26
C01398,5,1251.64,1539.19,844.35,407.29,234.79,7.479,0.99,8,28,Urban,Commercial,0,1214.8233333333333,1180.7825
C01456,2,111.66,129.06,72.4,39.26,227.81,0.746,0.912,19,29,Semi-Urban,Residential,0,129.06,129.06
C01181,4,289.82,246.18,186.75,103.07,227.73,1.863,0.949,10,29,Semi-Urban,Residential,0,231.29333333333332,231.29333333333332
C01480,1,798.77,,578.03,220.73,227.46,5.208,0.937,13,28,Rural,Commercial,0,,
C01233,2,139.73,134.89,94.59,45.14,223.35,0.948,0.916,4,28,Rural,Residential,0,134.89,134.89
C00834,3,246.37,245.97,146.06,100.31,236.02,1.579,0.918,17,28,Rural,Residential,0,264.16,264.16
C00976,4,240.5,212.69,163.02,77.48,232.06,1.563,0.921,16,28,Urban,Residential,0,190.84333333333333,190.84333333333333
C00214,2,2125.38,2537.72,1240.46,884.92,231.26,14.569,0.876,7,29,Semi-Urban,Industrial,0,2537.72,2537.72
C01420,1,777.49,,545.07,232.42,231.45,4.713,0.99,15,30,Semi-Urban,Commercial,0,,
C00135,1,3797.28,,2791.22,1006.06,224.51,26.315,0.893,5,30,Urban,Industrial,0,,
C01068,3,358.34,281.75,261.16,97.18,233.78,2.414,0.882,12,30,Rural,Residential,0,306.615,306.615
C00260,2,229.88,226.88,130.63,99.25,228.62,1.49,0.937,8,30,Semi-Urban,Residential,0,226.88,226.88
C01429,6,369.74,351.94,206.05,163.7,232.09,2.262,0.978,2,30,Rural,Residential,0,343.78,281.878
C00532,5,2933.78,3322.78,2074.92,858.86,233.68,18.929,0.921,16,30,Rural,Industrial,0,2931.1133333333332,2884.265
C00762,1,1079.07,,636.8,442.27,228.0,7.807,0.842,2,29,Rural,Commercial,0,,
C00801,3,301.37,245.24,210.76,90.6,225.93,2.111,0.878,10,30,Urban,Residential,0,244.54500000000002,244.54500000000002
C01457,6,145.33,126.26,103.18,42.14,237.57,0.941,0.903,19,30,Semi-Urban,Residential,0,136.87,131.10999999999999
C01195,3,297.9,285.89,216.13,81.77,224.0,1.98,0.933,11,29,Urban,Residential,0,266.68,266.68
C00807,6,329.36,391.56,226.5,102.86,229.55,2.12,0.94,14,30,Urban,Residential,0,195.48666666666668,234.32200000000003
C00600,1,261.94,,193.14,68.8,224.45,1.67,0.971,13,28,Urban,Residential,0,,
C01006,6,570.04,615.71,337.04,233.0,227.7,3.585,0.97,0,29,Urban,Commercial,0,572.15,520.638
C01143,1,197.73,,114.74,82.99,233.31,1.355,0.868,9,28,Urban,Residential,0,,
C01160,5,339.23,109.87,205.92,133.31,229.6,2.309,0.889,10,29,Urban,Residential,0,257.84333333333336,265.895
C00321,1,3879.77,,2722.89,1156.88,223.36,26.807,0.9,18,30,Semi-Urban,Industrial,0,,
C00086,4,264.74,176.44,180.9,83.84,236.74,1.746,0.889,18,28,Semi-Urban,Residential,0,172.82666666666668,172.82666666666668
C00697,2,249.48,282.47,183.43,66.05,237.14,1.651,0.885,15,30,Urban,Residential,0,282.47,282.47
C01141,4,152.95,136.65,108.15,44.81,232.83,1.029,0.887,16,30,Urban,Residential,0,126.33333333333333,126.33333333333333
C00219,1,162.62,,93.77,68.85,227.04,1.063,0.936,9,28,Semi-Urban,Residential,0,,
C00945,4,576.71,646.54,390.74,185.97,227.75,,0.884,7,30,Urban,Commercial,0,525.39,525.39
C00153,3,233.59,202.63,154.52,79.07,236.36,1.558,0.881,14,29,Urban,Residential,0,232.075,232.075
C00576,3,996.48,810.51,660.66,335.81,231.73,6.452,0.926,9,29,Urban,Commercial,0,822.685,822.685
C00616,6,275.67,371.24,169.01,106.66,235.14,3.664,0.444,10,29,Urban,Residential,1,370.6466666666667,356.63800000000003
C00708,1,201.71,,124.18,77.53,225.25,1.468,0.847,4,30,Rural,Residential,0,,
C00527,1,251.95,,184.93,67.02,227.07,1.557,0.99,7,30,Semi-Urban,Residential,0,,
C00367,3,364.72,770.82,205.06,159.66,235.26,2.486,0.866,12,29,Semi-Urban,Commercial,0,713.55,713.55
C01307,5,225.65,132.26,166.84,58.81,227.72,1.39,0.99,4,30,Rural,Residential,0,188.15333333333334,189.7875
C00130,1,726.89,,497.49,229.4,224.62,4.675,0.961,4,30,Urban,Commercial,0,,
C00738,4,152.38,138.01,103.44,48.94,234.03,0.99,0.913,18,30,Urban,Residential,0,121.81,121.81
C01026,1,455.3,,340.34,114.96,228.24,2.931,0.945,17,30,Rural,Commercial,0,,
C01017,2,191.07,193.63,111.94,79.13,229.64,1.295,0.892,10,30,Semi-Urban,Residential,0,193.63,193.63
C00158,2,212.11,236.08,138.84,73.27,233.75,1.369,0.921,4,29,Urban,Residential,0,236.08,236.08
C00138,1,116.82,,73.62,43.2,244.2,0.674,0.985,12,29,Rural,Residential,0,,
C01147,3,2788.19,2458.68,1700.01,1088.19,230.6,18.217,0.922,12,28,Semi-Urban,Industrial,0,2522.225,2522.225
C00835,2,3392.37,4258.78,2229.84,1162.52,223.41,21.536,0.979,3,30,Rural,Industrial,0,4258.78,4258.78
C01103,1,204.91,,114.32,90.59,226.56,1.363,0.922,8,28,Urban,Residential,0,,
C00713,6,1295.96,1109.54,783.78,512.18,227.62,7.987,0.99,19,29,Semi-Urban,Commercial,0,1170.0533333333333,1041.71
C00028,3,293.44,273.01,214.94,78.5,233.26,2.039,0.857,14,29,Urban,Residential,0,270.25,270.25
C00937,4,691.13,620.53,434.68,256.45,234.02,4.258,0.963,18,29,Urban,Commercial,0,559.5133333333333,559.5133333333333
C00758,6,4902.21,1891.3,2712.95,2189.26,228.78,31.589,0.942,9,30,Urban,Industrial,0,3855.863333333333,3859.638
C00664,6,217.57,200.98,135.84,81.74,,1.454,0.902,18,30,Semi-Urban,Residential,0,187.31333333333336,172.60399999999998
C00424,1,225.92,,135.24,90.68,222.94,1.571,0.896,9,30,Urban,Residential,0,,
C01160,4,109.87,357.75,76.88,32.99,231.86,0.675,0.976,10,30,Urban,Residential,0,317.90333333333336,317.90333333333336
C00532,6,2776.89,2933.78,2076.34,700.55,224.9,19.326,0.887,16,28,Rural,Industrial,0,3128.896666666667,2894.168
C00219,4,203.87,179.37,150.85,53.02,220.67,1.332,0.964,9,29,Semi-Urban,Residential,0,163.78333333333333,163.78333333333333
C01407,2,894.3,904.14,590.53,303.77,240.4,5.937,0.87,4,29,Semi-Urban,Commercial,0,904.14,904.14
C00868,6,1586.3,1760.97,1180.65,405.65,234.68,9.783,0.96,5,29,Rural,Industrial,0,1739.2033333333336,1613.102
C01434,3,164.51,106.21,122.59,41.93,232.95,1.139,0.861,3,28,Semi-Urban,Residential,0,131.35999999999999,131.35999999999999
C01265,2,102.98,118.37,72.93,30.04,226.41,0.666,0.948,8,30,Urban,Residential,0,118.37,118.37
C00898,2,189.52,221.44,117.98,71.55,242.82,1.215,0.892,1,30,Semi-Urban,Residential,0,221.44,221.44
C00510,1,181.2,,125.75,55.45,230.42,1.166,0.937,0,30,Urban,Residential,0,,
C00613,4,165.9,131.02,108.75,57.15,221.73,1.104,0.941,5,29,Semi-Urban,Residential,0,135.82666666666668,135.82666666666668
C01297,1,269.74,,184.72,85.02,232.04,1.811,0.891,15,30,Semi-Urban,Residential,0,,
C01204,1,242.79,,171.22,71.57,227.19,1.634,0.908,16,30,Urban,Residential,0,,
C01121,3,166.28,146.12,113.07,53.21,234.7,1.086,0.906,0,30,Urban,Residential,0,148.065,148.065
C00551,1,279.36,,195.36,84.0,238.19,1.707,0.954,8,28,Rural,Residential,0,,
C00552,5,285.13,314.23,192.36,92.78,227.15,1.933,0.902,18,28,Rural,Residential,0,251.17333333333332,242.615
C01151,5,150.02,143.55,105.82,44.2,225.31,1.056,0.876,14,29,Urban,Residential,0,106.79,114.30250000000001
C01204,4,308.56,237.17,182.42,126.13,233.6,1.958,0.937,16,29,Urban,Residential,0,230.21666666666667,230.21666666666667
C00055,4,151.19,113.72,104.91,46.27,219.18,0.984,0.974,0,29,Urban,Residential,0,113.40666666666668,113.40666666666668
C00982,1,289.74,,185.56,104.18,228.34,1.999,0.881,7,28,Semi-Urban,Residential,0,,
C00416,1,196.35,,144.0,52.35,229.88,1.277,0.929,8,30,Rural,Residential,0,,
C01461,1,135.97,,96.04,39.93,233.85,0.855,0.945,12,30,Rural,Residential,0,,
C01018,2,240.49,225.52,151.7,88.8,227.58,1.521,0.965,4,30,Semi-Urban,Residential,0,225.52,225.52
C00993,3,324.6,232.51,232.93,91.67,225.09,2.276,0.88,1,29,Urban,Residential,0,263.71000000000004,263.71000000000004
C01456,4,150.49,55.73,83.65,66.84,234.83,0.96,0.927,19,30,Semi-Urban,Residential,0,98.81666666666666,98.81666666666666
C00735,5,317.5,310.36,181.14,136.36,223.29,2.203,0.896,1,30,Urban,Residential,0,248.38000000000002,260.45000000000005
C00139,5,484.47,510.97,298.27,186.21,232.18,3.193,0.908,7,28,Semi-Urban,Commercial,0,413.90000000000003,416.2525
C00514,2,221.67,232.86,161.61,60.05,235.61,1.367,0.956,7,30,Semi-Urban,Residential,0,232.86,232.86
C01253,5,181.43,161.05,114.14,67.3,227.37,1.217,0.911,7,30,Urban,Residential,0,149.97666666666666,145.2625
C00578,1,342.58,,201.06,141.52,228.48,2.191,0.951,1,28,Rural,Residential,0,,
C00883,6,6027.47,6121.59,3945.94,2081.54,229.14,41.942,0.871,19,30,Urban,Industrial,0,5606.866666666666,5158.946
C00304,6,941.23,1036.28,539.27,401.96,231.98,6.622,0.851,6,30,Urban,Commercial,0,1013.5766666666667,954.5380000000001
C01274,6,357.3,360.89,197.83,159.47,228.37,2.241,0.97,7,30,Urban,Residential,0,359.4166666666667,320.538
C00010,1,148.46,,108.14,40.33,227.47,1.047,0.866,9,28,Urban,Residential,0,,
C01039,3,129.83,113.76,85.89,43.95,232.6,0.854,0.907,16,30,Semi-Urban,Residential,0,127.50999999999999,127.50999999999999
C00678,3,365.43,292.7,209.99,155.44,231.29,2.401,0.914,19,29,Urban,Residential,0,312.445,312.445
C00576,2,810.51,834.86,483.44,327.08,219.91,5.915,0.865,9,28,Urban,Commercial,0,834.86,834.86
C01051,6,981.38,1137.38,704.13,277.25,231.68,,0.921,11,30,Semi-Urban,Commercial,0,1066.3566666666668,890.702
C00317,6,477.46,488.25,346.06,131.41,229.2,3.316,0.872,13,30,Semi-Urban,Commercial,0,448.51,440.12399999999997
C00247,6,201.05,232.69,144.25,56.8,235.9,1.381,0.857,2,28,Rural,Residential,0,211.14666666666665,199.73399999999998
C00813,2,336.1,330.96,237.72,98.38,231.01,2.196,0.92,5,30,Rural,Residential,0,330.96,330.96
C00816,6,239.82,220.21,148.19,91.63,226.53,1.615,0.91,4,30,Urban,Residential,0,235.71666666666667,227.97200000000004
C01302,5,188.72,160.2,114.15,74.57,231.35,1.207,0.939,12,28,Urban,Residential,0,156.39999999999998,149.45
C00692,5,145.72,150.9,82.23,63.49,236.44,,0.977,9,28,Semi-Urban,Residential,0,150.42333333333335,142.85750000000002
C01179,1,836.3,,534.3,302.01,233.76,5.45,0.912,5,30,Urban,Commercial,0,,
C00556,6,409.46,385.98,235.07,174.38,234.71,2.896,0.837,6,29,Urban,Residential,0,364.4533333333334,312.21400000000006
C01003,5,1193.94,1326.74,667.82,526.12,222.34,8.411,0.887,13,30,Rural,Commercial,0,1107.9966666666667,1076.6025
C01302,6,154.89,188.72,100.78,54.11,238.06,1.033,0.874,12,28,Urban,Residential,0,171.4433333333333,157.304
C00822,1,243.22,,139.78,103.44,,1.717,0.849,2,30,Urban,Residential,0,,
C00158,5,303.98,278.93,174.9,129.08,231.04,1.906,0.959,4,29,Urban,Residential,0,251.4666666666667,247.62
C00967,2,308.35,228.77,202.53,105.82,237.83,1.951,0.923,0,30,Rural,Residential,0,228.77,228.77
C00549,6,391.47,375.94,215.31,176.16,237.54,2.659,0.861,18,30,Urban,Residential,0,352.2033333333333,325.004
C00361,2,120.24,115.68,82.98,37.26,226.78,0.83,0.887,7,30,Urban,Residential,0,115.68,115.68
C01482,6,300.77,410.74,214.74,86.03,235.85,1.987,0.892,5,29,Urban,Residential,0,297.18333333333334,282.62399999999997
C00848,2,320.34,300.31,234.88,85.46,235.54,2.191,0.862,5,30,Urban,Residential,0,300.31,300.31
C01108,4,246.45,183.29,173.6,72.84,221.67,1.587,0.973,0,30,Semi-Urban,Residential,0,150.52666666666667,150.52666666666667
C01380,2,769.5,589.03,521.42,248.09,227.06,4.907,0.959,10,30,Urban,Commercial,0,589.03,589.03
C00510,4,214.29,222.27,123.31,90.98,225.59,1.417,0.931,0,28,Urban,Residential,0,190.62666666666667,190.62666666666667
C01224,5,229.06,186.38,170.23,58.83,224.82,1.457,0.971,15,30,Semi-Urban,Residential,0,182.54666666666665,182.215
C00916,1,288.16,,210.87,77.29,232.76,1.773,0.97,3,29,Urban,Residential,0,,
C01123,2,753.11,939.07,441.93,311.18,237.52,4.999,0.881,7,30,Urban,Commercial,0,939.07,939.07
C00129,1,210.78,,149.54,61.23,,1.396,0.935,6,30,Urban,Residential,0,,
C00345,2,174.09,203.02,129.89,44.2,234.61,1.134,0.909,2,29,Urban,Residential,0,203.02,203.02
C01432,2,298.12,302.25,208.19,89.93,229.93,1.999,0.901,17,30,Semi-Urban,Residential,0,302.25,302.25
C00583,4,181.21,190.37,111.66,69.54,230.43,1.207,0.905,4,29,Urban,Residential,0,180.8033333333333,180.8033333333333
C01219,4,211.13,178.39,133.09,78.04,232.75,1.361,0.926,10,29,Urban,Residential,0,171.37666666666667,171.37666666666667
C00048,4,258.61,218.78,168.48,90.13,228.4,1.771,0.888,5,30,Semi-Urban,Residential,0,198.70666666666668,198.70666666666668
C00251,1,201.13,,142.4,58.73,223.4,1.337,0.935,9,30,Urban,Residential,0,,
C00755,1,151.61,,110.68,40.93,231.13,0.926,0.984,12,29,Urban,Residential,0,,
C01418,2,665.2,815.49,388.63,276.57,218.27,4.276,0.99,1,30,Urban,Commercial,0,815.49,815.49
C00389,5,260.15,222.01,184.86,75.29,226.62,1.849,0.862,13,29,Urban,Residential,0,214.98000000000002,195.9275
C00453,6,353.11,413.21,239.99,113.13,233.83,2.435,0.861,16,30,Rural,Residential,0,356.14333333333326,328.262
C00347,4,5473.29,5311.8,3191.41,2281.88,231.86,35.379,0.927,9,30,Urban,Industrial,0,4482.176666666667,4482.176666666667
C00565,6,4180.84,4134.47,2831.45,1349.38,227.16,28.948,0.883,5,30,Semi-Urban,Industrial,0,4055.4,3642.0919999999996
C00121,3,1255.32,1083.32,796.55,458.77,228.8,8.28,0.92,17,30,Urban,Commercial,0,1002.56,1002.56
C00159,4,135.38,35.67,76.59,58.79,233.12,0.921,0.876,8,30,Urban,Residential,0,83.58999999999999,83.58999999999999
C00414,5,342.66,367.2,205.1,137.57,232.54,2.102,0.974,18,30,Semi-Urban,Residential,0,349.8066666666667,338.0675
C00378,1,546.33,,395.67,150.66,227.56,3.596,,12,28,Urban,Commercial,0,,
C00165,6,162.51,156.76,97.0,65.51,221.73,1.159,0.879,13,29,Semi-Urban,Residential,0,146.04,134.71200000000002
C00536,3,192.17,251.49,124.77,67.41,221.54,,0.98,18,28,Semi-Urban,Residential,1,256.99,256.99
C00294,2,113.39,118.43,64.15,49.24,224.94,0.767,0.913,6,30,Rural,Residential,0,118.43,118.43
C01351,5,390.69,367.61,270.48,120.21,232.22,2.428,0.963,9,30,Urban,Residential,0,309.75333333333333,307.86
C00738,1,124.64,,72.16,52.48,234.05,0.789,0.937,18,28,Urban,Residential,0,,
C01118,3,195.8,217.62,124.71,71.09,233.72,1.303,0.893,10,29,Rural,Residential,0,207.26999999999998,207.26999999999998
C00914,2,418.63,319.87,245.68,172.95,231.15,2.633,0.955,17,30,Semi-Urban,Commercial,0,319.87,319.87
C00288,3,717.19,750.59,487.12,230.07,224.17,4.54,0.979,1,29,Rural,Commercial,0,665.25,665.25
C00864,5,310.98,342.27,204.7,106.28,227.73,2.022,0.938,10,29,Urban,Residential,0,283.31666666666666,278.745
C01421,4,225.88,218.57,151.84,74.04,232.12,1.451,0.932,6,30,Rural,Residential,0,190.41,190.41
C00057,6,812.36,1023.58,456.9,355.45,231.65,5.155,0.945,7,28,Semi-Urban,Commercial,0,928.9533333333334,842.57
C00617,6,389.8,317.21,224.09,165.71,227.79,2.534,0.938,3,28,Semi-Urban,Residential,0,338.69,332.56399999999996
C00708,2,159.71,201.71,87.92,71.79,239.27,0.968,0.958,4,30,Rural,Residential,0,201.71,201.71
C00115,5,1295.95,1357.21,719.16,576.79,231.6,8.508,0.913,18,30,Urban,Commercial,0,1214.54,1146.8075000000001
C00573,1,4066.09,,2630.17,1435.92,244.95,26.287,0.877,0,29,Semi-Urban,Industrial,0,,
C00868,2,1603.25,1244.65,1181.49,421.76,226.1,10.409,0.946,5,30,Rural,Industrial,0,1244.65,1244.65
C00825,1,3344.99,,2389.93,955.07,233.96,21.016,0.945,15,29,Rural,Industrial,0,,
C00162,1,148.52,,94.46,54.06,224.25,1.02,0.902,15,30,Urban,Residential,0,,
C00521,1,286.05,,158.79,127.26,223.2,1.803,0.987,7,29,Urban,Residential,0,,
C01496,2,3416.25,3827.25,2015.25,1401.0,235.35,21.776,0.926,13,30,Semi-Urban,Industrial,0,3827.25,3827.25
C00368,2,4146.77,4080.62,2403.61,1743.15,223.11,30.646,0.842,3,28,Semi-Urban,Industrial,0,4080.62,4080.62
C00453,2,275.19,297.69,193.91,81.28,231.71,1.7,0.97,16,29,Rural,Residential,0,297.69,297.69
C00793,6,1275.48,1119.34,825.99,449.49,219.87,8.831,0.912,9,30,Urban,Commercial,0,1139.4399999999998,1048.758
C00850,5,2129.26,2636.6,1481.91,647.35,228.03,14.354,0.903,5,30,Urban,Industrial,0,2268.2033333333334,2269.6
C01410,3,91.47,163.78,36.87,54.61,228.41,1.13,0.492,6,25,Urban,Residential,1,148.56,148.56
C01438,6,396.59,401.0,221.57,175.02,223.6,2.713,0.908,15,30,Semi-Urban,Residential,0,355.3433333333333,335.428
C01054,3,221.21,180.98,154.25,66.97,221.25,1.497,0.927,6,29,Rural,Residential,0,176.905,176.905
C00881,1,1029.74,,669.62,360.12,231.32,6.245,0.99,13,28,Semi-Urban,Commercial,0,,
C00996,6,301.12,287.84,210.48,90.63,228.15,1.945,0.943,1,29,Rural,Residential,0,301.82,284.842
C00596,3,261.16,245.86,192.32,68.84,229.42,1.669,0.947,5,28,Urban,Residential,0,266.385,266.385
C00801,6,307.55,344.33,215.04,92.51,218.03,2.166,0.905,10,30,Urban,Residential,0,322.20666666666665,291.142
C00884,2,414.15,397.66,235.63,178.52,230.79,2.517,0.99,13,30,Rural,Commercial,0,397.66,397.66
C00332,5,457.62,332.41,303.36,154.26,221.02,3.302,0.871,1,28,Urban,Residential,0,324.7866666666667,320.0825
C00687,5,319.56,347.83,211.57,107.98,221.04,2.171,0.925,17,30,Urban,Residential,0,304.43,291.75
C00794,2,244.25,216.69,167.02,77.23,233.43,1.468,0.99,10,28,Urban,Residential,0,216.69,216.69
C01350,4,325.3,290.42,192.16,133.14,225.6,2.029,0.987,19,28,Urban,Residential,0,270.1033333333333,270.1033333333333
C00884,1,397.66,,284.66,113.0,218.96,2.829,0.892,13,30,Rural,Commercial,0,,
C01404,3,1012.28,887.41,563.79,448.49,228.44,6.57,0.937,14,28,Semi-Urban,Commercial,0,869.23,869.23
C00829,4,295.15,115.05,218.61,76.54,228.76,1.892,0.947,13,28,Urban,Residential,0,179.07333333333335,179.07333333333335
C00160,1,123.73,,85.84,37.89,225.88,0.836,0.91,10,30,Semi-Urban,Residential,0,,
C00840,1,917.36,,576.25,341.11,224.62,6.203,0.914,4,30,Semi-Urban,Commercial,0,,
C01131,4,143.12,138.84,90.29,52.82,230.52,0.953,0.905,9,30,Rural,Residential,0,121.48666666666668,121.48666666666668
C00601,1,250.87,,143.67,107.2,236.11,1.555,0.949,19,30,Rural,Residential,0,,
C01082,5,623.42,651.04,414.06,209.36,222.7,4.269,0.911,9,30,Urban,Commercial,0,538.1066666666667,534.1925
C01437,6,159.84,180.06,98.38,61.46,232.38,0.991,0.964,0,29,Semi-Urban,Residential,0,159.21666666666667,152.744
C00080,1,256.08,,153.92,102.16,222.19,1.641,0.975,19,28,Semi-Urban,Residential,0,,
C01357,1,194.23,,119.37,74.86,226.12,1.272,0.938,1,30,Urban,Residential,0,,
C00065,2,190.52,237.07,121.08,69.45,234.89,1.266,0.89,10,29,Semi-Urban,Residential,0,237.07,237.07
C01329,6,380.06,324.1,218.98,161.08,237.4,2.539,0.876,7,30,Urban,Residential,0,320.07666666666665,276.326
C00354,5,200.81,204.7,126.31,74.5,233.99,1.313,0.908,13,30,Urban,Residential,0,160.22666666666666,164.0075
C00271,6,358.78,305.51,204.43,154.35,228.6,2.411,0.904,12,29,Semi-Urban,Residential,0,287.73333333333335,262.588
C00090,3,3118.0,2841.42,2247.96,870.04,221.68,19.999,0.977,15,30,Urban,Industrial,0,2774.91,2774.91
C01065,4,356.23,276.61,207.67,148.56,231.52,2.456,0.87,19,29,Urban,Residential,0,278.07666666666665,278.07666666666665
C01453,2,257.65,290.98,163.47,94.19,229.98,1.676,0.928,17,28,Urban,Residential,0,290.98,290.98
C01329,3,296.06,193.34,207.86,88.2,236.67,2.065,0.841,7,29,Urban,Residential,0,210.7,210.7
C00839,5,241.1,184.7,171.2,69.9,226.49,1.662,0.89,5,28,Semi-Urban,Residential,0,188.62333333333333,179.1
C01306,4,289.08,311.87,167.09,121.99,221.22,1.882,0.964,8,30,Semi-Urban,Residential,0,307.46333333333337,307.46333333333337
C00703,1,247.26,,158.72,88.54,229.53,1.746,0.857,16,30,Urban,Residential,0,,
C01077,1,237.56,,132.04,105.52,235.43,1.553,0.902,15,30,Urban,Residential,0,,
C00585,4,1954.1,1861.62,1418.98,535.12,224.33,12.374,0.978,11,30,Semi-Urban,Industrial,0,1655.6466666666665,1655.6466666666665
C00034,4,212.15,166.54,143.14,69.01,230.38,1.32,0.969,2,28,Semi-Urban,Residential,0,169.38333333333333,169.38333333333333
C01218,3,147.5,112.3,87.43,60.07,,0.959,0.942,4,29,Semi-Urban,Residential,0,103.06,103.06
C00223,1,187.82,,126.3,61.52,227.82,1.19,0.962,19,28,Semi-Urban,Residential,0,,
C01186,3,293.92,305.91,166.36,127.57,234.63,1.77,0.983,9,28,Rural,Residential,0,333.475,333.475
C00584,5,166.65,62.27,117.56,49.08,240.34,1.702,0.566,3,30,Urban,Residential,1,157.52666666666667,173.35500000000002
C00452,3,177.03,158.05,101.06,75.97,229.74,1.18,0.907,1,29,Urban,Residential,0,155.695,155.695
C01006,1,480.18,,276.92,203.26,231.54,3.129,0.92,0,30,Urban,Commercial,0,,
C00839,4,184.7,203.34,101.95,82.75,234.72,1.195,0.915,5,30,Semi-Urban,Residential,0,177.23333333333335,177.23333333333335
C01086,5,1127.8,1039.12,693.41,434.39,233.2,6.785,0.99,12,30,Semi-Urban,Commercial,0,1057.6433333333332,1014.77
C00778,1,155.05,,116.09,38.97,224.13,1.058,0.908,5,30,Semi-Urban,Residential,0,,
C00671,2,260.77,253.28,166.77,94.0,230.48,1.653,0.951,6,30,Rural,Residential,0,253.28,253.28
C00310,1,194.69,,119.8,74.89,230.09,1.275,0.922,18,29,Rural,Residential,0,,
C01421,3,218.57,173.3,150.76,67.82,226.51,1.354,0.99,6,28,Rural,Residential,0,176.33,176.33
C00479,5,252.53,263.42,188.02,64.51,240.2,1.627,0.898,1,30,Urban,Residential,0,192.7166666666667,187.655
C00506,1,165.09,,118.9,46.18,232.06,1.05,0.941,14,29,Urban,Residential,0,,
C00201,6,306.08,259.89,169.09,137.0,221.69,2.204,0.87,19,29,Rural,Residential,0,242.08333333333334,229.68199999999996
C01094,6,1183.58,912.56,782.86,400.72,231.0,7.823,0.91,19,30,Urban,Commercial,0,964.54,939.9119999999999
C00275,2,153.94,126.1,88.09,65.85,231.15,,0.962,13,29,Rural,Residential,0,126.1,126.1
C00570,4,207.49,170.27,127.84,79.65,235.29,1.312,0.933,8,28,Rural,Residential,0,170.76,170.76
C00580,3,195.11,165.76,135.64,59.48,236.98,1.184,0.966,15,30,Urban,Residential,0,153.29,153.29
C01440,1,2644.66,,1695.04,949.62,230.05,18.248,0.875,5,29,Urban,Industrial,0,,
C00477,6,5309.15,5413.53,3068.99,2240.16,227.31,34.819,0.932,5,28,Semi-Urban,Industrial,0,5331.22,5006.01
C00299,5,299.27,370.44,219.56,79.71,227.69,2.029,0.9,12,30,Rural,Residential,0,299.78666666666663,292.0875
C00922,1,349.12,,201.65,147.47,224.11,2.358,0.918,0,30,Rural,Commercial,0,,
C01154,5,330.0,285.8,227.42,102.58,224.47,2.298,0.888,6,29,Rural,Residential,0,264.6166666666667,263.2475
C00633,6,406.49,355.53,266.36,140.13,238.11,2.501,0.948,6,30,Urban,Residential,0,361.5466666666666,332.2
C00562,3,251.82,193.66,145.39,106.43,234.92,1.718,0.867,12,30,Urban,Residential,0,224.57999999999998,224.57999999999998
C00562,2,193.66,255.5,132.12,61.54,225.69,1.289,0.924,12,30,Urban,Residential,0,255.5,255.5
C00589,6,283.39,270.28,203.9,79.48,233.16,1.777,0.95,3,30,Urban,Residential,0,263.79333333333335,240.776
C01200,3,157.46,159.91,60.27,97.19,234.15,1.014,0.921,18,30,Semi-Urban,Residential,1,145.14499999999998,145.14499999999998
C01453,4,387.92,319.44,233.24,154.68,235.11,2.517,0.91,17,30,Urban,Residential,0,289.3566666666666,289.3566666666666
C00852,4,312.71,277.22,197.54,115.18,242.55,2.089,0.857,18,30,Urban,Residential,0,265.5133333333333,265.5133333333333
C01005,1,288.03,,187.42,100.6,232.55,1.826,0.942,18,30,Urban,Residential,0,,
C00575,6,190.5,209.44,108.17,82.33,228.76,1.317,0.878,2,28,Urban,Residential,0,173.42999999999998,160.544
C01328,5,259.52,226.05,148.57,110.96,226.3,1.659,0.96,9,30,Semi-Urban,Residential,0,228.55333333333337,225.24
C00101,4,285.55,222.62,177.64,107.92,232.25,1.801,0.948,1,28,Rural,Residential,0,240.17333333333332,240.17333333333332
C00510,3,222.27,168.41,166.53,55.74,231.25,1.428,0.935,0,29,Urban,Residential,0,174.805,174.805
C01400,6,228.32,233.17,157.12,71.2,230.39,1.532,0.899,5,30,Rural,Residential,0,209.2933333333333,190.89600000000002
C00022,1,446.85,,266.33,180.53,230.48,2.987,0.902,17,28,Urban,Commercial,0,,
C00994,2,799.83,606.12,543.5,256.33,231.04,5.935,0.81,17,28,Urban,Commercial,0,606.12,606.12
C00647,1,955.73,,532.72,423.01,228.94,6.43,0.902,3,30,Rural,Commercial,0,,
C00490,2,230.61,232.09,151.96,78.65,226.34,1.576,0.898,18,30,Rural,Residential,0,232.09,232.09
C01217,5,385.53,352.05,259.2,126.33,223.73,2.843,0.842,14,29,Urban,Residential,0,261.93333333333334,253.03750000000002
C00908,2,216.84,281.56,130.64,86.2,215.9,1.504,0.927,7,29,Semi-Urban,Residential,0,281.56,281.56
C01192,6,194.13,178.91,130.89,63.24,236.34,1.19,0.959,13,30,Urban,Residential,0,198.15,186.05
C00742,6,305.44,319.67,183.96,121.48,218.24,2.091,0.93,14,30,Urban,Residential,0,320.51,304.73400000000004
C01192,2,179.14,156.66,100.48,78.66,228.82,1.142,0.952,13,29,Urban,Residential,0,156.66,156.66
C00589,4,259.98,261.12,145.4,114.58,233.28,,0.843,3,30,Urban,Residential,0,224.54,224.54
C00456,1,108.81,,69.55,39.26,229.68,0.719,0.915,4,30,Rural,Residential,0,,
C00138,6,142.34,123.49,95.12,47.22,229.01,1.009,0.855,12,30,Rural,Residential,0,128.60333333333332,123.63999999999999
C00274,2,184.31,235.27,115.79,68.51,230.91,1.311,0.846,4,30,Semi-Urban,Residential,0,235.27,235.27
C01299,3,380.13,356.89,211.58,168.55,230.71,2.44,0.938,16,28,Urban,Residential,0,335.15999999999997,335.15999999999997
C01190,3,214.08,201.71,145.37,68.71,231.87,1.38,0.929,1,28,Semi-Urban,Residential,0,186.85500000000002,186.85500000000002
C00165,1,110.18,,74.21,35.97,229.24,0.68,0.982,13,29,Semi-Urban,Residential,0,,
C00547,6,274.58,240.5,189.4,85.18,231.73,1.759,0.936,4,30,Semi-Urban,Residential,0,217.52666666666667,200.35399999999998
C00778,6,211.12,219.08,117.69,93.44,231.4,1.345,0.942,5,30,Semi-Urban,Residential,0,195.44333333333336,183.288
C01298,2,845.11,817.25,591.41,253.7,216.8,5.875,0.922,7,29,Urban,Commercial,0,817.25,817.25
C00365,5,158.2,164.57,100.57,57.63,229.92,1.051,0.909,1,29,Semi-Urban,Residential,0,148.88666666666668,143.67000000000002
C00378,4,680.45,646.53,433.62,246.83,236.11,4.339,0.922,12,29,Urban,Commercial,0,584.9766666666667,584.9766666666667
C00408,2,117.15,117.92,68.53,48.62,223.71,0.799,0.91,9,30,Urban,Residential,0,117.92,117.92
C00061,3,254.74,265.54,145.33,109.41,234.85,1.582,0.952,4,30,Semi-Urban,Residential,0,236.51,236.51
C00392,4,217.46,112.65,150.57,66.89,240.93,1.305,0.961,5,29,Urban,Residential,0,141.71666666666667,141.71666666666667
C00058,4,251.54,234.73,147.91,103.63,230.81,1.642,0.922,0,30,Semi-Urban,Residential,0,200.09333333333333,200.09333333333333
C00136,5,190.03,119.12,53.2,136.83,231.45,1.267,0.9,16,29,Urban,Residential,1,126.02666666666666,131.8675
C01028,5,169.9,164.06,101.74,68.17,227.22,1.133,0.917,12,28,Urban,Residential,0,163.3,157.60500000000002
C00802,2,856.74,757.55,594.23,262.5,225.5,5.703,0.925,8,30,Urban,Commercial,0,757.55,757.55
C00535,2,1483.0,1520.37,1095.33,387.67,230.56,9.024,0.99,5,29,Urban,Industrial,0,1520.37,1520.37
C00433,6,262.52,264.03,160.47,102.05,229.22,1.754,0.907,14,28,Urban,Residential,0,256.6233333333333,235.43199999999996
C00487,4,212.26,146.79,139.38,72.88,223.98,1.441,0.913,5,28,Urban,Residential,0,157.72333333333333,157.72333333333333
C00994,4,261.92,289.8,162.52,99.4,224.73,1.731,0.935,17,15,Urban,Commercial,1,565.25,565.25
C00555,2,157.14,160.03,105.72,51.42,224.96,1.121,0.866,11,29,Urban,Residential,0,160.03,160.03
C00685,3,298.8,225.82,192.02,106.78,230.26,1.976,0.912,9,30,Urban,Residential,0,258.735,258.735
C00964,2,159.31,175.48,113.31,46.0,234.39,0.982,0.961,11,30,Semi-Urban,Residential,0,175.48,175.48
C00353,5,1061.55,895.24,743.43,318.12,227.04,6.657,0.976,9,29,Urban,Commercial,0,853.2566666666667,822.4275
C01242,5,303.04,282.23,183.3,119.74,228.08,1.992,0.926,1,28,Rural,Residential,0,248.64333333333335,248.3
C00306,5,810.64,919.93,486.56,324.08,230.67,5.382,0.907,11,29,Semi-Urban,Commercial,0,744.3266666666667,705.36
C00133,2,320.08,294.29,192.2,127.88,235.15,1.969,0.96,7,30,Urban,Residential,0,294.29,294.29
C01244,2,1981.09,2236.57,1134.21,846.88,232.34,12.981,0.912,14,30,Rural,Industrial,0,2236.57,2236.57
C00326,6,172.36,204.38,127.44,44.93,236.61,1.097,0.922,17,28,Urban,Residential,0,175.01999999999998,162.732
C01150,5,272.61,726.47,201.73,70.88,232.04,1.677,0.973,10,28,Urban,Commercial,0,668.2833333333334,661.9225
C00446,5,3311.99,3442.73,1829.04,1482.95,227.99,22.425,0.9,0,29,Semi-Urban,Industrial,0,3012.5533333333333,2869.9300000000003
C00016,5,433.45,382.89,251.54,181.9,230.91,2.804,0.93,4,29,Semi-Urban,Residential,0,341.19,324.865
C01264,1,238.08,,147.71,90.37,228.3,1.547,0.936,10,30,Urban,Residential,0,,
C00705,2,651.56,595.67,475.43,176.13,227.28,4.473,0.89,14,30,Rural,Commercial,0,595.67,595.67
C00627,1,230.62,,138.13,92.49,225.81,1.532,0.926,9,30,Urban,Residential,0,,
C00482,6,443.32,372.97,272.0,171.32,225.59,3.207,0.851,8,30,Urban,Residential,0,365.86666666666673,340.96799999999996
C00396,2,325.51,295.78,196.97,128.54,226.32,2.172,,9,30,Urban,Residential,0,295.78,295.78
C01468,3,304.91,314.93,196.84,108.07,227.76,1.978,0.94,13,29,Urban,Residential,0,315.355,315.355
C01454,4,296.25,228.53,198.32,97.94,228.35,1.82,0.99,4,29,Rural,Residential,0,207.69000000000003,207.69000000000003
C01239,1,150.41,,100.43,49.98,228.4,0.961,0.951,13,30,Semi-Urban,Residential,0,,
C01415,5,5340.45,5683.33,3505.86,1834.59,238.57,32.362,0.961,9,30,Semi-Urban,Industrial,0,5003.456666666666,4891.175
C00539,1,214.96,,119.06,95.9,229.67,1.313,0.99,4,29,Semi-Urban,Residential,0,,
C01027,3,1082.8,990.78,646.17,436.63,233.7,7.333,0.878,1,29,Semi-Urban,Commercial,0,998.915,998.915
C01311,4,266.25,243.99,198.81,67.44,224.4,1.828,0.901,19,30,Urban,Residential,0,220.39666666666668,220.39666666666668
C01182,6,289.52,292.34,198.26,91.26,227.63,1.907,0.926,15,30,Semi-Urban,Residential,0,264.53666666666663,236.07199999999997
C01060,6,424.4,411.6,262.74,161.66,225.97,3.148,0.829,18,29,Urban,Residential,0,347.9866666666667,321.152
C01000,3,668.29,718.04,437.85,230.44,226.76,4.525,0.905,2,29,Urban,Commercial,0,648.7349999999999,648.7349999999999
C01385,2,631.82,649.83,455.01,176.81,226.95,4.304,0.898,12,28,Semi-Urban,Commercial,0,649.83,649.83
C01419,1,143.97,,100.12,43.85,229.61,0.88,0.99,1,30,Urban,Residential,0,,
C01222,1,191.91,,143.47,48.45,236.95,1.184,0.95,15,29,Semi-Urban,Residential,0,,
C01005,5,372.22,332.65,222.52,149.69,229.47,2.543,0.886,18,30,Urban,Residential,0,329.4866666666667,319.1225
C00476,4,174.48,150.84,113.48,61.01,232.39,1.202,0.868,13,29,Semi-Urban,Residential,0,142.84,142.84
C01446,5,820.31,665.38,522.71,297.6,229.59,5.467,0.908,3,30,Rural,Commercial,0,563.7033333333334,572.1675
C00486,3,4895.49,4459.15,3459.05,1436.44,224.77,35.211,0.859,13,30,Semi-Urban,Industrial,0,4120.87,4120.87
C00311,6,1222.17,1180.04,875.62,346.54,236.93,7.412,0.967,13,30,Semi-Urban,Commercial,0,1164.89,1085.516
C00960,1,124.26,,76.11,48.15,240.06,0.814,0.883,7,30,Rural,Residential,0,,
C00769,5,1608.8,1242.62,973.14,635.65,230.91,10.968,0.882,9,29,Semi-Urban,Commercial,0,1159.1699999999998,1098.0825
C01282,4,255.22,214.71,143.26,111.97,229.47,1.672,0.924,5,29,Urban,Residential,0,207.46666666666667,207.46666666666667
C00310,4,215.29,166.88,153.64,61.66,226.68,1.525,0.865,18,30,Rural,Residential,0,180.57000000000002,180.57000000000002
C00441,6,149.51,140.61,96.3,53.21,230.28,0.97,0.93,9,29,Rural,Residential,0,142.0666666666667,134.06400000000002
C00374,6,4560.15,4699.56,3011.5,1548.65,235.78,29.299,0.917,7,28,Rural,Industrial,0,4574.13,4168.126
C00896,4,321.21,296.29,204.17,117.04,229.87,2.094,0.927,18,28,Urban,Residential,0,258.01,258.01
C00390,3,299.89,253.89,193.3,106.58,233.74,1.835,0.971,9,28,Semi-Urban,Residential,0,276.585,276.585
C00159,3,35.67,117.27,23.38,12.29,230.36,0.226,0.95,8,15,Urban,Residential,1,107.55,107.55
C00187,5,577.98,598.21,346.79,231.19,231.94,3.735,0.927,17,30,Rural,Commercial,0,462.3966666666667,448.0825
C00368,3,4285.57,4146.77,2527.27,1758.3,231.42,26.028,0.988,3,30,Semi-Urban,Industrial,0,4113.695,4113.695
C00070,6,892.2,996.34,568.59,323.62,238.63,5.619,0.924,1,30,Semi-Urban,Commercial,0,997.4066666666668,908.8120000000001
C00154,5,155.64,332.26,114.57,41.08,234.98,1.075,0.855,5,30,Urban,Residential,0,293.7633333333333,275.445
C00902,3,295.61,267.93,181.88,113.73,228.25,1.92,0.937,1,28,Rural,Residential,0,287.97,287.97
C00965,5,174.71,162.4,108.86,65.85,232.04,,0.847,17,30,Rural,Residential,0,140.04999999999998,143.9125
C00958,1,243.08,,156.47,86.6,222.48,1.56,0.973,2,30,Urban,Residential,0,,
C01278,6,201.28,190.58,135.88,65.39,231.72,1.261,0.957,12,30,Urban,Residential,0,170.65666666666667,166.5
C00928,6,260.42,218.69,180.38,80.04,238.52,1.532,0.99,1,30,Urban,Residential,0,224.93666666666664,211.81199999999998
C01356,6,1492.29,969.61,982.66,509.62,229.17,9.71,0.931,6,30,Semi-Urban,Industrial,1,927.4133333333334,1705.6240000000003
C00201,3,203.45,203.31,136.06,67.39,224.64,1.42,,19,28,Rural,Residential,0,211.07999999999998,211.07999999999998
C00961,6,1147.01,1178.7,819.74,327.27,234.25,7.83,0.869,12,30,Rural,Commercial,0,1143.9333333333334,1028.26
C00329,3,907.53,763.15,667.77,239.76,218.57,6.429,0.897,19,29,Rural,Commercial,0,724.56,724.56
C00670,5,189.7,200.24,122.99,66.71,228.06,1.268,0.911,2,28,Urban,Residential,0,173.17,163.7425
C00615,4,221.17,214.57,122.79,98.38,235.7,1.445,0.902,16,28,Rural,Residential,0,183.74333333333334,183.74333333333334
C00333,6,836.43,764.13,500.59,335.84,238.2,5.42,0.9,10,30,Urban,Commercial,0,793.5966666666667,755.2760000000001
C00673,2,154.1,151.46,98.99,55.11,229.1,0.984,0.95,1,29,Semi-Urban,Residential,0,151.46,151.46
C00209,1,185.2,,113.17,72.03,223.53,1.246,0.923,19,29,Urban,Residential,0,,
C00366,3,5367.02,3959.37,3903.95,1463.06,232.84,36.261,0.883,7,30,Urban,Industrial,0,4677.555,4677.555
C00453,1,297.69,,218.4,79.29,228.89,2.085,0.866,16,30,Rural,Residential,0,,
C00366,1,5395.74,,3213.4,2182.35,231.53,33.863,0.956,7,29,Urban,Industrial,0,,
C00779,3,188.81,160.56,116.81,72.0,229.18,1.401,0.817,11,29,Rural,Residential,0,174.34,174.34
C00858,1,1090.13,,702.31,387.82,237.4,7.084,0.9,6,29,Rural,Commercial,0,,
C00998,3,206.14,171.73,129.36,76.78,226.43,1.289,0.981,0,29,Urban,Residential,0,172.11,172.11
C01095,2,236.04,272.46,151.36,84.68,232.83,1.512,0.931,11,30,Rural,Residential,0,272.46,272.46
C01301,5,203.61,206.69,141.47,62.14,235.67,1.212,0.99,8,28,Semi-Urban,Residential,0,180.8066666666667,172.05
C01158,2,144.32,160.53,105.35,38.97,231.57,0.946,0.915,15,29,Semi-Urban,Residential,0,160.53,160.53
C00357,1,225.77,,156.1,69.66,224.37,1.518,0.921,13,28,Rural,Residential,0,,
C00178,4,2085.24,1749.12,1287.39,797.84,231.93,14.305,0.873,3,30,Urban,Industrial,0,1593.2699999999998,1593.2699999999998
C00101,1,202.52,,134.25,68.27,230.36,1.315,0.929,1,30,Rural,Residential,0,,
C00705,4,888.01,807.7,524.99,363.01,232.22,5.77,0.92,14,28,Rural,Commercial,0,684.9766666666666,684.9766666666666
C01263,6,161.93,70.74,97.41,64.53,234.32,1.006,0.954,18,29,Rural,Residential,0,123.68333333333334,118.612
C00013,6,237.43,264.38,139.35,98.08,233.07,1.489,0.95,9,29,Semi-Urban,Residential,0,237.74666666666667,214.064
C01258,5,2784.32,2352.32,1743.18,1041.14,233.35,18.302,0.905,16,30,Rural,Industrial,0,2270.1233333333334,2300.7275
C00484,1,210.15,,138.66,71.49,223.92,1.439,0.906,16,30,Urban,Residential,0,,
C00804,3,291.34,265.43,115.58,175.76,223.05,2.017,0.899,18,30,Urban,Residential,1,244.32999999999998,244.32999999999998
C01402,2,164.06,135.65,110.01,54.05,231.78,1.013,0.97,19,30,Semi-Urban,Residential,0,135.65,135.65
C01069,6,357.11,324.74,235.72,121.39,230.43,2.434,0.884,12,30,Rural,Residential,0,331.58666666666664,309.702
C01335,4,455.71,471.88,260.93,194.78,235.6,2.898,0.927,15,28,Rural,Commercial,0,446.59999999999997,446.59999999999997
C00912,3,4951.13,3792.0,2757.36,2193.77,227.65,32.121,0.94,15,30,Semi-Urban,Industrial,0,4204.215,4204.215
C00992,6,199.33,222.34,146.61,52.72,229.11,1.322,0.914,11,30,Urban,Residential,0,206.4,191.826
C00566,2,322.35,296.66,225.51,96.84,229.14,2.016,0.969,11,29,Urban,Residential,0,296.66,296.66
C00903,4,208.62,136.78,117.62,91.0,229.39,1.495,0.845,5,29,Semi-Urban,Residential,0,127.57000000000001,127.57000000000001
C00427,5,313.08,346.23,178.64,134.44,236.81,1.903,0.965,9,29,Semi-Urban,Residential,0,265.11,257.2975
C01361,3,862.83,686.56,615.89,246.95,230.32,5.433,0.958,5,29,Urban,Commercial,0,656.77,656.77
C00440,2,290.28,258.53,198.54,91.74,227.49,1.901,0.932,12,30,Semi-Urban,Residential,0,258.53,258.53
C00877,1,261.0,,156.44,104.56,235.05,1.693,0.911,16,28,Rural,Residential,0,,
C00589,3,261.12,199.46,184.94,76.18,230.92,1.717,0.915,3,29,Urban,Residential,0,206.25,206.25
C00319,1,3666.09,,2513.47,1152.62,232.07,23.88,0.919,15,29,Urban,Industrial,0,,
C00040,2,156.75,175.46,109.92,46.83,233.87,,0.965,9,30,Rural,Residential,0,175.46,175.46
C00268,3,160.7,149.2,104.79,55.91,231.87,0.972,0.99,17,28,Urban,Residential,0,150.725,150.725
C01331,5,711.54,730.66,403.88,307.66,230.98,4.539,0.943,1,29,Urban,Commercial,0,635.8766666666667,605.255
C00582,5,3727.84,3906.92,2707.14,1020.7,220.69,25.254,0.929,3,30,Rural,Industrial,0,3784.6200000000003,3750.2575
C00333,3,818.15,661.95,517.97,300.18,240.79,5.121,0.921,10,30,Urban,Commercial,0,697.7950000000001,697.7950000000001
C00471,5,1323.33,1254.22,932.68,390.65,228.18,8.591,0.938,18,28,Rural,Commercial,0,1061.1499999999999,1032.0875
C01399,3,231.69,201.82,156.71,74.98,230.62,1.461,0.955,0,29,Urban,Residential,0,202.535,202.535
C00224,5,333.29,335.07,232.64,100.64,233.9,2.267,0.873,15,29,Urban,Residential,0,326.0333333333333,317.3875
C00270,6,389.76,372.99,261.24,128.52,225.16,2.673,0.9,14,30,Urban,Residential,0,343.97,334.276
C00882,2,303.18,283.12,183.56,119.62,229.1,1.867,0.984,3,29,Urban,Residential,0,283.12,283.12
C00344,3,1076.85,997.16,599.01,477.83,230.79,7.285,0.89,15,28,Rural,Commercial,0,1012.0250000000001,1012.0250000000001
C00098,1,187.83,,130.83,56.99,232.76,1.182,0.948,9,30,Semi-Urban,Residential,0,,
C00370,6,323.39,277.59,203.04,120.35,236.07,2.131,0.893,3,30,Rural,Residential,0,258.45,265.474
C01007,3,242.56,191.58,133.54,109.02,222.92,1.678,0.9,11,30,Semi-Urban,Residential,0,218.26,218.26
C00044,3,189.09,151.93,130.32,58.77,223.9,1.268,0.925,9,30,Urban,Residential,0,167.56,167.56
C01411,6,1173.98,1207.49,839.61,334.37,235.71,7.623,0.908,18,30,Urban,Commercial,0,1162.1266666666668,1134.858
C00625,1,223.27,,153.29,69.97,223.62,1.507,0.92,5,30,Urban,Residential,0,,
C00338,5,229.28,252.13,165.0,64.28,232.28,1.651,0.83,17,30,Rural,Residential,0,226.1,218.12
C01165,5,189.99,208.84,105.67,84.31,229.19,1.226,0.939,9,29,Urban,Residential,0,188.67,187.2125
C00706,5,232.52,201.97,160.02,72.5,,1.518,0.921,1,30,Semi-Urban,Residential,0,209.5233333333333,203.6025
C00320,4,327.29,318.24,225.67,101.62,230.0,2.178,0.908,8,28,Urban,Residential,0,283.81,283.81
C00305,5,208.83,238.63,127.42,81.42,221.33,1.57,0.835,19,30,Rural,Residential,0,217.14,207.0675
C01039,6,164.52,148.28,115.16,49.36,232.81,1.065,0.921,16,29,Semi-Urban,Residential,0,149.01000000000002,140.41
C01406,5,1181.97,1122.46,684.01,497.96,224.61,7.383,0.99,14,30,Rural,Commercial,0,1043.4266666666665,957.06
C01048,2,543.01,504.6,367.6,175.4,231.66,3.316,0.982,5,28,Semi-Urban,Commercial,0,504.6,504.6
C00702,3,897.36,818.61,577.04,320.32,228.49,6.101,0.894,10,30,Urban,Commercial,0,844.56,844.56
C00038,3,257.63,243.38,158.3,99.33,234.81,1.66,0.918,13,28,Rural,Residential,0,226.79,226.79
C01079,2,1032.24,1018.04,770.88,261.36,234.7,6.505,0.939,0,28,Semi-Urban,Commercial,0,1018.04,1018.04
C01419,3,185.45,139.9,131.62,53.83,228.46,1.164,0.969,1,29,Urban,Residential,0,141.935,141.935
C00142,1,331.92,,214.22,117.69,230.71,2.018,0.99,10,30,Urban,Residential,0,,
C00715,6,246.36,255.02,175.65,70.71,240.62,1.54,0.924,5,29,Urban,Residential,0,218.06000000000003,200.198
C00927,5,640.36,611.76,364.57,275.79,229.93,4.223,0.916,1,28,Semi-Urban,Commercial,0,571.5733333333334,554.935
C00426,2,266.83,269.55,157.86,108.97,229.04,1.697,0.953,10,30,Rural,Residential,0,269.55,269.55
C00020,4,1384.93,1112.54,945.92,439.01,238.1,8.22,0.983,11,28,Urban,Commercial,0,1160.4966666666667,1160.4966666666667
C00995,3,185.95,150.11,108.14,77.81,222.2,1.174,0.99,3,29,Urban,Residential,0,144.335,144.335
C01366,6,211.37,231.65,156.69,54.68,235.68,1.437,0.867,11,29,Rural,Residential,0,217.24,195.42000000000002
C01249,2,211.59,185.95,155.2,56.39,229.76,1.363,0.938,9,30,Semi-Urban,Residential,0,185.95,185.95
C00001,6,320.63,312.65,212.75,107.88,223.11,2.203,0.906,6,28,Rural,Residential,0,319.97666666666663,286.464
C00891,3,155.04,164.83,111.45,43.59,231.91,1.046,0.888,4,30,Semi-Urban,Residential,0,141.35000000000002,141.35000000000002
C00721,5,96.01,300.02,70.21,25.8,227.82,0.63,0.929,16,25,Rural,Residential,1,283.99666666666667,279.85749999999996
C00178,2,1693.24,1337.45,1252.04,441.2,233.75,11.228,0.896,3,28,Urban,Industrial,0,1337.45,1337.45
C00432,5,319.75,281.42,206.96,112.79,228.18,2.13,0.914,12,29,Rural,Residential,0,277.21333333333337,270.6875
C00623,4,371.15,308.86,273.16,97.99,233.34,,0.928,1,30,Semi-Urban,Residential,0,271.90333333333336,271.90333333333336
C00587,2,198.41,233.33,134.15,64.27,221.87,1.313,0.946,0,28,Semi-Urban,Residential,0,233.33,233.33
C01165,3,167.28,189.89,111.17,56.12,228.12,1.042,0.977,9,29,Urban,Residential,0,186.365,186.365
C01128,6,937.48,927.6,665.74,271.75,231.39,5.958,0.945,10,30,Urban,Commercial,0,976.5,883.152
C00938,1,530.61,,297.02,233.59,227.67,3.336,0.97,10,30,Semi-Urban,Commercial,0,,
C00268,4,178.08,160.7,100.9,77.18,227.08,1.282,0.849,17,28,Urban,Residential,0,154.04999999999998,154.04999999999998
C00289,6,287.43,243.96,184.47,102.96,220.44,1.829,0.99,15,30,Urban,Residential,0,242.0,233.47799999999998
C01408,2,269.88,334.95,177.4,92.48,238.93,1.673,0.938,16,28,Urban,Residential,0,334.95,334.95
C00636,3,799.03,829.04,451.96,347.08,228.71,5.483,0.885,10,29,Urban,Commercial,0,831.79,831.79
C01450,5,138.47,175.74,58.14,80.33,231.76,1.33,0.624,11,15,Urban,Residential,1,122.91666666666667,135.08
C00294,4,156.4,143.31,103.44,52.96,232.2,0.971,0.964,6,28,Rural,Residential,0,125.04333333333334,125.04333333333334
C00901,2,257.58,247.67,167.31,90.27,230.54,1.748,,18,30,Rural,Residential,0,247.67,247.67
C00457,4,277.11,204.99,175.31,101.79,228.0,1.803,0.936,5,30,Rural,Residential,0,173.73333333333335,173.73333333333335
C00413,1,845.75,,497.34,348.41,223.23,5.539,0.95,13,29,Semi-Urban,Commercial,0,,
C01124,1,829.53,,584.46,245.07,221.9,5.244,0.99,12,30,Rural,Commercial,0,,
C01149,4,1845.19,1735.18,1125.65,719.54,229.62,,0.846,1,28,Urban,Industrial,0,1599.1033333333332,1599.1033333333332
C01324,6,633.43,683.07,465.26,168.17,230.96,3.917,0.973,14,30,Urban,Commercial,0,679.4233333333333,648.038
C00702,1,870.51,,596.39,274.12,224.32,5.984,0.901,10,28,Urban,Commercial,0,,
C01062,6,5620.4,4973.63,4019.21,1601.19,233.64,36.72,0.91,10,30,Urban,Industrial,0,5645.68,5078.9400000000005
C00039,5,3398.4,3242.56,2386.44,1011.96,231.64,21.314,0.956,6,28,Semi-Urban,Industrial,0,2707.813333333333,2605.2625
C01377,3,196.93,167.47,146.67,50.26,231.31,1.23,0.961,0,30,Rural,Residential,0,164.965,164.965
C01261,2,257.4,252.86,180.31,77.08,224.06,1.706,0.935,19,29,Urban,Residential,0,252.86,252.86
C01029,1,191.1,,118.56,72.53,228.53,1.399,0.83,17,30,Semi-Urban,Residential,0,,
C00600,3,256.32,216.46,185.05,71.27,232.47,1.701,0.901,13,30,Urban,Residential,0,239.2,239.2
C01049,1,975.06,,660.07,314.99,221.44,6.62,0.924,11,30,Rural,Commercial,0,,
C00773,1,1011.63,,594.97,416.66,229.43,6.337,0.966,9,29,Urban,Commercial,0,,
C00021,6,215.64,217.16,132.1,83.55,223.75,1.352,0.99,2,28,Semi-Urban,Residential,0,227.44333333333336,205.82199999999997
C01274,4,420.71,296.65,269.91,150.8,232.11,2.762,0.911,7,29,Urban,Residential,0,273.69666666666666,273.69666666666666
C01039,2,113.76,141.26,73.95,39.81,227.09,0.767,0.907,16,30,Semi-Urban,Residential,0,141.26,141.26
C00217,1,311.03,,214.62,96.41,233.06,2.052,0.903,14,30,Urban,Residential,0,,
C00330,3,212.4,244.35,142.38,70.02,230.97,1.478,0.864,2,30,Rural,Residential,0,217.765,217.765
C01428,6,305.61,318.21,205.03,100.58,224.31,2.067,0.915,8,29,Rural,Residential,0,301.3866666666666,277.97999999999996
C00959,3,1008.52,987.19,691.63,316.89,217.64,7.481,0.86,9,30,Urban,Commercial,0,914.445,914.445
C01359,5,387.04,365.95,244.54,142.5,229.44,2.462,0.952,8,28,Urban,Residential,0,268.12666666666667,272.0475
C00515,3,181.98,152.07,124.38,57.6,231.32,1.195,0.914,8,29,Semi-Urban,Residential,0,172.82,172.82
C01397,6,147.1,148.25,88.56,58.54,239.2,0.882,0.968,14,29,Urban,Residential,0,141.38333333333333,130.524
C01148,1,986.22,,737.62,248.6,224.08,6.419,0.952,12,30,Semi-Urban,Commercial,0,,
C01402,5,194.75,184.24,136.85,57.9,227.54,1.357,0.876,19,30,Semi-Urban,Residential,0,173.25,163.85
C01279,6,263.22,249.58,188.08,75.13,226.74,1.691,0.953,2,29,Urban,Residential,0,236.58,217.06199999999998
C00558,4,161.86,184.53,116.63,45.23,234.46,1.01,0.949,5,29,Semi-Urban,Residential,0,153.65333333333334,153.65333333333334
C01363,1,239.7,,172.67,67.03,229.21,1.643,0.884,17,29,Semi-Urban,Residential,0,,
C01420,5,1075.26,1204.48,789.96,285.3,230.95,6.779,0.954,15,30,Semi-Urban,Commercial,0,951.2333333333332,907.7975
C00979,3,113.75,110.74,82.94,30.81,226.86,0.767,0.908,12,30,Rural,Residential,0,101.515,101.515
C01085,3,219.14,185.64,125.09,94.05,233.45,1.425,0.915,8,30,Rural,Residential,0,183.675,183.675
C00467,2,224.53,260.49,165.47,59.06,228.36,1.509,0.905,10,30,Semi-Urban,Residential,0,260.49,260.49
C00154,1,220.49,,136.39,84.1,229.24,1.388,0.962,5,28,Urban,Residential,0,,
C00275,3,155.14,153.94,99.11,56.03,233.43,1.004,0.92,13,30,Rural,Residential,0,140.01999999999998,140.01999999999998
C00854,5,276.52,269.28,188.39,88.13,229.18,1.796,0.933,8,30,Urban,Residential,0,238.55666666666664,223.695
C00855,3,188.93,154.98,125.7,63.24,232.49,1.21,0.933,10,30,Rural,Residential,0,158.825,158.825
C00771,2,275.84,324.15,178.25,97.59,225.07,,0.944,3,29,Urban,Residential,0,324.15,324.15
C01135,6,300.69,265.51,190.35,110.34,228.35,1.928,0.949,15,30,Rural,Residential,0,239.17666666666665,225.26399999999998
C00061,5,336.57,272.59,239.44,97.13,227.89,2.166,0.947,4,28,Semi-Urban,Residential,0,264.29,250.0875
C00355,2,138.4,159.06,81.04,57.36,234.45,0.925,0.886,10,29,Semi-Urban,Residential,0,159.06,159.06
C01359,3,139.31,299.12,87.15,52.16,239.93,0.925,0.872,8,29,Urban,Residential,0,291.46500000000003,291.46500000000003
C00010,2,126.3,148.46,91.7,34.6,235.3,0.802,0.929,9,29,Urban,Residential,0,148.46,148.46
C00107,3,390.67,398.67,240.36,150.32,227.77,2.577,0.925,8,29,Urban,Commercial,0,404.525,404.525
C00051,3,236.15,300.77,142.64,93.5,229.16,1.588,0.901,8,30,Rural,Residential,0,270.24,270.24
C00969,4,319.32,275.97,180.8,138.52,228.36,2.064,0.941,3,30,Urban,Residential,0,238.70333333333335,238.70333333333335
C00213,5,1126.29,899.74,819.81,306.47,222.64,7.946,0.884,0,30,Semi-Urban,Commercial,0,850.39,842.6075
C00739,5,556.39,407.21,352.92,203.47,228.19,3.539,0.957,15,25,Urban,Residential,1,398.7933333333333,375.7575
C00608,3,222.02,224.85,166.5,55.52,224.29,1.399,0.983,16,29,Urban,Residential,0,215.63,215.63
C00691,4,217.13,152.35,134.46,82.67,229.38,1.457,0.902,4,29,Urban,Residential,0,153.58,153.58
C00480,5,913.6,932.51,664.07,249.52,226.16,5.738,0.978,9,29,Urban,Commercial,0,830.1066666666667,787.1625
C01083,2,320.34,260.44,208.45,111.9,229.59,2.025,0.957,1,30,Urban,Residential,0,260.44,260.44
C00874,3,259.35,216.12,157.2,102.14,240.49,1.595,0.939,13,28,Urban,Residential,0,217.69,217.69
C01418,4,942.95,906.88,583.02,359.92,227.22,6.287,0.917,1,30,Urban,Commercial,0,795.8566666666667,795.8566666666667
C01157,2,212.22,190.94,136.33,75.88,233.94,1.37,0.919,12,29,Urban,Residential,0,190.94,190.94
C01207,5,397.46,376.61,256.23,141.23,233.25,2.549,0.929,19,30,Urban,Residential,0,330.8966666666667,316.365
C00433,2,215.57,191.72,128.21,87.36,235.64,1.315,0.966,14,30,Urban,Residential,0,191.72,191.72
C00399,6,945.31,1192.18,570.83,374.48,231.94,5.719,0.99,7,30,Urban,Commercial,0,1076.8733333333334,1003.314
C00088,2,125.12,122.42,73.33,51.79,228.52,0.84,0.906,16,29,Urban,Residential,0,122.42,122.42
C01063,5,186.81,173.56,127.73,59.08,234.43,1.147,0.965,3,30,Semi-Urban,Residential,0,180.91,169.1925
C01164,4,235.05,162.81,162.5,72.55,224.74,1.6,0.908,17,30,Urban,Residential,0,165.22666666666666,165.22666666666666
C01113,6,323.73,260.42,218.79,104.94,233.7,1.943,0.99,6,30,Semi-Urban,Residential,0,265.4066666666667,230.11999999999998
C00651,1,206.95,,121.15,85.81,234.59,1.41,0.869,3,30,Rural,Residential,0,,
C01452,3,158.08,143.03,110.43,47.65,235.43,1.027,0.908,17,30,Urban,Residential,0,127.825,127.825
C00931,6,364.39,168.01,222.94,141.45,232.07,2.526,0.863,1,29,Semi-Urban,Residential,0,269.82,261.65
C01411,2,1134.71,1053.2,816.4,318.3,222.74,7.619,0.929,18,30,Urban,Commercial,0,1053.2,1053.2
C01327,1,103.94,,65.44,38.5,224.92,0.67,0.957,8,30,Urban,Residential,0,,
C01262,5,206.57,295.76,60.44,146.12,232.81,1.344,0.917,0,30,Semi-Urban,Residential,1,175.01666666666665,176.535
C01130,4,395.96,297.56,286.5,109.46,,2.687,0.91,14,30,Urban,Residential,0,292.49,292.49
C00112,6,276.02,257.19,180.65,95.36,237.61,1.748,0.923,14,30,Urban,Residential,0,272.68333333333334,245.64600000000002
C00699,1,158.18,,87.0,71.18,237.31,0.948,0.976,1,30,Semi-Urban,Residential,0,,
C00112,1,190.17,,137.78,52.39,234.86,1.157,0.972,14,29,Urban,Residential,0,,
C00545,3,810.02,708.9,553.85,256.18,227.37,5.85,0.846,8,30,Urban,Commercial,0,757.5799999999999,757.5799999999999
C00315,4,304.64,282.52,177.69,126.95,243.79,1.909,0.909,12,30,Semi-Urban,Residential,0,262.01666666666665,262.01666666666665
C01282,2,216.57,191.12,153.68,62.89,235.08,1.435,0.891,5,30,Urban,Residential,0,191.12,191.12
C01006,2,406.56,480.18,227.38,179.18,221.25,2.928,0.872,0,29,Urban,Commercial,0,480.18,480.18
C01016,1,210.57,,145.02,65.56,237.43,1.34,0.92,0,28,Urban,Residential,0,,
C01040,5,352.64,379.82,225.76,126.88,239.36,2.258,0.906,1,30,Urban,Residential,0,324.96,318.3575
C01226,1,104.44,,66.04,38.39,226.71,0.713,0.898,6,29,Urban,Residential,0,,
C01306,1,282.22,,204.11,78.11,,1.868,0.941,8,30,Semi-Urban,Residential,0,,
C00127,5,218.61,228.8,133.47,85.14,239.66,1.328,0.954,14,29,Urban,Residential,0,206.56000000000003,197.97250000000003
C01043,3,123.9,186.49,41.61,82.28,219.48,1.472,0.533,11,28,Semi-Urban,Residential,1,172.335,172.335
C00318,5,711.06,641.72,532.92,178.14,234.21,4.259,0.99,0,30,Urban,Commercial,0,541.6,520.0425
C00637,3,261.28,180.35,175.92,85.36,229.74,,0.928,0,28,Semi-Urban,Residential,0,196.84,196.84
C01045,6,1738.67,973.85,1198.32,540.35,230.44,11.11,0.943,7,28,Semi-Urban,Industrial,0,1607.0533333333333,1721.8580000000002
C00717,5,1197.87,194.24,671.27,526.6,237.35,7.091,0.989,18,28,Urban,Commercial,1,485.52,490.47749999999996
C00929,2,124.14,146.39,89.14,35.0,227.07,0.806,0.942,5,30,Urban,Residential,0,146.39,146.39
C01324,4,697.64,657.56,448.97,248.67,234.09,4.661,0.888,14,28,Urban,Commercial,0,619.8266666666667,619.8266666666667
C00695,1,188.85,,127.45,61.4,227.27,1.314,0.878,16,29,Rural,Residential,0,,
C00996,2,247.24,271.51,139.7,107.55,231.74,1.734,0.855,1,30,Rural,Residential,0,271.51,271.51
C00597,4,363.22,371.98,206.15,157.08,231.98,2.384,0.912,8,29,Urban,Residential,0,338.1666666666667,338.1666666666667
C00473,1,198.49,,127.21,71.28,223.87,1.279,0.963,8,28,Semi-Urban,Residential,0,,
C00909,2,298.97,297.89,165.45,133.52,225.68,1.921,0.958,10,29,Urban,Residential,0,297.89,297.89
C00579,5,249.19,236.3,149.13,100.06,227.59,1.599,0.951,9,30,Rural,Residential,0,233.9333333333333,227.79000000000002
C01055,4,220.57,190.23,125.37,95.2,226.93,1.449,0.932,18,30,Rural,Residential,0,196.71333333333334,196.71333333333334
C00023,6,246.63,260.88,149.53,97.11,230.63,1.598,0.929,16,29,Rural,Residential,0,252.69666666666663,224.11599999999999
C01174,6,185.52,208.17,118.55,66.97,234.44,1.137,0.967,8,30,Semi-Urban,Residential,0,203.25666666666666,191.20999999999998
C00816,3,240.89,214.38,163.5,77.39,221.03,1.627,0.93,4,30,Urban,Residential,0,216.35500000000002,216.35500000000002
C00364,3,213.25,179.21,131.76,81.49,232.57,1.485,0.858,8,30,Urban,Residential,0,185.24,185.24
C01289,3,186.28,176.19,112.85,73.42,234.12,1.324,0.835,3,30,Urban,Residential,0,156.82999999999998,156.82999999999998
C00530,4,300.3,315.03,208.8,91.5,237.67,1.788,0.981,8,30,Urban,Residential,0,287.18,287.18
C00810,1,242.96,,136.05,106.91,230.62,1.594,0.918,7,28,Rural,Residential,0,,
C00773,6,1289.91,1123.65,824.24,465.67,233.75,8.5,0.902,9,30,Urban,Commercial,0,1216.1066666666666,1118.126
C00853,4,4249.86,3952.97,2808.81,1441.05,230.64,29.048,0.881,15,29,Semi-Urban,Industrial,0,3554.9233333333336,3554.9233333333336
C01275,5,350.22,370.32,208.44,141.78,233.26,2.354,0.886,9,28,Urban,Residential,0,315.0733333333333,316.375
C00711,2,165.67,164.21,101.28,64.39,230.65,1.075,0.928,13,29,Rural,Residential,0,164.21,164.21
C00222,6,174.57,158.23,129.6,44.97,228.34,1.099,0.967,2,28,Urban,Residential,0,153.22666666666666,149.176
C01168,1,301.26,,196.18,105.08,232.77,1.869,0.962,15,28,Semi-Urban,Residential,0,,
C01157,6,249.48,268.62,182.31,67.18,230.82,1.597,0.94,12,30,Urban,Residential,0,244.82666666666668,227.52799999999996
C01337,2,176.76,203.43,113.33,63.42,,,0.853,5,30,Urban,Residential,0,203.43,203.43
C01041,2,156.96,141.42,114.59,42.37,226.12,1.062,0.908,10,30,Urban,Residential,0,141.42,141.42
C00182,2,153.49,161.68,88.24,65.25,229.06,0.94,0.99,1,29,Rural,Residential,0,161.68,161.68
C01147,6,2935.36,2525.09,1668.38,1266.98,225.43,20.012,0.904,12,28,Semi-Urban,Industrial,0,2813.206666666667,2696.814
C00756,1,214.17,,130.14,84.03,233.18,1.396,0.914,4,30,Rural,Residential,0,,
C00779,6,233.41,212.29,139.76,93.64,233.49,1.582,0.877,11,30,Rural,Residential,0,201.57000000000002,190.678
C01167,1,108.37,,63.47,44.91,234.37,0.675,0.952,13,29,Urban,Residential,0,,
C00209,5,252.75,251.76,148.81,103.95,234.74,1.579,0.947,19,29,Urban,Residential,0,217.53333333333333,209.45
C00563,3,184.64,191.64,105.66,78.98,233.66,1.163,0.944,18,28,Semi-Urban,Residential,0,185.11,185.11
C00470,1,229.61,,143.16,86.45,234.86,1.572,0.864,14,30,Urban,Residential,0,,
C00787,4,633.39,239.76,452.21,181.18,223.35,8.698,0.453,9,29,Urban,Commercial,1,571.48,571.48
C01091,5,384.77,438.66,256.2,128.57,237.26,2.275,0.99,0,29,Semi-Urban,Residential,0,350.48,341.79
C00810,5,309.42,263.13,181.41,128.01,228.43,2.098,0.897,7,29,Rural,Residential,0,247.73333333333332,246.54
C01317,6,1201.55,1500.63,860.48,341.07,227.28,7.639,0.961,5,29,Semi-Urban,Commercial,0,1310.89,1152.0
C00180,4,155.45,158.78,102.14,53.31,227.23,1.033,0.92,2,30,Semi-Urban,Residential,0,145.51666666666668,145.51666666666668
C00728,2,168.53,176.23,109.83,58.7,233.83,1.079,0.927,7,28,Urban,Residential,0,176.23,176.23
C00129,3,249.0,175.18,147.68,101.32,234.85,1.568,0.939,6,28,Urban,Residential,0,192.98000000000002,192.98000000000002
C00042,4,825.59,733.36,457.68,367.91,233.68,5.4,0.909,3,30,Urban,Commercial,0,681.9033333333333,681.9033333333333
C01207,4,376.61,343.51,209.56,167.05,231.94,2.333,0.967,19,30,Urban,Residential,0,296.2833333333333,296.2833333333333
C00570,6,76.15,167.51,44.28,31.87,218.08,0.524,0.926,8,25,Rural,Residential,1,181.75666666666666,177.456
C00830,3,310.89,257.39,229.89,81.01,220.61,1.977,0.99,3,30,Semi-Urban,Residential,0,277.96,277.96
C00758,3,4262.86,3778.68,2624.71,1638.15,226.03,27.213,0.963,9,29,Urban,Industrial,0,3865.3,3865.3
C00928,4,249.79,206.33,153.2,96.59,234.55,1.802,0.821,1,30,Urban,Residential,0,196.86,196.86
C01324,2,543.96,657.96,325.45,218.51,225.99,3.729,0.896,14,29,Urban,Commercial,0,657.96,657.96
C00120,3,358.94,277.37,253.88,105.06,236.31,2.209,0.955,4,29,Semi-Urban,Residential,0,286.115,286.115
C01455,1,132.0,,96.26,35.74,229.89,0.861,0.927,7,28,Rural,Residential,0,,
C00342,3,306.67,264.0,225.17,81.5,233.1,2.106,0.868,0,28,Semi-Urban,Residential,0,290.905,290.905
C01000,4,813.69,668.29,583.75,229.95,235.29,5.747,0.836,2,30,Urban,Commercial,0,655.2533333333332,655.2533333333332
C01101,1,210.25,,153.79,56.47,235.86,1.361,0.91,3,29,Urban,Residential,0,,
C01208,4,359.29,336.43,230.2,129.09,225.72,2.416,0.915,14,30,Rural,Residential,0,303.42333333333335,303.42333333333335
C00697,3,283.64,249.48,208.59,75.05,228.99,1.947,0.883,15,28,Urban,Residential,0,265.975,265.975
C00802,4,691.11,880.81,477.04,214.07,223.4,6.894,0.623,8,29,Urban,Commercial,1,831.6999999999999,831.6999999999999
C01429,2,77.75,300.3,53.51,24.25,228.08,0.538,0.879,2,29,Rural,Residential,0,300.3,300.3
C01191,1,101.31,,65.08,36.23,226.24,0.666,0.934,8,29,Semi-Urban,Residential,0,,
C01199,3,282.03,259.75,180.78,101.24,227.97,1.844,0.932,9,30,Semi-Urban,Residential,0,258.28,258.28
C00244,3,269.9,257.73,196.61,73.29,230.37,1.83,0.889,10,30,Urban,Residential,0,261.395,261.395
C00999,2,970.32,1040.16,628.58,341.75,228.48,6.355,0.928,11,30,Urban,Commercial,0,1040.16,1040.16
C00334,3,1247.36,1104.37,764.57,482.79,223.34,7.845,0.989,8,30,Rural,Commercial,0,1129.6599999999999,1129.6599999999999
C01363,4,281.82,256.58,203.16,78.66,230.44,1.933,0.879,17,29,Semi-Urban,Residential,0,231.71666666666667,231.71666666666667
C00068,3,296.5,308.52,213.78,82.73,223.4,2.021,0.912,2,30,Urban,Residential,0,284.67499999999995,284.67499999999995
C00065,1,237.07,,143.82,93.25,229.33,1.743,0.824,10,30,Semi-Urban,Residential,0,,
C01430,1,178.43,,110.47,67.97,219.66,1.208,0.934,14,30,Rural,Residential,0,,
C00273,2,140.35,173.25,103.59,36.76,232.31,0.931,0.901,5,29,Semi-Urban,Residential,0,173.25,173.25
C01440,4,3827.49,2970.48,2561.09,1266.4,236.21,25.892,0.869,5,28,Urban,Industrial,0,2729.056666666667,2729.056666666667
C00798,3,395.54,307.24,227.58,167.96,234.4,2.646,0.886,9,29,Semi-Urban,Residential,0,321.17,321.17
C01425,2,105.03,146.02,67.27,37.76,225.15,0.709,0.914,13,29,Rural,Residential,0,146.02,146.02
C01162,5,474.94,477.8,270.78,204.16,226.14,3.065,0.952,0,30,Semi-Urban,Commercial,0,470.46666666666664,460.09
C00655,2,773.04,692.96,452.44,320.6,235.43,4.861,0.938,4,29,Rural,Commercial,0,692.96,692.96
C00694,1,294.87,,164.73,130.14,228.11,1.936,0.927,11,30,Semi-Urban,Residential,0,,
C01242,4,282.23,232.62,171.55,110.68,229.6,1.762,0.969,1,29,Rural,Residential,0,236.99,236.99
C01403,4,218.81,227.49,161.59,57.22,225.18,1.689,0.799,4,30,Urban,Residential,0,215.23666666666668,215.23666666666668
C00366,4,6182.31,5367.02,3527.52,2654.79,227.29,45.9,0.823,7,28,Urban,Industrial,0,4907.376666666667,4907.376666666667
C00170,2,502.61,598.54,328.77,173.84,230.73,3.392,0.892,15,30,Urban,Commercial,0,598.54,598.54
C00855,1,162.67,,109.2,53.47,229.99,1.049,0.936,10,28,Rural,Residential,0,,
C01237,3,449.89,374.73,328.36,121.53,219.5,3.006,0.947,2,30,Semi-Urban,Commercial,0,398.07000000000005,398.07000000000005
C01235,6,393.22,362.74,279.7,113.52,234.84,2.489,0.934,5,30,Urban,Residential,0,331.4166666666667,312.844
C00479,4,263.42,214.21,170.08,93.34,229.79,1.827,0.871,1,30,Urban,Residential,0,162.4,162.4
C00002,4,773.86,725.74,476.84,297.02,231.66,4.838,0.959,3,28,Urban,Commercial,0,638.2833333333333,638.2833333333333
C00307,3,160.52,132.78,117.29,43.23,234.59,0.984,0.966,18,29,Urban,Residential,0,146.20999999999998,146.20999999999998
C00801,5,344.33,320.92,241.27,103.07,229.28,2.107,0.99,10,28,Urban,Residential,0,289.1766666666667,277.845
C00043,4,176.36,135.82,100.94,75.41,234.72,1.169,0.892,17,29,Urban,Residential,0,135.86,135.86
C01172,1,305.21,,220.8,84.4,218.5,2.143,0.905,7,30,Urban,Residential,0,,
C00953,2,170.7,196.59,96.65,74.05,233.23,1.069,0.951,13,30,Urban,Residential,0,196.59,196.59
C00555,1,160.03,,102.85,57.18,218.24,1.154,0.882,11,30,Urban,Residential,0,,
C01286,5,177.29,213.89,108.85,68.44,226.82,1.165,0.932,16,30,Rural,Residential,0,172.6933333333333,168.95999999999998
C00264,4,423.85,285.76,242.48,181.37,224.82,2.769,0.946,14,30,Semi-Urban,Residential,0,286.75,286.75
C00155,1,236.43,,150.25,86.18,233.66,1.56,0.901,18,29,Urban,Residential,0,,
C00464,2,319.18,266.51,190.3,128.88,226.11,2.256,0.869,15,30,Urban,Residential,0,266.51,266.51
C01316,2,412.27,800.03,273.52,138.74,231.28,2.577,0.961,11,30,Urban,Commercial,0,800.03,800.03
C01023,1,4228.38,,2331.51,1896.87,232.88,28.159,0.896,15,29,Rural,Industrial,0,,
C00887,5,821.75,700.67,492.3,329.45,227.4,5.355,0.937,7,30,Urban,Commercial,0,541.3866666666667,564.3299999999999
C01219,5,216.32,211.13,151.31,65.01,233.71,1.34,0.959,10,30,Urban,Residential,0,188.4433333333333,181.315
C01184,5,563.97,217.75,351.57,212.4,224.29,4.118,0.848,9,30,Urban,Commercial,0,396.54333333333335,384.85249999999996
C01008,1,317.52,,213.43,104.09,226.61,2.129,0.914,3,30,Urban,Residential,0,,
C00630,2,901.38,808.98,627.32,274.05,233.02,5.575,0.964,19,29,Semi-Urban,Commercial,0,808.98,808.98
C00806,6,202.65,236.52,141.99,60.66,225.51,1.323,0.943,17,29,Semi-Urban,Residential,0,105.99000000000001,117.596
C00828,3,701.58,560.68,444.64,256.94,230.86,4.745,0.89,6,28,Urban,Commercial,0,524.89,524.89
C00090,6,3449.05,4488.74,2210.34,1238.71,234.56,24.008,0.851,15,29,Urban,Industrial,0,3743.7433333333333,3356.21
C01248,2,211.47,201.94,136.74,74.73,230.61,1.435,0.887,4,30,Semi-Urban,Residential,0,201.94,201.94
C00458,4,642.73,665.29,211.83,430.9,228.95,6.379,0.611,7,28,Rural,Commercial,1,738.37,738.37
C00620,6,287.73,273.99,214.67,73.06,229.04,1.829,0.954,17,29,Semi-Urban,Residential,0,253.22,252.298
C01137,4,358.86,387.67,229.69,129.16,226.73,2.366,0.929,15,29,Rural,Residential,0,313.1366666666667,313.1366666666667
C00745,5,264.28,264.19,169.67,94.61,232.19,1.878,0.842,7,30,Urban,Residential,0,212.90333333333334,217.955
C00112,2,220.01,190.17,126.79,93.22,224.46,1.384,0.984,14,29,Urban,Residential,0,190.17,190.17
C01263,4,166.55,133.76,112.11,54.44,231.91,1.063,0.938,18,28,Rural,Residential,0,118.58999999999999,118.58999999999999
C00844,6,2420.86,2649.53,1381.61,1039.26,,15.647,0.952,6,28,Semi-Urban,Industrial,0,2410.5333333333333,2137.564
C00226,4,232.63,220.7,170.36,62.27,221.38,1.57,0.93,11,29,Semi-Urban,Residential,0,207.09666666666666,207.09666666666666
C01186,5,346.87,337.77,221.63,125.24,234.73,2.231,,9,29,Rural,Residential,0,312.53333333333336,324.66
C01473,5,377.7,458.97,266.48,111.22,229.24,2.433,0.94,15,29,Urban,Residential,0,376.9433333333333,359.16499999999996
C00451,4,272.58,211.38,189.58,82.99,227.2,1.687,0.988,17,28,Urban,Residential,0,219.61333333333332,219.61333333333332
C00556,1,280.47,,182.68,97.79,234.05,1.681,0.99,6,30,Urban,Residential,0,,
C01343,2,423.81,488.3,291.89,131.92,227.19,2.698,0.96,1,28,Semi-Urban,Commercial,0,488.3,488.3
C00598,3,148.3,128.34,85.37,62.92,225.8,1.054,0.865,4,28,Urban,Residential,0,132.91500000000002,132.91500000000002
C01423,3,175.36,153.98,101.33,74.03,227.39,1.084,0.988,7,28,Semi-Urban,Residential,0,156.41,156.41
C00941,6,101.78,176.98,56.37,45.41,226.35,0.646,0.967,6,28,Urban,Residential,1,141.61333333333332,146.04
C00563,5,270.2,216.04,161.34,108.86,235.21,1.731,0.922,18,29,Semi-Urban,Residential,0,197.43999999999997,192.725
C00210,3,1292.51,963.78,883.84,408.67,235.77,7.878,0.967,6,30,Urban,Commercial,0,899.235,899.235
C01032,5,1217.28,1104.84,909.67,307.62,232.85,7.772,0.934,5,29,Urban,Commercial,0,1005.1966666666667,1002.4925000000001
C00892,3,634.73,577.56,358.67,276.06,233.77,4.124,0.914,7,30,Urban,Commercial,0,556.285,556.285
C00696,6,1013.3,1127.08,576.0,437.3,225.9,7.233,0.861,12,30,Rural,Commercial,0,1072.3666666666666,1013.07
C00819,3,276.68,272.64,202.42,74.26,226.39,1.937,0.877,2,30,Semi-Urban,Residential,0,263.74,263.74
C00309,5,658.72,665.71,415.91,242.81,216.14,4.681,0.904,4,29,Urban,Commercial,0,491.78999999999996,483.1225
C01053,5,438.74,405.28,298.89,139.85,232.4,2.718,0.965,4,30,Urban,Residential,0,292.6433333333333,293.2025
C01486,2,165.19,164.58,111.22,53.97,,1.085,0.929,2,30,Urban,Residential,0,164.58,164.58
C00351,6,667.16,579.58,398.74,268.41,227.42,4.767,0.855,6,28,Semi-Urban,Commercial,0,604.1033333333334,580.9440000000001
C00023,2,184.64,177.85,132.22,52.41,227.62,1.194,0.944,16,28,Rural,Residential,0,177.85,177.85
C00839,2,177.83,150.53,113.59,64.24,228.65,1.12,0.965,5,30,Semi-Urban,Residential,0,150.53,150.53
C00155,5,266.28,278.13,192.02,74.26,230.11,1.623,0.99,18,30,Urban,Residential,0,243.42666666666665,241.6775
C00138,2,115.57,116.82,73.16,42.41,232.86,0.731,0.943,12,29,Rural,Residential,0,116.82,116.82
C01263,5,70.74,166.55,42.4,28.34,234.53,0.442,0.947,18,29,Rural,Residential,0,142.12333333333333,130.57999999999998
C00256,2,231.65,215.17,133.47,98.18,232.72,1.522,0.908,10,30,Semi-Urban,Residential,0,215.17,215.17
C00203,3,345.82,279.27,199.03,146.79,229.54,2.277,0.919,13,30,Urban,Residential,0,280.485,280.485
C00085,1,181.67,,103.19,78.49,226.13,1.213,0.92,1,30,Semi-Urban,Residential,0,,
C01089,3,814.55,946.92,486.55,328.0,227.78,5.098,0.974,5,30,Urban,Commercial,0,898.2249999999999,898.2249999999999
C00513,1,268.49,,198.83,69.66,221.11,1.851,0.911,7,28,Urban,Residential,0,,
C01104,2,220.56,255.94,141.42,79.14,231.02,1.551,,19,29,Semi-Urban,Residential,0,255.94,255.94
C00619,2,129.57,134.71,89.83,39.74,241.23,0.86,0.868,4,29,Urban,Residential,0,134.71,134.71
C00809,2,269.17,225.82,196.83,72.34,226.59,1.849,0.892,1,30,Semi-Urban,Residential,0,225.82,225.82
C00792,3,2302.83,1867.42,1459.53,843.31,226.84,16.074,0.877,3,30,Rural,Industrial,0,1977.585,1977.585
C00712,3,149.08,156.93,111.65,37.43,226.16,1.015,0.902,6,30,Urban,Residential,0,148.82,148.82
C01490,1,156.82,,86.82,70.01,235.34,1.008,0.918,14,30,Semi-Urban,Residential,0,,
C00698,5,154.88,157.06,94.33,60.54,230.82,0.947,0.984,11,29,Semi-Urban,Residential,0,140.35999999999999,135.1575
C00884,4,556.1,452.91,368.8,187.3,220.49,3.538,0.99,13,30,Rural,Commercial,0,421.5733333333333,421.5733333333333
C00488,2,288.08,243.01,160.61,127.47,227.97,1.923,0.913,8,30,Urban,Residential,0,243.01,243.01
C01099,1,140.31,,86.43,53.88,228.3,0.986,0.866,2,30,Semi-Urban,Residential,0,,
C00302,5,279.11,251.9,172.67,106.44,225.19,1.846,0.932,13,30,Rural,Residential,0,224.9466666666667,223.7175
C00582,1,3647.17,,2059.9,1587.27,228.56,24.842,0.892,3,30,Rural,Industrial,0,,
C01237,4,480.46,449.89,328.9,151.56,230.51,2.947,0.982,2,30,Semi-Urban,Commercial,0,415.3433333333333,415.3433333333333
C00524,4,698.23,624.82,484.97,213.25,230.29,4.56,0.923,18,30,Urban,Commercial,0,546.43,546.43
C00221,5,682.74,757.74,434.19,248.55,225.23,4.452,0.946,1,29,Semi-Urban,Commercial,0,591.3233333333334,587.4875
C00719,5,560.28,768.97,346.46,213.82,220.9,3.914,0.9,16,28,Semi-Urban,Commercial,0,576.0966666666667,555.7775
C01250,1,175.89,,98.73,77.16,227.39,1.258,0.854,7,30,Semi-Urban,Residential,0,,
C01432,5,387.55,380.1,239.37,148.18,238.28,2.528,0.894,17,30,Semi-Urban,Residential,0,328.8766666666667,322.22
C00924,4,312.53,289.67,182.21,130.32,231.13,2.081,0.902,18,30,Semi-Urban,Residential,0,272.21,272.21
C01029,5,254.92,231.0,165.98,88.94,224.5,1.777,0.887,17,29,Semi-Urban,Residential,0,219.54999999999998,212.4375
C00257,5,342.35,312.8,237.51,104.84,230.32,2.317,0.891,0,29,Semi-Urban,Residential,0,279.2833333333333,266.1075
C00447,6,1828.37,1731.99,1139.07,689.3,225.57,13.321,0.845,9,29,Rural,Industrial,0,1587.21,1512.0220000000002
C01490,5,208.09,219.02,127.48,80.61,230.07,1.518,0.828,14,29,Semi-Urban,Residential,0,201.90333333333334,190.6325
C01053,2,94.28,294.88,69.5,24.78,225.53,0.614,0.945,4,30,Urban,Residential,0,294.88,294.88
C00199,4,68.18,173.08,40.06,28.12,233.75,0.483,0.839,12,30,Semi-Urban,Residential,1,177.12,177.12
C00883,2,4343.01,4631.12,2944.5,1398.51,241.47,27.497,0.908,19,30,Urban,Industrial,0,4631.12,4631.12
C00258,1,638.5,,409.28,229.21,227.16,4.405,0.886,17,29,Rural,Commercial,0,,
C01177,1,213.44,,137.25,76.2,232.67,1.381,0.923,18,29,Semi-Urban,Residential,0,,
C00424,2,249.89,225.92,166.53,83.36,230.6,1.612,0.934,9,30,Urban,Residential,0,225.92,225.92
C00159,6,73.25,93.07,53.21,20.05,225.77,0.472,,8,30,Urban,Residential,1,88.04,95.844
C01207,6,327.39,397.46,208.92,118.47,240.59,2.073,0.912,19,29,Urban,Residential,0,372.52666666666664,332.584
C01122,6,375.67,345.99,218.48,157.19,228.54,2.446,0.933,0,30,Rural,Residential,0,306.22333333333336,288.132
C00808,5,237.98,320.92,135.66,102.32,234.53,1.495,0.943,4,30,Semi-Urban,Residential,0,211.28666666666666,215.1475
C01134,4,306.69,289.2,214.44,92.25,230.79,2.143,0.861,18,29,Semi-Urban,Residential,0,254.48333333333335,254.48333333333335
C01336,1,603.46,,360.06,243.4,235.26,3.81,0.935,18,30,Semi-Urban,Commercial,0,,
C00722,5,234.4,237.65,136.15,98.25,228.48,1.589,0.896,17,30,Urban,Residential,0,202.16,195.1225
C00890,1,144.17,,101.21,42.95,,1.006,0.89,0,28,Rural,Residential,0,,
C01222,5,246.37,236.09,154.35,92.02,235.82,1.769,0.82,15,28,Semi-Urban,Residential,0,217.87666666666667,211.385
C00789,2,800.75,891.74,445.27,355.48,219.77,5.534,0.914,12,30,Urban,Commercial,0,891.74,891.74
C01091,2,241.83,315.72,164.94,76.89,230.71,1.537,0.947,0,28,Semi-Urban,Residential,0,315.72,315.72
C00885,2,177.21,180.27,127.27,49.94,230.31,1.128,0.948,9,30,Semi-Urban,Residential,0,180.27,180.27
C00861,2,112.76,291.82,74.39,38.37,224.27,0.723,0.965,3,29,Semi-Urban,Residential,0,291.82,291.82
C01311,1,192.19,,112.95,79.24,227.46,1.304,0.9,19,30,Urban,Residential,0,,
C00360,3,113.3,114.98,70.53,42.77,233.82,0.68,,2,30,Rural,Residential,0,113.55000000000001,113.55000000000001
C00178,1,1337.45,,883.83,453.62,229.99,8.992,0.898,3,30,Urban,Industrial,0,,
C00195,4,301.16,308.28,195.47,105.69,227.42,1.858,0.99,4,29,Semi-Urban,Residential,0,276.06,276.06
C00607,1,146.93,,96.11,50.82,236.48,0.909,0.95,18,30,Urban,Residential,0,,
C01276,2,897.43,896.09,667.56,229.87,219.01,6.629,0.859,5,29,Semi-Urban,Commercial,0,896.09,896.09
C00932,3,357.69,314.24,205.3,152.39,232.51,2.322,0.92,17,30,Semi-Urban,Residential,0,309.295,309.295
C01199,5,100.91,326.02,62.66,38.25,231.86,0.611,0.99,9,30,Semi-Urban,Residential,1,289.26666666666665,281.1525
C00749,4,349.01,241.33,258.5,90.51,240.99,2.032,0.99,13,30,Urban,Residential,0,244.01,244.01
C01212,1,186.99,,122.81,64.18,226.37,1.267,0.905,8,30,Urban,Residential,0,,
C00831,1,293.07,,167.17,125.9,230.54,2.003,0.881,1,30,Urban,Residential,0,,
C01390,2,207.19,194.55,121.86,85.33,219.11,1.516,0.866,19,30,Rural,Residential,0,194.55,194.55
C01324,3,657.56,543.96,420.81,236.75,225.86,4.498,0.899,14,30,Urban,Commercial,0,600.96,600.96
C00825,3,4613.64,3570.79,3333.32,1280.33,228.03,32.128,0.875,15,28,Rural,Industrial,0,3457.89,3457.89
C00464,5,280.74,338.41,171.46,109.28,220.42,1.825,0.969,15,30,Urban,Residential,1,238.82000000000002,245.7425
C00120,4,330.06,358.94,246.47,83.59,230.79,2.219,0.895,4,29,Semi-Urban,Residential,0,310.39000000000004,310.39000000000004
C00418,1,2320.71,,1665.74,654.97,228.95,15.974,0.881,3,30,Urban,Industrial,0,,
C00727,5,178.54,171.21,103.5,75.05,226.28,1.107,0.99,1,30,Semi-Urban,Residential,0,169.13333333333333,164.99
C00696,2,884.92,963.33,613.59,271.32,227.15,5.714,0.947,12,28,Rural,Commercial,0,963.33,963.33
C01348,1,159.5,,89.18,70.32,220.97,1.105,0.907,8,29,Rural,Residential,0,,
C01471,5,371.14,429.57,214.53,156.61,226.17,2.517,0.905,5,29,Urban,Residential,0,370.2966666666666,351.5425
C00066,6,137.67,177.7,95.6,42.08,218.39,0.998,0.877,4,29,Rural,Residential,0,157.73333333333332,151.932
C01198,5,380.06,339.4,210.1,169.96,227.35,2.71,0.857,16,30,Rural,Residential,0,333.10333333333335,330.7475
C01481,3,250.58,241.01,158.39,92.2,231.1,1.653,0.911,14,30,Urban,Residential,0,252.965,252.965
C00749,5,361.21,349.01,266.9,94.3,229.0,2.37,0.924,13,30,Urban,Residential,0,277.19666666666666,270.26
C00228,4,2904.66,2768.14,1959.18,945.47,223.97,18.194,0.99,1,29,Rural,Industrial,0,2709.6766666666667,2709.6766666666667
C01436,2,944.15,840.46,638.31,305.84,218.45,6.385,0.94,8,29,Semi-Urban,Commercial,0,840.46,840.46
C00987,2,143.84,130.42,84.34,59.5,223.96,0.901,0.99,4,30,Urban,Residential,0,130.42,130.42
C00829,1,181.81,,115.4,66.41,226.71,1.206,0.923,13,30,Urban,Residential,0,,
C00486,5,5187.28,5951.51,3043.45,2143.83,235.76,32.798,0.932,13,30,Semi-Urban,Industrial,0,5102.05,4772.1849999999995
C00941,5,176.98,118.07,51.81,125.17,229.89,1.109,0.964,6,30,Urban,Residential,1,133.85999999999999,138.305
C00628,5,1124.12,1296.05,664.87,459.25,224.88,7.943,0.874,6,29,Semi-Urban,Commercial,0,1025.5,1027.005
C00574,3,168.82,151.27,123.39,45.43,228.47,1.235,0.831,0,30,Urban,Residential,0,141.94,141.94
C01227,2,127.69,140.44,84.87,42.82,230.96,0.832,0.923,5,28,Urban,Residential,0,140.44,140.44
C01135,3,222.11,182.85,139.04,83.08,228.88,1.513,0.891,15,30,Rural,Residential,0,204.39499999999998,204.39499999999998
C00358,2,188.34,144.66,137.2,51.14,231.39,1.289,0.877,13,30,Rural,Residential,0,144.66,144.66
C00851,5,852.37,759.95,509.21,343.15,233.38,5.285,0.96,11,28,Rural,Commercial,0,731.3066666666667,743.1775
C00846,4,192.08,192.76,130.74,61.34,224.92,1.265,0.938,18,30,Semi-Urban,Residential,0,173.84666666666666,173.84666666666666
C00262,6,177.47,147.92,121.22,56.25,231.63,1.222,0.871,11,30,Urban,Residential,0,150.03333333333333,138.626
C00680,6,1184.86,1071.62,734.24,450.62,230.42,7.483,0.954,12,29,Semi-Urban,Commercial,0,1069.86,990.0559999999999
C00188,1,1143.78,,722.22,421.56,221.15,8.195,0.877,9,29,Urban,Commercial,0,,
C00465,3,250.94,241.5,141.21,109.73,230.33,1.759,0.86,15,30,Semi-Urban,Residential,0,207.775,207.775
C00495,4,205.4,176.26,153.94,51.45,229.05,1.325,0.94,13,30,Rural,Residential,0,168.42,168.42
C00418,3,2890.35,2556.72,1719.0,1171.35,226.64,17.949,0.987,3,30,Urban,Industrial,0,2438.715,2438.715
C00999,1,1040.16,,724.47,315.69,228.26,7.672,0.825,11,28,Urban,Commercial,0,,
C01195,1,247.47,,172.37,75.1,229.14,1.714,0.875,11,28,Urban,Residential,0,,
C00122,3,2978.39,3147.06,1746.31,1232.08,229.63,18.953,0.95,5,29,Urban,Industrial,0,3225.3050000000003,3225.3050000000003
C01265,4,141.07,124.14,84.58,56.49,228.78,0.923,0.928,8,30,Urban,Residential,0,115.16333333333334,115.16333333333334
C01258,2,2298.26,2392.54,1656.66,641.6,229.51,15.717,0.885,16,30,Rural,Industrial,0,2392.54,2392.54
C00069,5,361.92,304.61,229.09,132.83,226.03,2.311,0.962,10,30,Urban,Residential,0,290.9166666666667,285.32
C00958,4,325.93,259.9,231.18,94.75,218.59,2.292,0.904,2,30,Urban,Residential,0,248.24666666666667,248.24666666666667
C01279,1,178.24,,130.64,47.61,223.94,1.328,0.833,2,29,Urban,Residential,0,,
C00138,4,152.45,109.87,91.31,61.15,226.76,0.98,0.953,12,29,Rural,Residential,0,114.08666666666666,114.08666666666666
C00545,4,670.2,810.02,369.88,300.32,225.32,4.353,0.949,8,29,Urban,Commercial,0,775.06,775.06
C00663,3,179.7,177.3,127.22,52.49,236.49,1.156,0.913,19,30,Rural,Residential,0,162.185,162.185
C01385,3,335.28,631.82,241.85,93.44,219.99,2.451,0.864,12,28,Semi-Urban,Commercial,0,640.825,640.825
C00070,4,1070.18,925.7,687.91,382.27,227.95,7.248,0.9,1,29,Semi-Urban,Commercial,0,825.8466666666667,825.8466666666667
C01125,5,243.11,246.49,171.44,71.67,232.01,1.576,0.924,7,28,Rural,Residential,0,225.17666666666665,206.84750000000003
C00348,1,243.83,,177.7,66.13,229.36,1.54,0.959,15,30,Urban,Residential,0,,
C00563,2,191.64,178.58,105.6,86.03,231.79,1.327,0.865,18,30,Semi-Urban,Residential,0,178.58,178.58
C00955,3,570.96,534.93,316.6,254.37,224.21,4.009,0.882,11,30,Semi-Urban,Commercial,0,519.755,519.755
C00685,4,313.08,298.8,190.09,122.99,226.11,2.067,0.93,9,28,Urban,Residential,0,272.09,272.09
C00731,1,205.84,,130.89,74.94,235.22,1.39,0.875,2,30,Rural,Residential,0,,
C01288,2,146.17,124.36,104.65,41.52,234.84,0.905,0.956,11,29,Semi-Urban,Residential,0,124.36,124.36
C00178,5,2077.71,2085.24,1320.6,757.11,226.82,14.177,0.897,3,30,Urban,Industrial,0,1842.5333333333335,1716.2624999999998
C00653,2,90.16,108.52,57.44,32.71,231.42,0.621,0.872,8,30,Semi-Urban,Residential,0,108.52,108.52
C00923,5,336.8,312.42,195.76,141.04,233.29,2.05,0.978,10,28,Urban,Residential,0,322.0933333333333,312.6025
C01334,5,260.55,324.71,167.42,93.13,227.11,,0.886,4,30,Rural,Residential,0,264.17333333333335,258.195
C00898,6,315.59,312.57,230.72,84.87,229.73,2.092,0.912,1,30,Semi-Urban,Residential,0,276.88000000000005,248.32
C00956,3,312.35,254.26,171.95,140.4,231.18,1.913,0.981,6,29,Semi-Urban,Residential,0,245.315,245.315
C00457,3,204.99,166.28,136.34,68.65,232.6,1.401,0.874,5,30,Rural,Residential,0,158.10500000000002,158.10500000000002
C00843,1,1010.7,,615.31,395.39,230.73,6.518,0.933,11,28,Rural,Commercial,0,,
C00667,5,1228.19,1408.83,839.67,388.52,232.61,7.825,0.937,11,28,Urban,Commercial,0,1130.4033333333334,1096.0175
C00405,4,343.76,294.12,230.07,113.69,230.44,2.378,0.871,6,30,Urban,Residential,0,284.25666666666666,284.25666666666666
C01139,6,4137.14,4017.04,2565.72,1571.42,226.33,27.485,0.924,15,29,Semi-Urban,Industrial,0,3723.103333333333,3448.736
C00282,2,271.12,283.05,181.59,89.52,229.63,1.756,0.934,1,29,Urban,Residential,0,283.05,283.05
C00142,6,421.98,373.97,255.87,166.11,224.17,2.663,0.982,10,30,Urban,Residential,0,386.56333333333333,366.48
C01051,4,1229.2,832.49,796.99,432.21,227.79,8.413,0.891,11,30,Semi-Urban,Commercial,0,695.6433333333334,695.6433333333334
C00980,5,5612.61,5414.14,3463.82,2148.79,230.25,37.069,0.913,5,30,Semi-Urban,Industrial,0,5188.876666666667,5214.87
C01422,2,260.99,296.31,187.65,73.34,228.9,1.864,0.849,1,30,Semi-Urban,Residential,0,296.31,296.31
C00474,2,211.9,206.82,124.28,87.62,230.24,1.362,0.939,17,30,Semi-Urban,Residential,0,206.82,206.82
C00769,4,1242.62,1302.87,884.38,358.24,220.97,9.287,0.841,9,30,Semi-Urban,Commercial,0,1049.9033333333334,1049.9033333333334
C00415,6,312.07,257.61,205.3,106.77,232.43,2.1,0.888,5,30,Urban,Residential,0,290.6,268.974
C01151,6,150.8,150.02,83.86,66.94,231.7,0.979,0.923,14,29,Urban,Residential,0,113.91000000000001,121.446
C01232,5,1134.05,1153.57,821.27,312.78,227.54,7.686,0.901,1,30,Semi-Urban,Commercial,0,1068.3933333333334,1034.555
C00475,6,1091.15,1047.07,617.78,473.37,227.59,7.083,0.94,19,30,Semi-Urban,Commercial,0,958.1133333333333,963.8560000000001
C01111,6,332.4,349.92,226.19,106.21,223.59,2.468,0.837,17,30,Urban,Residential,0,359.16,351.008
C00981,2,554.99,676.67,387.06,167.93,226.89,3.781,0.899,10,30,Rural,Commercial,0,676.67,676.67
C00743,1,105.47,,64.94,40.53,230.06,0.74,0.86,17,29,Urban,Residential,0,,
C01237,6,507.33,480.19,335.14,172.19,225.25,3.319,0.943,2,29,Semi-Urban,Commercial,0,470.18,441.33599999999996
C01081,5,49.52,53.87,34.2,15.32,218.5,0.344,0.914,2,25,Urban,Residential,1,112.92,114.7975
C00414,2,310.32,302.85,197.95,112.37,236.59,2.042,0.892,18,30,Semi-Urban,Residential,0,302.85,302.85
C01103,6,281.11,280.7,185.4,95.71,227.2,1.788,0.961,8,29,Urban,Residential,0,260.23,239.598
C00357,6,328.6,265.46,189.59,139.01,225.28,2.238,0.905,13,30,Rural,Residential,0,259.93,250.98199999999997
C00865,5,762.49,876.21,438.7,323.79,233.8,4.849,0.934,7,30,Urban,Commercial,0,772.9966666666668,744.0175
C00458,3,665.29,847.35,456.51,208.78,228.12,4.599,0.881,7,30,Rural,Commercial,1,774.9100000000001,774.9100000000001
C01209,6,249.54,215.76,139.01,110.53,229.3,1.527,0.99,16,30,Urban,Residential,0,217.51666666666665,204.69400000000002
C00585,3,1861.62,1670.95,697.48,1164.14,233.15,12.359,0.897,11,28,Semi-Urban,Industrial,1,1552.6599999999999,1552.6599999999999
C00280,6,447.14,381.02,266.9,180.24,225.28,3.11,0.886,14,28,Rural,Residential,0,389.59999999999997,359.556
C00709,2,326.77,272.03,234.84,91.93,236.14,2.157,0.891,6,30,Urban,Residential,0,272.03,272.03
C00525,4,4886.0,4836.21,2989.46,1896.54,213.09,34.125,0.933,11,29,Semi-Urban,Industrial,0,4080.4666666666667,4080.4666666666667
C01356,1,2857.83,,1775.11,1082.72,225.09,19.754,0.893,6,28,Semi-Urban,Industrial,0,,
C01168,3,314.8,272.73,224.1,90.7,226.97,2.019,0.954,15,29,Semi-Urban,Residential,0,286.995,286.995
C00097,5,1465.96,1467.6,819.78,646.17,227.9,10.008,0.893,14,30,Urban,Commercial,0,1151.17,1172.6675
C00679,3,224.81,233.38,161.15,63.66,231.91,1.442,0.934,4,30,Semi-Urban,Residential,0,210.55,210.55
C00558,2,146.76,129.67,86.84,59.92,232.26,0.978,0.897,5,29,Semi-Urban,Residential,0,129.67,129.67
C01235,1,255.67,,172.7,82.97,227.22,1.662,0.94,5,28,Urban,Residential,0,,
C00613,1,137.3,,96.84,40.46,239.23,0.831,0.959,5,29,Semi-Urban,Residential,0,,
C00094,2,430.29,384.76,306.89,123.4,230.89,2.796,0.926,8,28,Semi-Urban,Commercial,0,384.76,384.76
C00873,6,180.1,217.54,113.83,66.27,234.95,1.288,0.827,1,30,Urban,Residential,0,174.13,159.824
C01301,6,179.24,203.61,118.47,60.77,225.19,1.124,0.984,8,29,Semi-Urban,Residential,0,195.9766666666667,178.362
C00086,3,176.44,143.23,114.3,62.14,220.06,1.224,0.91,18,30,Semi-Urban,Residential,0,171.01999999999998,171.01999999999998
C00181,2,162.72,172.49,105.14,57.58,226.09,1.048,0.954,15,30,Urban,Residential,0,172.49,172.49
C00278,3,256.51,204.29,167.38,89.12,237.78,1.565,0.957,9,29,Urban,Residential,0,184.95,184.95
C00322,6,309.8,325.53,206.51,103.3,227.33,2.143,0.883,13,30,Urban,Residential,0,308.82,282.68199999999996
C01457,3,144.79,114.63,88.4,56.39,229.37,0.986,0.889,19,30,Semi-Urban,Residential,0,122.47,122.47
C00192,5,404.4,404.67,269.81,134.59,230.61,2.46,0.99,5,28,Urban,Residential,0,355.9433333333334,345.72
C00474,1,206.82,,148.48,58.34,234.11,1.318,0.931,17,29,Semi-Urban,Residential,0,,
C00992,4,194.21,202.65,120.32,73.9,229.93,1.338,0.877,11,30,Urban,Residential,0,180.86,180.86
C01385,5,804.43,885.74,457.06,347.37,227.59,5.32,0.923,12,30,Semi-Urban,Commercial,0,617.6133333333333,625.6675
C00863,6,252.27,237.6,180.12,72.15,233.21,1.702,0.883,12,30,Urban,Residential,0,253.61,250.96599999999998
C00139,3,371.71,359.02,210.87,160.84,220.92,2.482,0.941,7,28,Semi-Urban,Commercial,0,391.16499999999996,391.16499999999996
C01386,2,1008.99,1097.13,589.51,419.48,236.45,6.739,0.88,10,30,Rural,Commercial,0,1097.13,1097.13
C00793,1,982.27,,610.24,372.03,232.6,5.925,0.99,9,30,Urban,Commercial,0,,
C01465,6,340.15,402.08,222.59,117.56,232.33,2.235,0.91,15,30,Urban,Residential,0,339.46,328.298
C00106,6,293.96,231.3,162.3,131.66,232.12,1.849,0.951,17,29,Urban,Residential,0,233.6866666666667,221.848
C00745,2,153.37,233.11,92.44,60.93,228.86,1.028,0.906,7,29,Urban,Residential,0,233.11,233.11
C01134,2,236.65,237.6,160.59,76.06,231.67,1.515,0.936,18,28,Semi-Urban,Residential,0,237.6,237.6
C01332,2,680.49,724.31,445.2,235.29,227.4,4.55,0.914,12,29,Rural,Commercial,0,724.31,724.31
C01180,6,332.19,289.68,246.2,85.98,226.45,2.327,0.876,15,30,Semi-Urban,Residential,0,255.30333333333337,252.11800000000002
C01162,1,428.96,,307.3,121.66,235.75,2.717,0.93,0,28,Semi-Urban,Commercial,0,,
C00691,3,152.35,149.82,93.3,59.05,235.44,0.996,0.902,4,29,Urban,Residential,0,154.195,154.195
C01172,2,85.64,305.21,61.0,24.64,232.41,0.531,0.964,7,30,Urban,Residential,0,305.21,305.21
C00147,1,326.28,,182.48,143.8,242.72,2.122,0.88,8,30,Semi-Urban,Residential,0,,
C00812,4,456.63,302.85,269.41,187.23,227.95,3.206,0.868,16,30,Rural,Residential,0,278.17333333333335,278.17333333333335
C00886,6,867.49,841.75,604.33,263.15,227.11,5.77,0.919,10,28,Urban,Commercial,0,806.68,765.178
C00871,3,557.01,497.02,372.36,184.65,240.38,3.412,0.943,9,30,Rural,Commercial,0,492.42499999999995,492.42499999999995
C00001,5,312.65,373.63,182.8,129.85,235.65,1.971,0.935,6,29,Rural,Residential,0,299.40999999999997,279.9175
C00509,4,294.56,247.55,185.0,109.57,231.3,1.975,0.895,0,30,Urban,Residential,0,219.65,219.65
C00949,4,367.84,348.91,243.35,124.49,224.83,2.551,0.891,13,30,Urban,Residential,0,320.50666666666666,320.50666666666666
C00521,5,420.82,376.88,267.03,153.79,228.48,2.94,0.87,7,30,Urban,Residential,0,359.24333333333334,340.945
C00416,2,140.9,196.35,87.55,53.35,225.05,0.958,0.907,8,30,Rural,Residential,0,196.35,196.35
C00643,3,194.4,185.43,130.83,63.57,232.37,1.27,0.915,10,30,Urban,Residential,0,179.64,179.64
C00797,2,4143.51,4025.31,2466.38,1677.13,236.19,29.519,0.825,3,29,Urban,Industrial,0,4025.31,4025.31
C01252,4,154.68,151.9,86.84,67.85,223.46,1.038,0.927,10,29,Urban,Residential,0,148.38,148.38
C01077,2,206.37,237.56,152.84,53.53,240.91,1.282,0.928,15,29,Urban,Residential,0,237.56,237.56
C01049,6,1346.39,1276.29,881.36,465.02,226.27,8.868,0.932,11,29,Rural,Commercial,0,1231.58,1117.072
C00192,3,358.1,305.06,214.94,143.16,218.39,2.536,0.898,5,30,Urban,Residential,0,310.055,310.055
C00096,5,145.94,133.43,104.75,41.19,227.03,0.957,0.933,18,30,Urban,Residential,0,131.80333333333334,129.745
C00629,2,151.92,161.76,106.8,45.12,239.37,0.958,0.92,8,30,Urban,Residential,0,161.76,161.76
C00692,1,120.16,,73.21,46.96,228.75,,0.927,9,30,Semi-Urban,Residential,0,,
C00143,2,910.98,699.17,527.83,383.16,233.25,5.989,0.906,18,30,Semi-Urban,Commercial,0,699.17,699.17
C00987,4,184.36,159.01,128.31,56.05,225.92,1.176,0.964,4,30,Urban,Residential,0,144.42333333333332,144.42333333333332
C01103,3,254.44,212.39,171.8,82.64,223.17,1.805,0.877,8,29,Urban,Residential,0,208.64999999999998,208.64999999999998
C01001,3,529.48,515.72,334.38,195.1,231.77,3.407,0.931,15,30,Semi-Urban,Commercial,0,519.94,519.94
C00750,2,205.64,216.5,123.28,82.36,237.14,1.325,0.909,3,30,Urban,Residential,0,216.5,216.5
C01363,2,198.87,239.7,134.52,64.35,225.6,1.356,0.903,17,30,Semi-Urban,Residential,0,239.7,239.7
C01110,2,158.72,153.26,104.1,54.62,232.68,1.012,0.936,1,30,Urban,Residential,0,153.26,153.26
C00395,5,135.21,148.72,94.99,40.23,234.68,0.888,0.901,16,30,Semi-Urban,Residential,0,117.54333333333334,121.67750000000001
C00797,5,4364.57,4988.43,2784.67,1579.91,232.68,28.596,0.911,3,29,Urban,Industrial,0,4372.3966666666665,4285.625
C01333,1,312.47,,179.73,132.74,224.01,2.277,0.851,16,30,Urban,Residential,0,,
C00492,5,363.87,312.89,270.18,93.7,228.94,2.429,0.909,5,30,Urban,Residential,0,305.90999999999997,310.2
C00938,4,908.18,586.48,518.07,390.11,223.62,6.276,0.899,10,30,Semi-Urban,Commercial,0,606.5266666666666,606.5266666666666
C01162,6,491.71,474.94,279.56,212.15,226.6,3.214,0.938,0,29,Semi-Urban,Commercial,0,494.92333333333335,463.06000000000006
C01453,5,372.05,387.92,268.58,103.47,246.16,2.303,0.911,17,30,Urban,Residential,0,321.67,313.9975
C00307,6,189.82,203.63,126.42,63.39,228.56,1.3,0.887,18,28,Urban,Residential,0,179.73333333333335,166.324
C00998,5,248.14,232.72,156.75,91.39,230.6,1.667,0.897,0,28,Urban,Residential,0,203.52999999999997,195.76999999999998
C00090,4,3624.49,3118.0,1998.79,1625.7,229.42,25.388,0.864,15,28,Urban,Industrial,0,2889.273333333333,2889.273333333333
C00468,5,321.31,281.87,223.29,98.01,231.4,2.151,0.897,10,30,Rural,Residential,0,236.03666666666666,226.3875
C00967,6,359.59,415.2,197.87,161.72,232.64,2.168,0.99,0,29,Rural,Residential,0,407.74666666666667,352.072
C00933,5,343.2,412.99,225.5,117.71,227.67,2.314,0.905,11,28,Semi-Urban,Residential,0,364.80333333333334,344.5375
C01202,1,183.47,,115.62,67.85,222.57,1.358,0.843,10,28,Rural,Residential,0,,
C01224,6,220.08,229.06,131.62,88.47,225.67,1.483,0.913,15,30,Semi-Urban,Residential,0,200.87333333333333,191.584
C01261,1,252.86,,140.9,111.96,230.66,1.617,0.942,19,30,Urban,Residential,0,,
C01350,3,290.42,275.22,163.54,126.87,220.74,2.01,0.909,19,29,Urban,Residential,0,259.945,259.945
C00131,5,193.55,147.57,129.93,63.62,223.93,1.279,0.938,7,30,Urban,Residential,0,138.95666666666668,138.435
C00235,6,274.68,276.06,155.09,119.59,225.33,1.849,0.916,0,29,Urban,Residential,0,267.9166666666667,249.98600000000002
C00026,5,1363.76,1127.75,1009.9,353.85,236.08,8.448,0.95,11,30,Urban,Commercial,0,1071.3866666666665,1036.0025
C01302,1,128.6,,88.53,40.07,223.33,0.889,0.899,12,30,Urban,Residential,0,,
C00502,4,144.64,132.85,100.03,44.61,226.39,0.925,0.959,16,30,Urban,Residential,0,125.04666666666667,125.04666666666667
C00282,1,283.05,,192.63,90.42,229.59,2.01,0.852,1,28,Urban,Residential,0,,
C00670,1,135.46,,98.1,37.36,228.62,0.858,0.959,2,28,Urban,Residential,0,,
C01243,4,205.57,155.19,116.47,89.1,229.48,1.315,0.946,12,28,Urban,Residential,0,168.82666666666668,168.82666666666668
C00644,6,164.29,130.22,113.62,50.67,225.19,1.138,0.89,8,30,Urban,Residential,0,130.51666666666665,119.106
C00456,4,130.02,133.35,79.62,50.4,228.22,0.801,0.988,4,30,Rural,Residential,0,117.01333333333332,117.01333333333332
C00316,6,322.59,220.9,196.14,126.45,234.37,2.132,0.897,9,30,Rural,Residential,1,232.87333333333333,267.466
C00908,1,281.56,,205.04,76.53,236.47,1.821,0.908,7,30,Semi-Urban,Residential,0,,
C00095,6,243.95,262.96,146.05,97.89,224.3,1.592,0.949,9,29,Rural,Residential,0,246.64,226.37600000000003
C01119,2,202.72,207.69,133.19,69.53,229.98,1.391,0.88,1,28,Rural,Residential,0,207.69,207.69
C00976,5,269.8,240.5,195.19,74.61,222.08,1.813,0.931,16,29,Urban,Residential,0,217.35666666666665,203.2575
C00303,5,1208.79,1283.39,786.69,422.1,235.63,7.778,0.916,16,30,Rural,Commercial,0,1074.28,1065.555
C01387,4,233.47,155.53,161.0,72.47,238.12,1.41,0.965,7,30,Semi-Urban,Residential,0,160.01,160.01
C00566,5,337.4,357.01,235.09,102.31,232.51,2.433,0.828,11,28,Urban,Residential,0,323.4166666666667,316.7275
C00555,4,202.6,234.29,129.13,73.46,228.45,1.334,0.923,11,30,Urban,Residential,0,183.82000000000002,183.82000000000002
C01009,2,133.49,123.5,94.39,39.1,226.98,,0.89,6,30,Urban,Residential,0,123.5,123.5
C01018,1,225.52,,143.45,82.07,216.37,1.552,0.933,4,29,Semi-Urban,Residential,0,,
C00496,6,311.27,383.88,180.8,130.47,226.38,2.075,0.92,10,29,Rural,Residential,0,356.6933333333333,324.42600000000004
C00164,3,110.89,128.6,71.04,39.85,233.35,0.697,0.947,18,30,Urban,Residential,0,120.19999999999999,120.19999999999999
C00032,5,253.08,285.17,184.75,68.33,235.75,1.642,0.908,13,29,Semi-Urban,Residential,0,240.39333333333335,230.155
C00849,1,265.9,,180.96,84.95,236.16,1.653,0.946,9,29,Semi-Urban,Residential,0,,
C00117,4,384.06,310.83,237.6,146.46,230.12,2.613,0.887,15,29,Semi-Urban,Residential,0,274.88666666666666,274.88666666666666
C01471,4,429.57,363.17,296.77,132.8,248.4,2.795,0.859,5,29,Urban,Residential,0,325.5333333333333,325.5333333333333
C00102,1,147.38,,103.46,43.92,224.51,1.059,0.861,17,29,Semi-Urban,Residential,0,,
C00051,2,300.77,239.71,191.92,108.85,233.19,1.906,0.94,8,29,Rural,Residential,0,239.71,239.71
C00571,1,296.53,,191.4,105.13,234.56,1.801,0.975,1,30,Urban,Residential,0,,
C01478,4,254.6,242.56,188.2,66.4,232.33,1.661,0.916,14,30,Urban,Residential,0,207.28666666666666,207.28666666666666
C00177,5,265.46,345.83,175.39,90.07,236.39,1.879,0.83,8,29,Urban,Residential,0,308.41333333333336,283.675
C00575,1,159.03,,102.65,56.39,233.06,1.065,0.89,2,28,Urban,Residential,0,,
C00179,2,2592.41,2691.46,1883.83,708.58,239.67,16.149,0.93,0,29,Rural,Industrial,0,2691.46,2691.46
C00368,4,4430.18,4285.57,2568.35,1861.83,229.1,27.507,0.976,3,30,Semi-Urban,Industrial,0,4170.986666666667,4170.986666666667
C01224,2,174.08,181.22,127.34,46.74,231.99,1.153,0.904,15,30,Semi-Urban,Residential,0,181.22,181.22
C01369,1,224.56,,141.58,82.99,237.16,1.328,0.99,9,30,Semi-Urban,Residential,0,,
C01280,6,351.24,354.42,199.07,152.17,232.85,2.237,0.936,4,28,Semi-Urban,Residential,0,338.90333333333336,335.002
C00774,5,298.92,384.0,181.21,117.7,228.37,1.876,0.969,8,29,Semi-Urban,Residential,0,335.27666666666664,337.35
C01281,4,404.68,345.65,300.01,104.67,235.67,2.409,0.99,17,30,Rural,Residential,0,347.40333333333336,347.40333333333336
C01333,5,322.05,341.0,196.7,125.35,232.49,2.125,0.905,16,29,Urban,Residential,0,304.88,306.77750000000003
C00934,3,226.15,182.69,145.56,80.58,229.23,1.483,0.924,0,30,Rural,Residential,0,180.72,180.72
C01171,3,224.36,165.29,154.08,70.28,227.68,1.468,0.932,12,30,Urban,Residential,0,195.51,195.51
C00816,4,246.05,240.89,161.21,84.84,223.72,1.543,0.99,4,29,Urban,Residential,0,224.53333333333333,224.53333333333333
C00038,4,316.72,257.63,207.19,109.54,234.16,2.044,0.919,13,30,Rural,Residential,0,237.07000000000002,237.07000000000002
C00560,1,324.31,,210.05,114.26,235.06,2.143,0.894,12,28,Semi-Urban,Residential,0,,
C00983,4,1657.46,1407.6,935.04,722.41,228.82,10.802,0.931,7,28,Semi-Urban,Industrial,0,1401.2066666666667,1401.2066666666667
C01460,1,154.25,,108.37,45.89,225.24,1.034,0.92,0,29,Urban,Residential,0,,
C00573,5,4943.17,4416.33,3621.3,1321.87,234.14,31.0,0.946,0,30,Semi-Urban,Industrial,0,4188.900000000001,4158.1975
C00283,2,109.11,134.25,71.52,37.59,240.74,0.677,0.93,2,29,Rural,Residential,0,134.25,134.25
C01149,6,2049.74,2052.12,1173.02,876.72,229.6,13.567,0.914,1,29,Urban,Industrial,0,1877.4966666666667,1738.9239999999998
C00175,2,219.74,161.98,160.83,58.91,235.36,1.327,0.977,2,28,Urban,Residential,0,161.98,161.98
C00575,3,156.15,123.4,114.17,41.99,232.43,1.037,0.9,2,30,Urban,Residential,0,141.215,141.215
C01342,5,402.88,733.19,242.36,160.52,220.99,2.558,0.99,10,30,Urban,Commercial,0,660.82,651.2175
C01334,1,240.26,,167.44,72.82,236.23,1.516,0.932,4,29,Rural,Residential,0,,
C00790,2,221.45,231.72,165.19,56.26,224.2,1.507,0.91,14,29,Urban,Residential,0,231.72,231.72
C00750,3,222.96,205.64,138.99,83.98,227.47,1.517,0.897,3,30,Urban,Residential,0,211.07,211.07
C00204,1,3784.56,,2773.08,1011.49,224.67,25.666,0.912,12,29,Urban,Industrial,0,,
C01003,4,1326.74,1187.72,972.76,353.98,234.08,8.733,0.901,13,28,Rural,Commercial,0,993.2233333333334,993.2233333333334
C00665,4,970.59,883.04,622.27,348.32,231.87,6.408,0.907,4,30,Urban,Commercial,0,818.8433333333332,818.8433333333332
C00819,4,338.35,276.68,251.06,87.29,232.54,2.186,0.925,2,28,Semi-Urban,Residential,0,268.05333333333334,268.05333333333334
C00749,6,289.79,361.21,164.23,125.56,231.48,2.039,0.853,13,30,Urban,Residential,0,317.18333333333334,288.45
C01158,3,183.27,144.32,128.16,55.11,231.03,,0.957,15,30,Semi-Urban,Residential,0,152.425,152.425
C00950,6,247.97,219.27,167.68,80.29,225.46,1.635,0.934,10,29,Urban,Residential,0,242.13333333333333,229.118
C01393,1,269.33,,172.54,96.79,231.3,1.929,0.838,5,30,Urban,Residential,0,,
C00160,3,140.62,127.08,78.21,62.41,215.84,0.936,0.966,10,30,Semi-Urban,Residential,0,125.405,125.405
C00479,2,100.52,172.47,75.24,25.29,235.77,0.684,0.866,1,30,Urban,Residential,0,172.47,172.47
C00739,6,305.55,556.39,112.16,193.39,228.26,2.914,0.638,15,15,Urban,Residential,1,492.54333333333335,411.884
C00829,6,314.11,295.82,234.86,79.25,230.37,1.985,0.954,13,30,Urban,Residential,0,235.34,225.638
C00494,4,235.04,172.97,141.4,93.64,222.43,1.553,0.945,2,29,Urban,Residential,0,179.25666666666666,179.25666666666666
C00367,5,1138.97,1014.6,650.26,488.7,235.06,7.041,0.956,12,30,Semi-Urban,Commercial,0,716.7133333333335,701.605
C00017,3,129.43,163.06,87.11,42.33,221.6,0.906,0.896,3,30,Rural,Residential,0,159.64499999999998,159.64499999999998
C01485,5,177.14,167.2,126.54,50.6,232.14,1.096,0.967,12,28,Urban,Residential,0,146.93666666666667,140.3125
C00427,2,248.6,233.86,153.11,95.49,221.93,1.613,0.964,9,30,Semi-Urban,Residential,0,233.86,233.86
C01408,4,308.92,289.18,189.48,119.43,225.87,2.128,0.893,16,30,Urban,Residential,0,298.00333333333333,298.00333333333333
C00700,6,287.73,299.86,183.44,104.29,236.38,,0.913,15,29,Urban,Residential,0,271.30333333333334,254.214
C00924,2,296.67,230.29,218.11,78.56,221.9,1.933,0.961,18,29,Semi-Urban,Residential,0,230.29,230.29
C00275,5,208.78,213.16,116.18,92.6,230.18,1.474,0.854,13,30,Rural,Residential,0,174.08,162.08499999999998
C01033,6,137.72,123.46,96.23,41.49,234.68,0.905,0.901,10,28,Semi-Urban,Residential,0,124.05333333333333,113.94200000000001
C01050,2,303.18,287.15,198.29,104.89,228.61,2.163,0.851,14,30,Rural,Residential,0,287.15,287.15
C00750,6,247.94,284.62,167.02,80.92,229.29,1.687,0.89,3,30,Urban,Residential,0,270.42,246.68
C00193,3,260.67,246.54,195.43,65.24,233.17,1.683,0.923,9,29,Rural,Residential,0,255.06,255.06
C00376,6,1531.7,1383.36,860.33,671.38,236.12,9.256,0.973,10,29,Urban,Commercial,0,1295.3033333333333,1193.618
C00529,3,264.48,230.36,185.96,78.52,226.67,1.687,0.96,11,30,Urban,Residential,0,236.94,236.94
C01234,3,169.52,156.52,112.47,57.05,232.19,1.157,0.876,5,30,Urban,Residential,0,150.53,150.53
C01194,1,117.75,,69.07,48.68,219.45,0.753,0.99,18,28,Semi-Urban,Residential,0,,
C00519,1,120.13,,72.31,47.82,239.31,0.783,0.89,18,30,Urban,Residential,0,,
C00759,1,1360.08,,1012.75,347.33,229.44,9.029,0.912,1,29,Urban,Industrial,0,,
C00904,6,312.64,378.05,174.45,138.19,238.79,1.938,0.938,3,29,Semi-Urban,Residential,0,365.38333333333327,332.786
C00342,4,369.37,306.67,231.03,138.34,230.13,2.281,0.977,0,30,Semi-Urban,Residential,0,296.16,296.16
C01470,2,780.58,711.35,547.91,232.66,228.89,5.082,0.932,6,30,Semi-Urban,Commercial,0,711.35,711.35
C01477,3,816.44,819.91,595.68,220.76,230.31,5.455,0.903,9,30,Urban,Commercial,0,933.5999999999999,933.5999999999999
C00044,5,199.08,212.87,115.55,83.53,231.49,1.257,0.95,9,29,Urban,Residential,0,184.63,184.27
C00677,6,251.56,255.99,151.62,99.94,232.79,1.613,0.93,7,28,Urban,Residential,0,220.39666666666668,204.698
C00923,3,325.41,328.45,236.02,89.38,229.94,1.985,0.99,10,28,Urban,Residential,0,306.28999999999996,306.28999999999996
C01103,5,280.7,245.55,173.31,107.39,232.67,1.693,0.99,8,28,Urban,Residential,0,237.46,229.3225
C01354,3,254.49,247.21,163.56,90.92,229.6,1.681,0.916,13,30,Semi-Urban,Residential,0,256.195,256.195
C01360,2,1902.82,1938.94,1183.84,718.98,,13.116,0.917,3,30,Semi-Urban,Industrial,0,1938.94,1938.94
C00301,3,318.95,265.02,201.56,117.38,231.54,1.982,0.965,13,29,Rural,Residential,0,313.395,313.395
C00790,3,271.52,221.45,178.2,93.32,233.67,1.747,0.924,14,29,Urban,Residential,0,226.58499999999998,226.58499999999998
C00398,4,138.52,229.54,86.91,51.61,241.06,0.865,0.922,3,28,Urban,Residential,0,226.05666666666664,226.05666666666664
C01116,5,744.4,732.17,505.53,238.86,236.14,5.002,0.875,13,30,Urban,Commercial,0,613.2266666666666,577.86
C00960,6,167.47,180.2,111.94,55.52,225.95,1.132,0.909,7,30,Rural,Residential,0,158.42666666666665,145.434
C00327,4,101.45,261.7,69.04,32.41,236.52,0.614,,6,28,Semi-Urban,Residential,0,283.31666666666666,283.31666666666666
C00497,1,363.81,,228.23,135.58,222.81,2.518,0.901,18,30,Semi-Urban,Commercial,0,,
C01447,5,3717.68,2879.93,2515.81,1201.88,231.36,25.508,0.875,15,29,Semi-Urban,Industrial,0,2849.653333333333,2802.7225
C00308,2,803.64,850.6,503.68,299.96,228.2,4.941,0.99,8,28,Semi-Urban,Commercial,0,850.6,850.6
C00290,1,193.34,,115.37,77.97,236.23,1.158,0.982,16,30,Semi-Urban,Residential,0,,
C00486,2,4459.15,3782.59,2518.56,1940.59,220.05,28.962,0.972,13,29,Semi-Urban,Industrial,0,3782.59,3782.59
C01390,5,296.95,253.9,181.7,115.25,228.75,1.908,0.945,19,29,Rural,Residential,0,235.63333333333333,225.3625
C00332,1,305.97,,211.5,94.46,225.87,2.092,0.899,1,30,Urban,Residential,0,,
C01092,1,310.14,,221.53,88.61,227.19,2.024,0.937,17,29,Rural,Residential,0,,
C01184,1,349.78,,196.37,153.41,227.92,2.296,0.928,9,30,Urban,Commercial,0,,
C00469,4,290.18,307.45,167.43,122.75,226.3,2.008,0.887,7,30,Urban,Residential,0,277.9433333333333,277.9433333333333
C00110,6,252.88,243.12,158.92,93.96,236.16,1.593,0.933,18,29,Urban,Residential,0,224.17666666666665,203.84
C00419,4,907.78,810.04,663.31,244.47,235.13,5.854,0.916,5,30,Urban,Commercial,0,693.1066666666666,693.1066666666666
C00714,5,468.37,444.88,296.41,171.96,224.41,3.328,0.871,18,30,Semi-Urban,Commercial,0,399.21000000000004,401.21500000000003
C01467,5,234.97,276.98,152.05,82.92,226.95,1.615,0.89,3,29,Semi-Urban,Residential,0,228.54333333333332,227.3475
C01048,6,905.41,858.26,572.84,332.57,230.1,6.091,0.897,5,30,Semi-Urban,Commercial,0,772.8066666666667,673.2059999999999
C00322,5,325.53,332.14,221.29,104.25,224.74,2.112,0.952,13,30,Urban,Residential,0,283.4633333333333,271.97
C01188,4,2087.38,439.92,1510.45,576.94,230.07,13.046,0.966,6,30,Urban,Industrial,0,1134.9566666666667,1134.9566666666667
C00033,6,266.69,307.23,180.83,85.87,227.4,1.755,0.928,17,29,Semi-Urban,Residential,0,265.6666666666667,240.63000000000002
C01297,2,278.97,269.74,194.97,84.0,229.43,1.828,0.924,15,29,Semi-Urban,Residential,0,269.74,269.74
C00489,4,182.78,149.06,114.59,68.19,237.66,1.113,0.96,14,30,Urban,Residential,0,124.24666666666667,124.24666666666667
C01335,1,393.4,,250.89,142.52,233.72,2.427,0.963,15,28,Rural,Commercial,0,,
C00388,6,211.55,200.43,146.04,65.51,234.58,1.386,0.904,12,30,Urban,Residential,0,208.01333333333332,202.362
C00732,4,951.83,1168.07,712.42,239.41,232.01,6.286,0.906,6,30,Urban,Commercial,0,978.13,978.13
C00704,1,856.51,,603.23,253.29,222.16,6.268,0.854,4,28,Semi-Urban,Commercial,0,,
C00034,5,109.63,212.15,61.09,48.54,233.54,0.68,0.958,2,29,Semi-Urban,Residential,0,177.76999999999998,180.075
C00586,1,232.8,,166.72,66.08,224.85,1.484,0.969,4,29,Rural,Residential,0,,
C00822,6,270.12,339.68,155.63,114.49,226.38,1.739,0.953,2,29,Urban,Residential,0,291.5833333333333,270.098
C00923,4,312.42,325.41,206.06,106.37,230.13,2.09,0.902,10,30,Urban,Residential,0,312.66333333333336,312.66333333333336
C00966,2,138.62,120.3,103.75,34.87,225.55,0.933,0.915,11,30,Urban,Residential,0,120.3,120.3
C00285,4,340.53,363.93,194.35,146.18,228.91,2.331,0.886,18,30,Urban,Residential,0,298.93333333333334,298.93333333333334
C00863,1,257.7,,166.4,91.31,231.53,1.735,0.891,12,30,Urban,Residential,0,,
C00875,6,63.89,288.77,35.91,27.98,223.36,0.42,0.946,3,25,Semi-Urban,Residential,1,251.97333333333336,242.41
C01089,1,849.53,,496.69,352.84,227.77,5.358,0.967,5,30,Urban,Commercial,0,,
C01485,4,167.2,125.95,114.59,52.62,236.19,0.993,0.99,12,29,Urban,Residential,0,131.35,131.35
C00976,6,254.71,269.8,165.7,89.01,224.63,1.75,0.9,16,30,Urban,Residential,0,240.99666666666667,216.56599999999997
C01361,5,880.08,1071.89,621.66,258.42,230.57,6.147,0.862,5,30,Urban,Commercial,0,873.7600000000001,812.065
C00143,3,619.89,910.98,377.24,242.65,224.52,5.529,0.694,18,29,Semi-Urban,Commercial,1,805.075,805.075
C00790,4,276.01,271.52,190.37,85.64,230.23,1.682,0.99,14,30,Urban,Residential,0,241.5633333333333,241.5633333333333
C00117,3,310.83,244.28,214.09,96.74,224.4,2.006,0.959,15,29,Semi-Urban,Residential,0,256.915,256.915
C00617,1,329.96,,242.48,87.48,234.32,2.244,0.872,3,30,Semi-Urban,Residential,0,,
C00273,5,140.35,158.16,96.68,43.68,241.61,1.857,0.435,5,30,Semi-Urban,Residential,1,135.95000000000002,145.275
C01214,3,184.93,177.9,105.21,79.72,228.49,1.241,0.906,11,29,Urban,Residential,0,178.57,178.57
C01260,1,591.81,,414.08,177.73,224.38,4.101,0.893,11,28,Urban,Commercial,0,,
C00597,6,355.44,438.34,234.95,120.49,227.31,2.604,0.834,8,30,Urban,Residential,0,391.18,363.212
C00216,2,3513.1,4054.14,2342.1,1171.0,237.22,24.336,0.845,11,30,Semi-Urban,Industrial,0,4054.14,4054.14
C01098,4,166.28,145.63,109.86,56.42,237.97,1.04,0.933,9,28,Urban,Residential,0,122.13333333333333,122.13333333333333
C00309,6,642.35,658.72,414.36,227.99,225.97,4.361,0.905,4,30,Urban,Commercial,0,533.04,518.242
C00873,1,140.27,,102.37,37.9,228.38,0.898,0.95,1,30,Urban,Residential,0,,
C00628,2,774.61,1031.52,476.76,297.85,242.42,4.764,0.931,6,30,Semi-Urban,Commercial,0,1031.52,1031.52
C00551,5,410.33,370.04,281.81,128.52,226.62,2.54,0.99,8,29,Rural,Residential,0,319.25666666666666,309.2825
C00250,2,1578.92,1696.15,894.11,684.81,226.1,10.106,0.96,13,28,Urban,Industrial,0,1696.15,1696.15
C01333,3,315.24,258.4,206.23,109.02,226.69,2.169,0.891,16,30,Urban,Residential,0,285.435,285.435
C00334,1,1154.95,,640.52,514.44,232.08,7.278,0.95,8,29,Rural,Commercial,0,,
C00111,4,573.57,586.45,395.19,178.38,231.22,4.01,0.859,19,30,Urban,Commercial,0,467.42333333333335,467.42333333333335
C00625,5,288.44,263.75,184.35,104.09,222.67,1.893,0.95,5,29,Urban,Residential,0,278.34,264.5725
C00736,4,531.12,574.3,374.44,156.68,223.76,3.373,,0,30,Rural,Commercial,0,541.1033333333334,541.1033333333334
C00922,5,439.46,563.31,259.28,180.18,242.37,2.708,0.93,0,30,Rural,Commercial,0,472.98999999999995,442.0225
C00930,2,294.91,245.59,201.18,93.73,229.51,2.048,0.871,16,30,Urban,Residential,0,245.59,245.59
C01484,4,628.68,640.6,459.03,169.65,230.59,4.2,,17,28,Rural,Commercial,0,602.9533333333334,602.9533333333334
C01255,3,331.26,308.75,203.6,127.67,,2.258,0.891,9,28,Rural,Residential,0,299.985,299.985
C00978,3,785.98,771.19,513.15,272.83,238.49,5.028,0.91,3,29,Urban,Commercial,0,706.585,706.585
C01130,3,297.56,281.22,220.89,76.66,234.96,1.777,0.99,14,30,Urban,Residential,0,289.95500000000004,289.95500000000004
C00218,5,738.31,779.98,496.76,241.55,232.24,4.733,0.933,19,28,Urban,Commercial,0,719.9333333333334,714.0725
C01233,1,134.89,,82.18,52.71,234.52,0.819,0.976,4,30,Rural,Residential,0,,
C00933,1,283.74,,209.66,74.08,224.68,2.061,0.851,11,29,Semi-Urban,Residential,0,,
C00278,2,204.29,165.61,139.38,64.9,232.04,1.383,0.884,9,30,Urban,Residential,0,165.61,165.61
C00909,3,315.7,298.97,184.33,131.37,236.42,1.917,0.967,10,30,Urban,Residential,0,298.43,298.43
C00605,4,1336.67,1031.0,974.91,361.75,233.51,8.225,0.967,13,29,Urban,Commercial,0,1008.9866666666667,1008.9866666666667
C00449,6,3184.09,4146.06,2019.95,1164.15,231.43,20.681,0.924,15,30,Semi-Urban,Industrial,0,3350.8300000000004,3175.2160000000003
C00986,6,255.22,255.63,150.86,104.36,230.82,1.655,0.928,16,29,Rural,Residential,0,232.29666666666665,207.78400000000002
C00527,2,245.53,251.95,173.87,71.66,231.82,1.565,0.94,7,30,Semi-Urban,Residential,0,251.95,251.95
C01112,3,153.96,164.21,104.28,49.68,232.05,1.041,0.885,7,30,Rural,Residential,0,163.55,163.55
C00177,4,345.83,294.23,225.13,120.7,233.2,2.231,0.923,8,30,Urban,Residential,0,262.9566666666667,262.9566666666667
C00773,5,1123.65,1298.05,709.31,414.34,228.93,7.595,0.898,9,29,Urban,Commercial,0,1151.783333333333,1116.745
C00541,3,158.1,164.15,115.03,43.07,237.27,1.118,0.828,15,30,Semi-Urban,Residential,0,160.635,160.635
C00280,5,381.02,437.75,233.86,147.16,226.46,2.511,0.931,14,30,Rural,Residential,0,370.56666666666666,354.19
C01149,5,2052.12,1845.19,1305.13,746.99,226.24,14.17,0.889,1,30,Urban,Industrial,0,1749.7166666666665,1660.625
C01063,3,200.88,168.29,136.37,64.51,228.03,1.287,0.951,3,29,Semi-Urban,Residential,0,151.165,151.165
C01263,3,133.76,126.06,82.34,51.42,226.17,0.866,0.948,18,30,Rural,Residential,0,111.005,111.005
C00293,6,279.73,293.56,174.33,105.4,232.54,1.733,0.964,14,29,Urban,Residential,0,277.6566666666667,240.06799999999998
C01004,2,247.1,244.41,183.1,64.01,231.64,1.548,0.957,14,30,Rural,Residential,0,244.41,244.41
C00853,5,3639.12,4249.86,2672.12,967.01,227.18,23.011,0.967,15,28,Semi-Urban,Industrial,0,3860.953333333333,3728.6575
C01460,2,187.98,154.25,103.42,84.56,232.43,1.309,0.858,0,29,Urban,Residential,0,154.25,154.25
C01235,5,362.74,299.12,243.01,119.73,231.13,2.365,0.922,5,30,Urban,Residential,0,315.27,300.37
C00466,1,182.26,,112.39,69.87,233.12,1.183,0.918,2,30,Urban,Residential,0,,
C00144,6,145.94,78.91,93.52,52.41,233.79,1.001,0.866,7,30,Rural,Residential,0,118.91666666666667,120.726
C01310,5,85.27,233.8,63.79,21.48,226.75,0.554,0.942,16,30,Semi-Urban,Residential,0,201.83666666666667,187.0775
C00248,3,231.81,258.82,134.99,96.82,236.83,1.492,0.911,0,29,Urban,Residential,0,245.665,245.665
C01173,4,1550.15,2393.7,1011.07,539.09,229.63,18.492,0.507,16,29,Semi-Urban,Industrial,1,2140.643333333333,2140.643333333333
C01287,6,192.84,797.53,113.74,79.1,224.34,1.209,0.988,1,25,Semi-Urban,Commercial,1,708.0666666666666,697.0699999999999
C00997,2,696.11,607.5,440.24,255.88,235.23,4.265,0.964,3,28,Urban,Commercial,0,607.5,607.5
C00856,5,286.45,233.24,164.98,121.47,231.64,1.886,0.911,2,30,Urban,Residential,0,232.83333333333334,238.2525
C00035,3,346.57,334.54,212.36,134.21,226.39,2.148,0.99,10,30,Semi-Urban,Residential,0,287.145,287.145
C00749,1,249.45,,179.22,70.23,241.94,1.501,0.954,13,28,Urban,Residential,0,,
C01157,3,198.45,212.22,129.39,69.06,227.36,1.331,0.911,12,30,Urban,Residential,0,201.57999999999998,201.57999999999998
C01152,5,183.6,160.94,135.72,47.88,234.0,1.143,0.953,8,29,Rural,Residential,0,146.36666666666665,140.39249999999998
C00084,5,227.43,194.57,167.34,60.09,228.57,1.654,0.835,10,29,Urban,Residential,0,186.87333333333333,180.6275
C01231,6,479.48,527.53,340.77,138.71,228.31,3.007,0.97,11,30,Rural,Commercial,0,528.7066666666667,452.296
C00172,3,248.98,215.65,161.42,87.57,227.76,1.605,0.946,3,30,Urban,Residential,0,242.435,242.435
C00641,1,170.28,,101.45,68.83,236.08,1.125,0.89,6,30,Urban,Residential,0,,
C01352,5,513.57,516.75,325.39,188.18,235.99,3.22,0.939,0,29,Semi-Urban,Commercial,0,462.39000000000004,459.045
C00843,5,1053.22,728.34,610.08,443.14,231.46,6.943,0.91,11,30,Rural,Commercial,0,777.8000000000001,836.025
C01360,1,1938.94,,1071.9,867.03,229.2,13.091,0.898,3,28,Semi-Urban,Industrial,0,,
C00456,2,108.88,108.81,76.23,32.65,227.19,0.703,0.947,4,30,Rural,Residential,0,108.81,108.81
C00410,1,588.08,,414.27,173.82,230.19,4.027,0.881,11,30,Urban,Commercial,0,,
C01203,4,332.34,270.13,203.74,128.6,232.31,2.183,0.91,5,29,Semi-Urban,Residential,0,255.76333333333332,255.76333333333332
C00518,3,186.29,168.34,125.4,60.89,226.54,1.216,0.94,8,30,Urban,Residential,0,153.87,153.87
C01399,5,239.75,239.28,138.05,101.71,226.63,1.502,0.978,0,29,Urban,Residential,0,224.26333333333332,219.01
C01047,3,151.47,138.19,102.56,48.91,227.13,0.992,0.934,6,29,Semi-Urban,Residential,0,128.335,128.335
C00517,4,4835.0,1292.07,2824.08,2010.92,230.35,32.361,0.901,9,28,Semi-Urban,Industrial,0,2433.523333333333,2433.523333333333
C01031,5,2607.49,3082.51,1542.11,1065.38,226.31,19.349,0.827,2,28,Rural,Industrial,1,2217.7033333333334,2346.9025
C00594,4,200.35,152.8,149.22,51.13,228.71,1.327,0.917,15,30,Semi-Urban,Residential,0,143.02333333333334,143.02333333333334
C00983,1,1438.38,,847.04,591.35,220.97,10.297,0.878,7,28,Semi-Urban,Industrial,0,,
C00066,2,138.54,147.92,96.77,41.77,221.89,0.928,0.934,4,28,Rural,Residential,0,147.92,147.92
C01123,5,1009.47,1265.7,717.7,291.77,226.48,6.885,0.899,7,28,Urban,Commercial,0,989.9466666666667,977.2275
C00937,3,620.53,546.81,404.36,216.17,229.35,4.092,0.918,18,30,Urban,Commercial,0,529.005,529.005
C00877,3,289.58,250.61,206.16,83.43,225.78,1.92,0.928,16,28,Rural,Residential,0,255.805,255.805
C00450,2,210.24,219.07,127.91,82.33,238.61,1.249,0.979,16,30,Rural,Residential,0,219.07,219.07
C00338,6,215.9,229.28,150.08,65.82,232.61,1.387,0.93,17,28,Rural,Residential,0,237.23000000000002,220.352
C00911,4,1096.3,975.81,611.32,484.98,229.37,7.269,0.913,16,28,Urban,Commercial,0,833.1366666666667,833.1366666666667
C00429,1,267.44,,178.34,89.1,234.25,1.837,0.863,11,30,Rural,Residential,0,,
C01335,3,471.88,474.52,277.25,194.63,226.24,3.045,0.951,15,29,Rural,Commercial,0,433.96,433.96
C00011,5,1121.34,916.56,810.96,310.37,233.5,7.292,0.915,14,28,Rural,Commercial,0,864.2333333333332,844.105
C00344,5,1253.97,1621.05,904.2,349.77,228.95,8.24,0.923,15,30,Rural,Commercial,0,1231.6866666666667,1180.4875
C00880,3,257.03,246.26,164.98,92.06,231.97,1.746,0.882,0,29,Rural,Residential,0,240.075,240.075
C01202,3,215.37,186.97,143.11,72.26,221.38,1.413,0.956,10,29,Rural,Residential,0,185.22,185.22
C01448,3,163.81,132.35,109.16,54.64,227.4,1.238,0.808,9,28,Semi-Urban,Residential,0,124.72999999999999,124.72999999999999
C01429,4,374.62,304.78,241.77,132.85,229.27,2.547,0.891,2,30,Rural,Residential,0,227.60999999999999,227.60999999999999
C01056,2,766.07,735.46,533.99,232.08,227.49,4.724,0.99,18,29,Urban,Commercial,0,735.46,735.46
C00810,6,300.14,309.42,202.9,97.24,234.35,1.913,0.93,7,29,Rural,Residential,0,269.39000000000004,259.116
C00815,4,297.43,296.8,209.61,87.82,229.77,1.85,0.972,3,28,Rural,Residential,0,287.26666666666665,287.26666666666665
C00147,3,283.41,307.43,184.7,98.71,231.63,1.753,0.97,8,29,Semi-Urban,Residential,0,316.855,316.855
C01422,4,346.65,216.91,259.89,86.76,224.42,2.396,0.895,1,29,Semi-Urban,Residential,0,258.07,258.07
C01320,3,143.02,111.31,80.18,62.84,219.56,0.987,0.917,17,30,Semi-Urban,Residential,0,123.28,123.28
C01144,6,163.76,149.33,95.55,68.21,236.74,1.095,0.878,3,30,Urban,Residential,0,151.96333333333334,142.662
C01316,3,839.43,412.27,622.52,216.91,228.68,5.465,0.933,11,30,Urban,Commercial,0,606.15,606.15
C01074,2,540.19,502.64,392.28,147.91,223.66,3.702,0.906,15,29,Urban,Commercial,0,502.64,502.64
C01312,4,251.09,219.55,171.5,79.6,226.25,1.657,0.93,4,28,Urban,Residential,0,213.33,213.33
C00170,3,531.0,502.61,327.69,203.31,228.26,3.523,0.917,15,30,Urban,Commercial,0,550.575,550.575
C01272,4,340.12,281.11,226.65,113.47,223.3,2.268,0.933,18,29,Rural,Residential,0,258.0,258.0
C00166,6,181.92,199.89,136.01,45.91,236.29,1.146,0.933,14,29,Semi-Urban,Residential,0,191.91666666666666,179.936
C00717,2,653.9,505.35,461.12,192.77,234.81,4.34,0.891,18,29,Urban,Commercial,0,505.35,505.35
C00027,6,433.46,386.97,324.78,108.68,225.33,2.812,0.95,0,30,Semi-Urban,Residential,0,394.2966666666667,362.908
C00946,6,172.36,166.61,96.51,75.85,236.13,1.074,0.944,0,30,Semi-Urban,Residential,0,154.29666666666665,141.748
C01146,4,185.26,95.23,110.87,74.39,231.17,1.181,0.942,6,30,Semi-Urban,Residential,0,134.94,134.94
C01332,4,860.43,719.0,483.23,377.2,229.3,5.446,0.957,12,29,Rural,Commercial,0,707.9333333333334,707.9333333333334
C00641,4,235.84,199.62,144.69,91.15,223.83,,0.849,6,29,Urban,Residential,0,186.83,186.83
C00171,2,168.02,210.87,115.01,53.01,225.34,1.093,0.947,2,30,Urban,Residential,0,210.87,210.87
C00513,2,226.6,268.49,127.85,98.76,225.05,1.518,0.921,7,29,Urban,Residential,0,268.49,268.49
C01260,2,570.05,591.81,397.28,172.77,230.94,3.623,0.946,11,30,Urban,Commercial,0,591.81,591.81
C00658,2,576.84,477.0,342.53,234.31,230.57,3.51,0.99,14,29,Rural,Commercial,0,477.0,477.0
C00265,2,1907.94,1649.57,1244.55,663.4,225.95,12.432,0.943,19,28,Urban,Industrial,0,1649.57,1649.57
C00526,3,203.12,141.64,121.08,82.04,232.87,1.287,0.941,9,28,Semi-Urban,Residential,0,145.355,145.355
C01372,1,136.2,,75.55,60.65,232.33,0.849,0.959,4,29,Rural,Residential,0,,
C00130,2,764.58,726.89,507.01,257.57,224.68,5.046,0.937,4,30,Urban,Commercial,0,726.89,726.89
C01184,2,502.02,349.78,289.55,212.47,229.83,3.538,0.857,9,29,Urban,Commercial,0,349.78,349.78
C00915,3,2384.12,1841.31,1622.71,761.41,228.63,16.002,0.905,4,30,Urban,Industrial,0,1826.44,1826.44
C01040,2,276.19,298.55,186.24,89.95,236.27,1.917,0.847,1,29,Urban,Residential,0,298.55,298.55
C01174,4,228.37,173.23,148.98,79.38,236.0,1.455,0.924,8,30,Semi-Urban,Residential,0,173.17,173.17
C00436,3,236.99,231.78,168.95,68.04,230.55,1.752,0.815,18,30,Urban,Residential,0,257.64,257.64
C01253,2,154.39,131.12,110.66,43.73,227.72,0.951,0.99,7,30,Urban,Residential,0,131.12,131.12
C01406,4,1122.46,911.2,684.33,438.13,227.99,7.219,0.947,14,29,Rural,Commercial,0,901.9266666666666,901.9266666666666
C01466,3,4889.03,4201.33,3166.81,1722.23,235.15,30.729,0.94,16,28,Urban,Industrial,0,4404.71,4404.71
C00899,6,6300.7,5382.72,3638.3,2662.4,229.16,40.309,0.947,2,28,Semi-Urban,Industrial,0,5274.543333333334,4929.49
C01474,1,169.26,,97.4,71.85,240.84,1.032,0.946,8,29,Semi-Urban,Residential,0,,
C00649,3,176.43,129.71,111.9,64.54,227.57,1.23,0.875,16,29,Semi-Urban,Residential,0,138.4,138.4
C00593,5,950.55,829.68,629.08,321.47,232.9,5.834,0.972,11,30,Semi-Urban,Commercial,0,839.3166666666666,809.2625
C00255,5,237.7,269.72,135.53,102.17,226.46,1.643,0.887,10,30,Urban,Residential,0,212.95000000000002,206.1775
C00212,2,925.7,1097.59,673.49,252.21,234.38,5.884,0.932,13,30,Rural,Commercial,0,1097.59,1097.59
C01290,1,3595.91,,2448.5,1147.42,229.85,22.3,0.974,11,30,Urban,Industrial,0,,
C00317,4,469.34,387.94,344.37,124.96,235.56,3.082,0.898,13,30,Semi-Urban,Commercial,0,414.3433333333333,414.3433333333333
C00777,3,892.68,972.58,587.59,305.09,234.89,5.623,0.939,15,30,Urban,Commercial,0,896.26,896.26
C00501,6,228.7,260.26,66.03,162.67,232.32,1.51,0.906,5,30,Urban,Residential,1,292.01,253.49
C00456,5,161.5,130.02,116.85,44.65,238.21,1.027,0.917,4,29,Rural,Residential,0,124.08333333333333,120.265
C00032,4,285.17,224.08,207.27,77.9,236.03,1.794,0.935,13,29,Semi-Urban,Residential,0,211.8166666666667,211.8166666666667
C00458,6,999.15,1145.49,575.15,424.0,229.12,6.367,0.951,7,29,Rural,Commercial,1,817.8366666666667,800.6659999999999
C00342,2,264.0,317.81,166.75,97.25,221.54,1.825,0.907,0,30,Semi-Urban,Residential,0,317.81,317.81
C01309,2,112.15,100.57,63.16,48.99,218.1,0.768,0.93,17,29,Rural,Residential,0,100.57,100.57
C00427,3,200.5,248.6,146.53,53.97,236.05,1.762,0.669,9,30,Semi-Urban,Residential,1,241.23000000000002,241.23000000000002
C01445,3,130.7,137.48,91.86,38.84,231.27,0.848,0.926,5,28,Semi-Urban,Residential,0,141.37,141.37
C01067,1,253.65,,165.61,88.04,224.13,1.8,0.873,3,30,Semi-Urban,Residential,0,,
C00565,2,2929.84,3114.42,1763.04,1166.8,228.2,18.535,0.962,5,30,Semi-Urban,Industrial,0,3114.42,3114.42
C00760,2,271.49,216.28,162.62,108.87,230.31,1.836,0.892,19,30,Urban,Residential,0,216.28,216.28
C00198,3,198.34,190.6,132.49,65.86,230.81,1.218,0.98,16,29,Rural,Residential,0,184.905,184.905
C01071,1,254.65,,143.1,111.56,231.88,1.725,0.884,18,29,Urban,Residential,0,,
C00842,6,629.28,669.67,442.07,187.2,235.19,3.831,0.97,13,28,Urban,Commercial,0,689.0099999999999,637.126
C00886,2,668.54,737.31,489.03,179.51,228.67,4.284,0.948,10,29,Urban,Commercial,0,737.31,737.31
C00406,4,336.72,324.15,208.76,127.97,236.09,2.106,0.94,17,29,Urban,Residential,0,313.9866666666667,313.9866666666667
C01159,2,222.84,200.64,148.42,74.42,239.21,1.374,0.942,7,30,Urban,Residential,0,200.64,200.64
C00129,2,175.18,210.78,96.98,78.2,,1.216,0.88,6,29,Urban,Residential,0,210.78,210.78
C00281,6,343.39,348.37,209.61,133.79,234.41,2.236,0.91,15,29,Urban,Residential,0,312.24,297.036
C01388,1,270.18,,149.68,120.5,230.27,1.773,0.919,6,30,Urban,Residential,0,,
C00930,5,402.51,153.35,253.7,148.8,227.18,2.596,0.948,16,30,Urban,Residential,0,240.15666666666667,241.51500000000001
C00738,5,155.01,152.38,93.56,61.45,235.26,0.938,0.976,18,30,Urban,Residential,0,131.05666666666667,129.4525
C00078,5,1376.33,1479.08,884.7,491.63,230.89,9.371,0.884,15,28,Rural,Commercial,0,1228.7966666666666,1158.4499999999998
C01045,2,1875.69,1912.44,1160.26,715.43,237.15,11.554,0.951,7,30,Semi-Urban,Industrial,0,1912.44,1912.44
C00956,5,295.34,362.17,213.49,81.85,,1.861,0.944,6,30,Semi-Urban,Residential,0,309.5933333333333,291.2875
C00866,2,434.69,431.88,263.12,171.57,229.43,2.875,0.915,10,29,Semi-Urban,Commercial,0,431.88,431.88
C00899,3,5034.46,4182.64,3775.64,1258.82,229.69,33.964,0.896,2,30,Semi-Urban,Industrial,0,4411.91,4411.91
C00144,3,127.53,124.07,91.46,36.07,222.08,0.913,0.874,7,28,Rural,Residential,0,123.44,123.44
C01212,5,238.26,266.56,173.61,64.66,219.4,1.524,0.99,8,30,Urban,Residential,0,214.72333333333336,207.79000000000002
